"tissueClass","tissueId","displayGroup","anatomicalRegion","anatomicalName","functionalDescription","isTrueJoint","supportsLaterality","supportedLoadDimensions","defaultScopePolicy","catalogVersion","catalogEvidenceType","catalogVerificationStatus","sourceRefs","catalogNotes"
"FASCIA","PLANTAR_FASCIA","AnkleFoot","ANKLE_FOOT","PLANTAR_FASCIA","","false","true","TENSILE_LOAD|CYCLIC_LOAD|ENERGY_STORAGE_RELEASE|COMPRESSIVE_LOAD|LOADING_RATE|STRETCH_UNDER_LOAD","REVIEW_REQUIRED","tissue_load_v1","STANDARD_TERMINOLOGY_SOURCE","UNVERIFIED","","Foundation anatomy identity only; no exercise-load claim."
"FASCIA","THORACOLUMBAR_FASCIA","Spine","TRUNK","THORACOLUMBAR_FASCIA","","false","false","TENSILE_LOAD|CYCLIC_LOAD|ENERGY_STORAGE_RELEASE|COMPRESSIVE_LOAD|LOADING_RATE|STRETCH_UNDER_LOAD","REVIEW_REQUIRED","tissue_load_v1","STANDARD_TERMINOLOGY_SOURCE","UNVERIFIED","","Foundation anatomy identity only; no exercise-load claim."
"JOINT","ACROMIOCLAVICULAR","Shoulder","SHOULDER","ACROMIOCLAVICULAR","","true","true","COMPRESSION|ANTERIOR_POSTERIOR_SHEAR|ROTATIONAL_SHEAR|IMPACT_IMPULSE|STABILITY_DEMAND|END_RANGE_STRESS|CYCLIC_MECHANICAL_EXPOSURE","REVIEW_REQUIRED","tissue_load_v1","STANDARD_TERMINOLOGY_SOURCE","UNVERIFIED","","Foundation anatomy identity only; no exercise-load claim."
"JOINT","ANKLE_SUBTALAR","AnkleFoot","ANKLE_FOOT","ANKLE_SUBTALAR","","true","true","COMPRESSION|ANTERIOR_POSTERIOR_SHEAR|ROTATIONAL_SHEAR|IMPACT_IMPULSE|STABILITY_DEMAND|END_RANGE_STRESS|CYCLIC_MECHANICAL_EXPOSURE","REVIEW_REQUIRED","tissue_load_v1","STANDARD_TERMINOLOGY_SOURCE","UNVERIFIED","","Foundation anatomy identity only; no exercise-load claim."
"JOINT","ANKLE_TALOCRURAL","AnkleFoot","ANKLE_FOOT","ANKLE_TALOCRURAL","","true","true","COMPRESSION|ANTERIOR_POSTERIOR_SHEAR|ROTATIONAL_SHEAR|IMPACT_IMPULSE|STABILITY_DEMAND|END_RANGE_STRESS|CYCLIC_MECHANICAL_EXPOSURE","REVIEW_REQUIRED","tissue_load_v1","STANDARD_TERMINOLOGY_SOURCE","UNVERIFIED","","Foundation anatomy identity only; no exercise-load claim."
"JOINT","CERVICAL_SPINE","Spine","SPINE","CERVICAL_SPINE","","false","false","COMPRESSION|ANTERIOR_POSTERIOR_SHEAR|ROTATIONAL_SHEAR|IMPACT_IMPULSE|STABILITY_DEMAND|END_RANGE_STRESS|CYCLIC_MECHANICAL_EXPOSURE","REVIEW_REQUIRED","tissue_load_v1","STANDARD_TERMINOLOGY_SOURCE","UNVERIFIED","","Foundation anatomy identity only; no exercise-load claim."
"JOINT","DISTAL_RADIOULNAR","ElbowWristHand","FOREARM_WRIST_HAND","DISTAL_RADIOULNAR","","true","true","COMPRESSION|ANTERIOR_POSTERIOR_SHEAR|ROTATIONAL_SHEAR|IMPACT_IMPULSE|STABILITY_DEMAND|END_RANGE_STRESS|CYCLIC_MECHANICAL_EXPOSURE","REVIEW_REQUIRED","tissue_load_v1","STANDARD_TERMINOLOGY_SOURCE","UNVERIFIED","","Foundation anatomy identity only; no exercise-load claim."
"JOINT","FIRST_MTP","AnkleFoot","ANKLE_FOOT","FIRST_MTP","","true","true","COMPRESSION|ANTERIOR_POSTERIOR_SHEAR|ROTATIONAL_SHEAR|IMPACT_IMPULSE|STABILITY_DEMAND|END_RANGE_STRESS|CYCLIC_MECHANICAL_EXPOSURE","REVIEW_REQUIRED","tissue_load_v1","STANDARD_TERMINOLOGY_SOURCE","UNVERIFIED","","Foundation anatomy identity only; no exercise-load claim."
"JOINT","GLENOHUMERAL","Shoulder","SHOULDER","GLENOHUMERAL","","true","true","COMPRESSION|ANTERIOR_POSTERIOR_SHEAR|ROTATIONAL_SHEAR|IMPACT_IMPULSE|STABILITY_DEMAND|END_RANGE_STRESS|CYCLIC_MECHANICAL_EXPOSURE","REVIEW_REQUIRED","tissue_load_v1","STANDARD_TERMINOLOGY_SOURCE","UNVERIFIED","","Foundation anatomy identity only; no exercise-load claim."
"JOINT","HAND_MCP_IP_COMPLEX","ElbowWristHand","HAND","HAND_MCP_IP_COMPLEX","","true","true","COMPRESSION|ANTERIOR_POSTERIOR_SHEAR|ROTATIONAL_SHEAR|IMPACT_IMPULSE|STABILITY_DEMAND|END_RANGE_STRESS|CYCLIC_MECHANICAL_EXPOSURE","REVIEW_REQUIRED","tissue_load_v1","STANDARD_TERMINOLOGY_SOURCE","UNVERIFIED","","Foundation anatomy identity only; no exercise-load claim."
"JOINT","HIP","Hip","HIP","HIP","","true","true","COMPRESSION|ANTERIOR_POSTERIOR_SHEAR|ROTATIONAL_SHEAR|IMPACT_IMPULSE|STABILITY_DEMAND|END_RANGE_STRESS|CYCLIC_MECHANICAL_EXPOSURE","REVIEW_REQUIRED","tissue_load_v1","STANDARD_TERMINOLOGY_SOURCE","UNVERIFIED","","Foundation anatomy identity only; no exercise-load claim."
"JOINT","HUMERORADIAL","ElbowWristHand","ELBOW","HUMERORADIAL","","true","true","COMPRESSION|ANTERIOR_POSTERIOR_SHEAR|ROTATIONAL_SHEAR|IMPACT_IMPULSE|STABILITY_DEMAND|END_RANGE_STRESS|CYCLIC_MECHANICAL_EXPOSURE","REVIEW_REQUIRED","tissue_load_v1","STANDARD_TERMINOLOGY_SOURCE","UNVERIFIED","","Foundation anatomy identity only; no exercise-load claim."
"JOINT","HUMEROULNAR","ElbowWristHand","ELBOW","HUMEROULNAR","","true","true","COMPRESSION|ANTERIOR_POSTERIOR_SHEAR|ROTATIONAL_SHEAR|IMPACT_IMPULSE|STABILITY_DEMAND|END_RANGE_STRESS|CYCLIC_MECHANICAL_EXPOSURE","REVIEW_REQUIRED","tissue_load_v1","STANDARD_TERMINOLOGY_SOURCE","UNVERIFIED","","Foundation anatomy identity only; no exercise-load claim."
"JOINT","KNEE_PATELLOFEMORAL","Knee","KNEE","KNEE_PATELLOFEMORAL","","true","true","COMPRESSION|PEAK_COMPRESSION|COMPRESSION_IMPULSE|COMPRESSION_LOADING_RATE|ANTERIOR_POSTERIOR_SHEAR|ROTATIONAL_SHEAR|IMPACT_IMPULSE|STABILITY_DEMAND|END_RANGE_STRESS|CYCLIC_MECHANICAL_EXPOSURE","REVIEW_REQUIRED","tissue_load_v1","STANDARD_TERMINOLOGY_SOURCE","UNVERIFIED","","Foundation anatomy identity only; explicit PFJ peak, impulse, and loading-rate dimensions prevent ambiguous composite-index use."
"JOINT","KNEE_TIBIOFEMORAL","Knee","KNEE","KNEE_TIBIOFEMORAL","","true","true","COMPRESSION|ANTERIOR_POSTERIOR_SHEAR|ROTATIONAL_SHEAR|IMPACT_IMPULSE|STABILITY_DEMAND|END_RANGE_STRESS|CYCLIC_MECHANICAL_EXPOSURE","REVIEW_REQUIRED","tissue_load_v1","STANDARD_TERMINOLOGY_SOURCE","UNVERIFIED","","Foundation anatomy identity only; no exercise-load claim."
"JOINT","LUMBAR_SPINE","Spine","SPINE","LUMBAR_SPINE","","false","false","COMPRESSION|ANTERIOR_POSTERIOR_SHEAR|ROTATIONAL_SHEAR|IMPACT_IMPULSE|STABILITY_DEMAND|END_RANGE_STRESS|CYCLIC_MECHANICAL_EXPOSURE","REVIEW_REQUIRED","tissue_load_v1","STANDARD_TERMINOLOGY_SOURCE","UNVERIFIED","","Foundation anatomy identity only; no exercise-load claim."
"JOINT","MIDFOOT","AnkleFoot","ANKLE_FOOT","MIDFOOT","","true","true","COMPRESSION|ANTERIOR_POSTERIOR_SHEAR|ROTATIONAL_SHEAR|IMPACT_IMPULSE|STABILITY_DEMAND|END_RANGE_STRESS|CYCLIC_MECHANICAL_EXPOSURE","REVIEW_REQUIRED","tissue_load_v1","STANDARD_TERMINOLOGY_SOURCE","UNVERIFIED","","Foundation anatomy identity only; no exercise-load claim."
"JOINT","PROXIMAL_RADIOULNAR","ElbowWristHand","FOREARM","PROXIMAL_RADIOULNAR","","true","true","COMPRESSION|ANTERIOR_POSTERIOR_SHEAR|ROTATIONAL_SHEAR|IMPACT_IMPULSE|STABILITY_DEMAND|END_RANGE_STRESS|CYCLIC_MECHANICAL_EXPOSURE","REVIEW_REQUIRED","tissue_load_v1","STANDARD_TERMINOLOGY_SOURCE","UNVERIFIED","","Foundation anatomy identity only; no exercise-load claim."
"JOINT","RADIOCARPAL_WRIST","ElbowWristHand","WRIST","RADIOCARPAL_WRIST","","true","true","COMPRESSION|ANTERIOR_POSTERIOR_SHEAR|ROTATIONAL_SHEAR|IMPACT_IMPULSE|STABILITY_DEMAND|END_RANGE_STRESS|CYCLIC_MECHANICAL_EXPOSURE","REVIEW_REQUIRED","tissue_load_v1","STANDARD_TERMINOLOGY_SOURCE","UNVERIFIED","","Foundation anatomy identity only; no exercise-load claim."
"JOINT","SACROILIAC_COMPLEX","Pelvis","PELVIS","SACROILIAC_COMPLEX","","true","true","COMPRESSION|ANTERIOR_POSTERIOR_SHEAR|ROTATIONAL_SHEAR|IMPACT_IMPULSE|STABILITY_DEMAND|END_RANGE_STRESS|CYCLIC_MECHANICAL_EXPOSURE","REVIEW_REQUIRED","tissue_load_v1","STANDARD_TERMINOLOGY_SOURCE","UNVERIFIED","","Foundation anatomy identity only; no exercise-load claim."
"JOINT","SCAPULOTHORACIC_FUNCTIONAL_COMPLEX","Shoulder","SHOULDER","SCAPULOTHORACIC_FUNCTIONAL_COMPLEX","","false","true","COMPRESSION|ANTERIOR_POSTERIOR_SHEAR|ROTATIONAL_SHEAR|IMPACT_IMPULSE|STABILITY_DEMAND|END_RANGE_STRESS|CYCLIC_MECHANICAL_EXPOSURE","REVIEW_REQUIRED","tissue_load_v1","STANDARD_TERMINOLOGY_SOURCE","UNVERIFIED","","Foundation anatomy identity only; no exercise-load claim."
"JOINT","THORACIC_SPINE","Spine","SPINE","THORACIC_SPINE","","false","false","COMPRESSION|ANTERIOR_POSTERIOR_SHEAR|ROTATIONAL_SHEAR|IMPACT_IMPULSE|STABILITY_DEMAND|END_RANGE_STRESS|CYCLIC_MECHANICAL_EXPOSURE","REVIEW_REQUIRED","tissue_load_v1","STANDARD_TERMINOLOGY_SOURCE","UNVERIFIED","","Foundation anatomy identity only; no exercise-load claim."
"LIGAMENT","ACROMIOCLAVICULAR_LIGAMENT_COMPLEX","Shoulder","SHOULDER","ACROMIOCLAVICULAR_LIGAMENT_COMPLEX","","false","true","END_RANGE_RESTRAINT|IMPACT_STABILIZATION","REVIEW_REQUIRED","tissue_load_v1","STANDARD_TERMINOLOGY_SOURCE","UNVERIFIED","","Foundation anatomy identity only; no exercise-load claim."
"LIGAMENT","ANKLE_DELTOID_LIGAMENT","AnkleFoot","ANKLE_FOOT","ANKLE_DELTOID_LIGAMENT","","false","true","EVERSION|END_RANGE_RESTRAINT|IMPACT_STABILIZATION","REVIEW_REQUIRED","tissue_load_v1","STANDARD_TERMINOLOGY_SOURCE","UNVERIFIED","","Foundation anatomy identity only; no exercise-load claim."
"LIGAMENT","ANKLE_LATERAL_LIGAMENT_COMPLEX","AnkleFoot","ANKLE_FOOT","ANKLE_LATERAL_LIGAMENT_COMPLEX","","false","true","INVERSION|END_RANGE_RESTRAINT|IMPACT_STABILIZATION","REVIEW_REQUIRED","tissue_load_v1","STANDARD_TERMINOLOGY_SOURCE","UNVERIFIED","","Foundation anatomy identity only; no exercise-load claim."
"LIGAMENT","ANKLE_SYNDESMOSIS","AnkleFoot","ANKLE_FOOT","ANKLE_SYNDESMOSIS","","false","true","EXTERNAL_ROTATION|END_RANGE_RESTRAINT|IMPACT_STABILIZATION","REVIEW_REQUIRED","tissue_load_v1","STANDARD_TERMINOLOGY_SOURCE","UNVERIFIED","","Foundation anatomy identity only; no exercise-load claim."
"LIGAMENT","ELBOW_LCL","ElbowWristHand","ELBOW","ELBOW_LCL","","false","true","VARUS|END_RANGE_RESTRAINT|IMPACT_STABILIZATION","REVIEW_REQUIRED","tissue_load_v1","STANDARD_TERMINOLOGY_SOURCE","UNVERIFIED","","Foundation anatomy identity only; no exercise-load claim."
"LIGAMENT","ELBOW_UCL","ElbowWristHand","ELBOW","ELBOW_UCL","","false","true","VALGUS|END_RANGE_RESTRAINT|IMPACT_STABILIZATION","REVIEW_REQUIRED","tissue_load_v1","STANDARD_TERMINOLOGY_SOURCE","UNVERIFIED","","Foundation anatomy identity only; no exercise-load claim."
"LIGAMENT","GLENOHUMERAL_CAPSULOLIGAMENTOUS_COMPLEX","Shoulder","SHOULDER","GLENOHUMERAL_CAPSULOLIGAMENTOUS_COMPLEX","","false","true","ANTERIOR_TRANSLATION|POSTERIOR_TRANSLATION|INTERNAL_ROTATION|EXTERNAL_ROTATION|END_RANGE_RESTRAINT","REVIEW_REQUIRED","tissue_load_v1","STANDARD_TERMINOLOGY_SOURCE","UNVERIFIED","","Foundation anatomy identity only; no exercise-load claim."
"LIGAMENT","HIP_CAPSULOLIGAMENTOUS_COMPLEX","Hip","HIP","HIP_CAPSULOLIGAMENTOUS_COMPLEX","","false","true","INTERNAL_ROTATION|EXTERNAL_ROTATION|END_RANGE_RESTRAINT|IMPACT_STABILIZATION","REVIEW_REQUIRED","tissue_load_v1","STANDARD_TERMINOLOGY_SOURCE","UNVERIFIED","","Foundation anatomy identity only; no exercise-load claim."
"LIGAMENT","KNEE_ACL","Knee","KNEE","KNEE_ACL","","false","true","ANTERIOR_TRANSLATION|INTERNAL_ROTATION|DECELERATION_STABILIZATION|IMPACT_STABILIZATION","REVIEW_REQUIRED","tissue_load_v1","STANDARD_TERMINOLOGY_SOURCE","UNVERIFIED","","Foundation anatomy identity only; no exercise-load claim."
"LIGAMENT","KNEE_LCL","Knee","KNEE","KNEE_LCL","","false","true","VARUS|EXTERNAL_ROTATION|DECELERATION_STABILIZATION|IMPACT_STABILIZATION","REVIEW_REQUIRED","tissue_load_v1","STANDARD_TERMINOLOGY_SOURCE","UNVERIFIED","","Foundation anatomy identity only; no exercise-load claim."
"LIGAMENT","KNEE_MCL","Knee","KNEE","KNEE_MCL","","false","true","VALGUS|INTERNAL_ROTATION|DECELERATION_STABILIZATION|IMPACT_STABILIZATION","REVIEW_REQUIRED","tissue_load_v1","STANDARD_TERMINOLOGY_SOURCE","UNVERIFIED","","Foundation anatomy identity only; no exercise-load claim."
"LIGAMENT","KNEE_MPFL","Knee","KNEE","KNEE_MPFL","","false","true","END_RANGE_RESTRAINT|IMPACT_STABILIZATION","REVIEW_REQUIRED","tissue_load_v1","STANDARD_TERMINOLOGY_SOURCE","UNVERIFIED","","Foundation anatomy identity only; no exercise-load claim."
"LIGAMENT","KNEE_PCL","Knee","KNEE","KNEE_PCL","","false","true","POSTERIOR_TRANSLATION|DECELERATION_STABILIZATION|IMPACT_STABILIZATION","REVIEW_REQUIRED","tissue_load_v1","STANDARD_TERMINOLOGY_SOURCE","UNVERIFIED","","Foundation anatomy identity only; no exercise-load claim."
"LIGAMENT","MIDFOOT_LISFRANC_COMPLEX","AnkleFoot","ANKLE_FOOT","MIDFOOT_LISFRANC_COMPLEX","","false","true","END_RANGE_RESTRAINT|IMPACT_STABILIZATION","REVIEW_REQUIRED","tissue_load_v1","STANDARD_TERMINOLOGY_SOURCE","UNVERIFIED","","Foundation anatomy identity only; no exercise-load claim."
"LIGAMENT","SACROILIAC_LIGAMENT_COMPLEX","Pelvis","PELVIS","SACROILIAC_LIGAMENT_COMPLEX","","false","true","END_RANGE_RESTRAINT|IMPACT_STABILIZATION","REVIEW_REQUIRED","tissue_load_v1","STANDARD_TERMINOLOGY_SOURCE","UNVERIFIED","","Foundation anatomy identity only; no exercise-load claim."
"LIGAMENT","WRIST_LIGAMENT_TFCC_COMPLEX","ElbowWristHand","WRIST","WRIST_LIGAMENT_TFCC_COMPLEX","","false","true","END_RANGE_RESTRAINT|IMPACT_STABILIZATION","REVIEW_REQUIRED","tissue_load_v1","STANDARD_TERMINOLOGY_SOURCE","UNVERIFIED","","Foundation anatomy identity only; no exercise-load claim."
"TENDON","ACHILLES_TENDON","AnkleFoot","ANKLE_FOOT","ACHILLES_TENDON","","false","true","PEAK_TENSILE_LOAD|CYCLIC_TENSILE_LOAD|ECCENTRIC_LOAD|ENERGY_STORAGE_RELEASE|COMPRESSIVE_TENDON_LOAD|LOADING_RATE|ISOMETRIC_DURATION|STRETCH_UNDER_LOAD","REVIEW_REQUIRED","tissue_load_v1","STANDARD_TERMINOLOGY_SOURCE","UNVERIFIED","","Foundation anatomy identity only; no exercise-load claim."
"TENDON","ADDUCTOR_TENDON_GROUP","Hip","HIP","ADDUCTOR_TENDON_GROUP","","false","true","PEAK_TENSILE_LOAD|CYCLIC_TENSILE_LOAD|ECCENTRIC_LOAD|ENERGY_STORAGE_RELEASE|COMPRESSIVE_TENDON_LOAD|LOADING_RATE|ISOMETRIC_DURATION|STRETCH_UNDER_LOAD","REVIEW_REQUIRED","tissue_load_v1","STANDARD_TERMINOLOGY_SOURCE","UNVERIFIED","","Foundation anatomy identity only; no exercise-load claim."
"TENDON","COMMON_EXTENSOR_TENDON","ElbowWristHand","ELBOW","COMMON_EXTENSOR_TENDON","","false","true","PEAK_TENSILE_LOAD|CYCLIC_TENSILE_LOAD|ECCENTRIC_LOAD|ENERGY_STORAGE_RELEASE|COMPRESSIVE_TENDON_LOAD|LOADING_RATE|ISOMETRIC_DURATION|STRETCH_UNDER_LOAD","REVIEW_REQUIRED","tissue_load_v1","STANDARD_TERMINOLOGY_SOURCE","UNVERIFIED","","Foundation anatomy identity only; no exercise-load claim."
"TENDON","COMMON_FLEXOR_TENDON","ElbowWristHand","ELBOW","COMMON_FLEXOR_TENDON","","false","true","PEAK_TENSILE_LOAD|CYCLIC_TENSILE_LOAD|ECCENTRIC_LOAD|ENERGY_STORAGE_RELEASE|COMPRESSIVE_TENDON_LOAD|LOADING_RATE|ISOMETRIC_DURATION|STRETCH_UNDER_LOAD","REVIEW_REQUIRED","tissue_load_v1","STANDARD_TERMINOLOGY_SOURCE","UNVERIFIED","","Foundation anatomy identity only; no exercise-load claim."
"TENDON","DISTAL_BICEPS_TENDON","ElbowWristHand","ELBOW","DISTAL_BICEPS_TENDON","","false","true","PEAK_TENSILE_LOAD|CYCLIC_TENSILE_LOAD|ECCENTRIC_LOAD|ENERGY_STORAGE_RELEASE|COMPRESSIVE_TENDON_LOAD|LOADING_RATE|ISOMETRIC_DURATION|STRETCH_UNDER_LOAD","REVIEW_REQUIRED","tissue_load_v1","STANDARD_TERMINOLOGY_SOURCE","UNVERIFIED","","Foundation anatomy identity only; no exercise-load claim."
"TENDON","DISTAL_HAMSTRING_TENDON","Knee","KNEE","DISTAL_HAMSTRING_TENDON","","false","true","PEAK_TENSILE_LOAD|CYCLIC_TENSILE_LOAD|ECCENTRIC_LOAD|ENERGY_STORAGE_RELEASE|COMPRESSIVE_TENDON_LOAD|LOADING_RATE|ISOMETRIC_DURATION|STRETCH_UNDER_LOAD","REVIEW_REQUIRED","tissue_load_v1","STANDARD_TERMINOLOGY_SOURCE","UNVERIFIED","","Foundation anatomy identity only; no exercise-load claim."
"TENDON","GLUTEUS_MAXIMUS_TENDON","Hip","HIP","GLUTEUS_MAXIMUS_TENDON","","false","true","PEAK_TENSILE_LOAD|CYCLIC_TENSILE_LOAD|ECCENTRIC_LOAD|ENERGY_STORAGE_RELEASE|COMPRESSIVE_TENDON_LOAD|LOADING_RATE|ISOMETRIC_DURATION|STRETCH_UNDER_LOAD","REVIEW_REQUIRED","tissue_load_v1","STANDARD_TERMINOLOGY_SOURCE","UNVERIFIED","","Foundation anatomy identity only; no exercise-load claim."
"TENDON","GLUTEUS_MEDIUS_MINIMUS_TENDON","Hip","HIP","GLUTEUS_MEDIUS_MINIMUS_TENDON","","false","true","PEAK_TENSILE_LOAD|CYCLIC_TENSILE_LOAD|ECCENTRIC_LOAD|ENERGY_STORAGE_RELEASE|COMPRESSIVE_TENDON_LOAD|LOADING_RATE|ISOMETRIC_DURATION|STRETCH_UNDER_LOAD","REVIEW_REQUIRED","tissue_load_v1","STANDARD_TERMINOLOGY_SOURCE","UNVERIFIED","","Foundation anatomy identity only; no exercise-load claim."
"TENDON","ILIOPSOAS_TENDON","Hip","HIP","ILIOPSOAS_TENDON","","false","true","PEAK_TENSILE_LOAD|CYCLIC_TENSILE_LOAD|ECCENTRIC_LOAD|ENERGY_STORAGE_RELEASE|COMPRESSIVE_TENDON_LOAD|LOADING_RATE|ISOMETRIC_DURATION|STRETCH_UNDER_LOAD","REVIEW_REQUIRED","tissue_load_v1","STANDARD_TERMINOLOGY_SOURCE","UNVERIFIED","","Foundation anatomy identity only; no exercise-load claim."
"TENDON","LONG_HEAD_BICEPS_TENDON","Shoulder","SHOULDER","LONG_HEAD_BICEPS_TENDON","","false","true","PEAK_TENSILE_LOAD|CYCLIC_TENSILE_LOAD|ECCENTRIC_LOAD|ENERGY_STORAGE_RELEASE|COMPRESSIVE_TENDON_LOAD|LOADING_RATE|ISOMETRIC_DURATION|STRETCH_UNDER_LOAD","REVIEW_REQUIRED","tissue_load_v1","STANDARD_TERMINOLOGY_SOURCE","UNVERIFIED","","Foundation anatomy identity only; no exercise-load claim."
"TENDON","PATELLAR_TENDON","Knee","KNEE","PATELLAR_TENDON","","false","true","PEAK_TENSILE_LOAD|TENDON_STRAIN|CYCLIC_TENSILE_LOAD|ECCENTRIC_LOAD|ENERGY_STORAGE_RELEASE|COMPRESSIVE_TENDON_LOAD|LOADING_RATE|ISOMETRIC_DURATION|STRETCH_UNDER_LOAD","REVIEW_REQUIRED","tissue_load_v1","STANDARD_TERMINOLOGY_SOURCE","UNVERIFIED","","Foundation anatomy identity only; tendon strain remains distinct from modeled tendon force."
"TENDON","PECTORALIS_MAJOR_TENDON","Shoulder","SHOULDER","PECTORALIS_MAJOR_TENDON","","false","true","PEAK_TENSILE_LOAD|CYCLIC_TENSILE_LOAD|ECCENTRIC_LOAD|ENERGY_STORAGE_RELEASE|COMPRESSIVE_TENDON_LOAD|LOADING_RATE|ISOMETRIC_DURATION|STRETCH_UNDER_LOAD","REVIEW_REQUIRED","tissue_load_v1","STANDARD_TERMINOLOGY_SOURCE","UNVERIFIED","","Foundation anatomy identity only; no exercise-load claim."
"TENDON","PERONEAL_TENDON_GROUP","AnkleFoot","ANKLE_FOOT","PERONEAL_TENDON_GROUP","","false","true","PEAK_TENSILE_LOAD|CYCLIC_TENSILE_LOAD|ECCENTRIC_LOAD|ENERGY_STORAGE_RELEASE|COMPRESSIVE_TENDON_LOAD|LOADING_RATE|ISOMETRIC_DURATION|STRETCH_UNDER_LOAD","REVIEW_REQUIRED","tissue_load_v1","STANDARD_TERMINOLOGY_SOURCE","UNVERIFIED","","Foundation anatomy identity only; no exercise-load claim."
"TENDON","POSTERIOR_ROTATOR_CUFF_TENDON","Shoulder","SHOULDER","POSTERIOR_ROTATOR_CUFF_TENDON","","false","true","PEAK_TENSILE_LOAD|CYCLIC_TENSILE_LOAD|ECCENTRIC_LOAD|ENERGY_STORAGE_RELEASE|COMPRESSIVE_TENDON_LOAD|LOADING_RATE|ISOMETRIC_DURATION|STRETCH_UNDER_LOAD","REVIEW_REQUIRED","tissue_load_v1","STANDARD_TERMINOLOGY_SOURCE","UNVERIFIED","","Foundation anatomy identity only; no exercise-load claim."
"TENDON","POSTERIOR_TIBIAL_TENDON","AnkleFoot","ANKLE_FOOT","POSTERIOR_TIBIAL_TENDON","","false","true","PEAK_TENSILE_LOAD|CYCLIC_TENSILE_LOAD|ECCENTRIC_LOAD|ENERGY_STORAGE_RELEASE|COMPRESSIVE_TENDON_LOAD|LOADING_RATE|ISOMETRIC_DURATION|STRETCH_UNDER_LOAD","REVIEW_REQUIRED","tissue_load_v1","STANDARD_TERMINOLOGY_SOURCE","UNVERIFIED","","Foundation anatomy identity only; no exercise-load claim."
"TENDON","PROXIMAL_HAMSTRING_TENDON","Hip","HIP","PROXIMAL_HAMSTRING_TENDON","","false","true","PEAK_TENSILE_LOAD|CYCLIC_TENSILE_LOAD|ECCENTRIC_LOAD|ENERGY_STORAGE_RELEASE|COMPRESSIVE_TENDON_LOAD|LOADING_RATE|ISOMETRIC_DURATION|STRETCH_UNDER_LOAD","REVIEW_REQUIRED","tissue_load_v1","STANDARD_TERMINOLOGY_SOURCE","UNVERIFIED","","Foundation anatomy identity only; no exercise-load claim."
"TENDON","QUADRICEPS_TENDON","Knee","KNEE","QUADRICEPS_TENDON","","false","true","PEAK_TENSILE_LOAD|CYCLIC_TENSILE_LOAD|ECCENTRIC_LOAD|ENERGY_STORAGE_RELEASE|COMPRESSIVE_TENDON_LOAD|LOADING_RATE|ISOMETRIC_DURATION|STRETCH_UNDER_LOAD","REVIEW_REQUIRED","tissue_load_v1","STANDARD_TERMINOLOGY_SOURCE","UNVERIFIED","","Foundation anatomy identity only; no exercise-load claim."
"TENDON","SUBSCAPULARIS_TENDON","Shoulder","SHOULDER","SUBSCAPULARIS_TENDON","","false","true","PEAK_TENSILE_LOAD|CYCLIC_TENSILE_LOAD|ECCENTRIC_LOAD|ENERGY_STORAGE_RELEASE|COMPRESSIVE_TENDON_LOAD|LOADING_RATE|ISOMETRIC_DURATION|STRETCH_UNDER_LOAD","REVIEW_REQUIRED","tissue_load_v1","STANDARD_TERMINOLOGY_SOURCE","UNVERIFIED","","Foundation anatomy identity only; no exercise-load claim."
"TENDON","SUPRASPINATUS_TENDON","Shoulder","SHOULDER","SUPRASPINATUS_TENDON","","false","true","PEAK_TENSILE_LOAD|CYCLIC_TENSILE_LOAD|ECCENTRIC_LOAD|ENERGY_STORAGE_RELEASE|COMPRESSIVE_TENDON_LOAD|LOADING_RATE|ISOMETRIC_DURATION|STRETCH_UNDER_LOAD","REVIEW_REQUIRED","tissue_load_v1","STANDARD_TERMINOLOGY_SOURCE","UNVERIFIED","","Foundation anatomy identity only; no exercise-load claim."
"TENDON","TIBIALIS_ANTERIOR_TENDON","AnkleFoot","ANKLE_FOOT","TIBIALIS_ANTERIOR_TENDON","","false","true","PEAK_TENSILE_LOAD|CYCLIC_TENSILE_LOAD|ECCENTRIC_LOAD|ENERGY_STORAGE_RELEASE|COMPRESSIVE_TENDON_LOAD|LOADING_RATE|ISOMETRIC_DURATION|STRETCH_UNDER_LOAD","REVIEW_REQUIRED","tissue_load_v1","STANDARD_TERMINOLOGY_SOURCE","UNVERIFIED","","Foundation anatomy identity only; no exercise-load claim."
"TENDON","TRICEPS_TENDON","ElbowWristHand","ELBOW","TRICEPS_TENDON","","false","true","PEAK_TENSILE_LOAD|CYCLIC_TENSILE_LOAD|ECCENTRIC_LOAD|ENERGY_STORAGE_RELEASE|COMPRESSIVE_TENDON_LOAD|LOADING_RATE|ISOMETRIC_DURATION|STRETCH_UNDER_LOAD","REVIEW_REQUIRED","tissue_load_v1","STANDARD_TERMINOLOGY_SOURCE","UNVERIFIED","","Foundation anatomy identity only; no exercise-load claim."
"TENDON","WRIST_EXTENSOR_TENDON_GROUP","ElbowWristHand","WRIST_HAND","WRIST_EXTENSOR_TENDON_GROUP","","false","true","PEAK_TENSILE_LOAD|CYCLIC_TENSILE_LOAD|ECCENTRIC_LOAD|ENERGY_STORAGE_RELEASE|COMPRESSIVE_TENDON_LOAD|LOADING_RATE|ISOMETRIC_DURATION|STRETCH_UNDER_LOAD","REVIEW_REQUIRED","tissue_load_v1","STANDARD_TERMINOLOGY_SOURCE","UNVERIFIED","","Foundation anatomy identity only; no exercise-load claim."
"TENDON","WRIST_FLEXOR_TENDON_GROUP","ElbowWristHand","WRIST_HAND","WRIST_FLEXOR_TENDON_GROUP","","false","true","PEAK_TENSILE_LOAD|CYCLIC_TENSILE_LOAD|ECCENTRIC_LOAD|ENERGY_STORAGE_RELEASE|COMPRESSIVE_TENDON_LOAD|LOADING_RATE|ISOMETRIC_DURATION|STRETCH_UNDER_LOAD","REVIEW_REQUIRED","tissue_load_v1","STANDARD_TERMINOLOGY_SOURCE","UNVERIFIED","","Foundation anatomy identity only; no exercise-load claim."
