"loadUnitStableKey","canonicalCode","canonicalNameKo","canonicalNameEn","tissueClass","primaryJointComplexStableKey","primaryJointComplexCode","primaryJointComplexNameKo","analysisResolution","primaryLoadModes","recoveryClass","splitPolicy","memberTissueCount","memberTissueCodes","memberTissueNamesKo","mappedExerciseCount","existingLowerExerciseCount","existingLowerScoreRows","researchRequiredRows","legacyAliases","exampleExercises","evidenceCodes","status","metadataVersion"
"lu_547a239ed2","lu_cervical_disc_endplate","경추 추간판·종판 복합체","Cervical disc-endplate complex","SPINAL_STRUCTURE","jc_bb531a278d","jc_cervical_spine","경추 복합체","GROUP","COMPRESSION|SHEAR|BENDING","SPINAL_COMPRESSION_SHEAR","GROUP","1","tissue_cervical_disc_endplate","경추 추간판·종판","8","0","0","8","","오버헤드 트라이셉스 익스텐션 | 원암 덤벨 오버헤드 트라이셉스 익스텐션 | 30초 반복 스매시 테스트 | 메디신볼 슬램 | 터키시 겟업 | 수영 | 메디신볼 오버헤드 슬램 | 케틀벨 헤일로","META01","ACTIVE","CTM-0.1"
"lu_97bee42c4e","lu_cervical_facet_joint","경추 후관절 복합체","Cervical facet joint complex","JOINT","jc_bb531a278d","jc_cervical_spine","경추 복합체","GROUP","CONTACT_PRESSURE|SHEAR|ROTATION","JOINT_CONTACT","GROUP","1","tissue_cervical_facet_joint","경추 후관절","8","0","0","8","","오버헤드 트라이셉스 익스텐션 | 원암 덤벨 오버헤드 트라이셉스 익스텐션 | 30초 반복 스매시 테스트 | 메디신볼 슬램 | 터키시 겟업 | 수영 | 메디신볼 오버헤드 슬램 | 케틀벨 헤일로","META01","ACTIVE","CTM-0.1"
"lu_c865eaa9a6","lu_cervical_posterior_ligament","경추 후방 인대 복합체","Cervical posterior ligament complex","LIGAMENT","jc_bb531a278d","jc_cervical_spine","경추 복합체","GROUP","TENSION|BENDING","LIGAMENT_STRAIN","GROUP","1","tissue_cervical_posterior_ligament","경추 후방 인대 복합체","4","0","0","4","","메디신볼 슬램 | 수영 | 메디신볼 오버헤드 슬램 | 케틀벨 헤일로","META01","ACTIVE","CTM-0.1"
"lu_6e950505da","lu_thoracic_disc_endplate","흉추 추간판·종판 복합체","Thoracic disc-endplate complex","SPINAL_STRUCTURE","jc_5c5aab6f67","jc_thoracic_spine_ribcage","흉추·흉곽 복합체","GROUP","COMPRESSION|SHEAR|TORSION","SPINAL_COMPRESSION_SHEAR","GROUP","1","tissue_thoracic_disc_endplate","흉추 추간판·종판","77","0","0","77","","Yates Row | 네거티브 풀업 | 덤벨 숄더프레스 | 등받이 없는 덤벨 시티드 숄더프레스 | 랫풀다운 | 리어델트 케이블 플라이 | 리어델트 플라이 | 링 로우 | 머신 숄더프레스 | 메도우즈 로우","META01","ACTIVE","CTM-0.1"
"lu_3f748b96b1","lu_thoracic_facet_costovertebral","흉추 후관절·늑골관절 복합체","Thoracic facet and costovertebral joint complex","JOINT","jc_5c5aab6f67","jc_thoracic_spine_ribcage","흉추·흉곽 복합체","GROUP","CONTACT_PRESSURE|TORSION|BENDING","JOINT_CONTACT","GROUP","2","tissue_thoracic_facet_joint | tissue_costovertebral_joint","흉추 후관절 | 늑골척추관절","77","0","0","77","","Yates Row | 네거티브 풀업 | 덤벨 숄더프레스 | 등받이 없는 덤벨 시티드 숄더프레스 | 랫풀다운 | 리어델트 케이블 플라이 | 리어델트 플라이 | 링 로우 | 머신 숄더프레스 | 메도우즈 로우","META01|U03","ACTIVE","CTM-0.1"
"lu_f037b5f8ea","lu_thoracolumbar_fascia","흉요근막 부하 단위","Thoracolumbar fascia load unit","FASCIA","jc_5c5aab6f67","jc_thoracic_spine_ribcage","흉추·흉곽 복합체","GROUP","TENSION|FORCE_TRANSFER|TORSION","FASCIA_LOAD","GROUP","1","tissue_thoracolumbar_fascia","흉요근막","69","0","0","69","","B-스탠스 RDL | Yates Row | 덤벨 루마니안 데드리프트 | 덤벨 숄더프레스 | 데드리프트 | 등받이 없는 덤벨 시티드 숄더프레스 | 루마니안 데드리프트 | 리어델트 케이블 플라이 | 리어델트 플라이 | 링 로우","S04|S23","ACTIVE","CTM-0.1"
"lu_d967354bce","lu_lumbar_disc_endplate","요추 추간판·종판 복합체(L4–S1)","Lumbar disc-endplate complex (L4-S1)","SPINAL_STRUCTURE","jc_209871f411","jc_lumbar_spine","요추 복합체","GROUP","COMPRESSION|SHEAR|BENDING","SPINAL_COMPRESSION_SHEAR","GROUP","1","tissue_lumbar_disc_endplate","요추 추간판·종판","104","40","40","64","척추구조:요추 추간판·종판 복합체(L4–S1)","B-스탠스 RDL | V업 | 덤벨 루마니안 데드리프트 | 데드리프트 | 루마니안 데드리프트 | 링 로우 | 마운틴 클라이머 | 버드독 | 슈퍼맨 | 아처 푸시업","S04|S23","ACTIVE","CTM-0.1"
"lu_ff559f42cd","lu_lumbar_facet_joint","요추 후관절","Lumbar facet joint","JOINT","jc_209871f411","jc_lumbar_spine","요추 복합체","GROUP","CONTACT_PRESSURE|SHEAR|EXTENSION","JOINT_CONTACT","GROUP","1","tissue_lumbar_facet_joint","요추 후관절","105","41","41","64","관절:요추 후관절","B-스탠스 RDL | V업 | 덤벨 루마니안 데드리프트 | 데드리프트 | 루마니안 데드리프트 | 링 로우 | 마운틴 클라이머 | 버드독 | 슈퍼맨 | 아처 푸시업","S04|S23","ACTIVE","CTM-0.1"
"lu_a18a644473","lu_lumbar_posterior_ligament","요추 후방 인대 복합체","Lumbar posterior ligament complex","LIGAMENT","jc_209871f411","jc_lumbar_spine","요추 복합체","GROUP","TENSION|BENDING|SHEAR","LIGAMENT_STRAIN","GROUP","1","tissue_lumbar_posterior_ligament","요추 후방 인대 복합체","76","40","40","36","인대:요추 후방 인대 복합체","B-스탠스 RDL | V업 | 덤벨 루마니안 데드리프트 | 데드리프트 | 루마니안 데드리프트 | 마운틴 클라이머 | 버드독 | 슈퍼맨 | 원암 덤벨 RDL | 캡틴체어 레그 레이즈","S04|S23","ACTIVE","CTM-0.1"
"lu_45688de60a","lu_sacroiliac_joint","천장관절 복합체","Sacroiliac joint complex","JOINT","jc_864898a64c","jc_pelvic_ring_sacroiliac","골반환·천장 복합체","GROUP","COMPRESSION|SHEAR|TORSION|FORCE_TRANSFER","JOINT_CONTACT","GROUP","1","tissue_sacroiliac_joint","천장관절","128","0","0","128","","B-스탠스 RDL | 덤벨 스텝업 | 래터럴 런지 | 런지 | 리닝 래터럴 레이즈 | 리버스 런지 | 리어풋 엘리베이티드 스플릿 스쿼트 | 마운틴 클라이머 | 메도우즈 로우 | 밴드 외회전","META01","ACTIVE","CTM-0.1"
"lu_0e8a3f133f","lu_sacroiliac_ligament","천장 인대 복합체","Sacroiliac ligament complex","LIGAMENT","jc_864898a64c","jc_pelvic_ring_sacroiliac","골반환·천장 복합체","GROUP","TENSION|SHEAR|TORSION","LIGAMENT_STRAIN","GROUP","1","tissue_sacroiliac_ligament","천장 인대 복합체","128","0","0","128","","B-스탠스 RDL | 덤벨 스텝업 | 래터럴 런지 | 런지 | 리닝 래터럴 레이즈 | 리버스 런지 | 리어풋 엘리베이티드 스플릿 스쿼트 | 마운틴 클라이머 | 메도우즈 로우 | 밴드 외회전","META01","ACTIVE","CTM-0.1"
"lu_c2a3d691c4","lu_pubic_symphysis","치골결합 섬유연골 복합체","Pubic symphysis fibrocartilage complex","FIBROCARTILAGE","jc_864898a64c","jc_pelvic_ring_sacroiliac","골반환·천장 복합체","GROUP","COMPRESSION|SHEAR|TORSION","FIBROCARTILAGE_COMPRESSION","GROUP","1","tissue_pubic_symphysis","치골결합","28","0","0","28","","래터럴 런지 | 힙 어덕션 | 힙 어브덕션 | 6방향 랜덤 콕줍기 | 6코너 섀도우 풋워크 | 6코너 풋워크 최대반복 테스트 | 가벼운 콕줍기 | 래터럴 바운드 | 래터럴 스텝다운 | 랜덤 방향전환 드릴","META01","ACTIVE","CTM-0.1"
"lu_a9651bd8d7","lu_hip_joint","고관절","Hip joint","JOINT","jc_ae763d5994","jc_hip","고관절 복합체","SINGLE","CONTACT_PRESSURE|COMPRESSION|SHEAR|TORSION","JOINT_CONTACT","SINGLE","1","tissue_hip_joint","고관절","96","45","45","51","관절:고관절","B-스탠스 RDL | 글루트 브릿지 | 덤벨 루마니안 데드리프트 | 덤벨 스텝업 | 데드리프트 | 래터럴 런지 | 런지 | 레그 프레스 | 루마니안 데드리프트 | 리버스 런지","S17|S06","ACTIVE","CTM-0.1"
"lu_50d1389a95","lu_hip_capsuloligament","고관절 관절낭·인대 복합체","Hip capsuloligamentous complex","LIGAMENT","jc_ae763d5994","jc_hip","고관절 복합체","GROUP","TENSION|TORSION|END_RANGE","LIGAMENT_STRAIN","GROUP","3","tissue_iliofemoral_ligament | tissue_pubofemoral_ligament | tissue_ischiofemoral_ligament","장골대퇴인대 | 치골대퇴인대 | 좌골대퇴인대","35","2","2","33","인대:장골대퇴인대·외측 관절낭 | 인대:치골대퇴인대·전내측 관절낭","덤벨 스텝업 | 래터럴 런지 | 런지 | 레그 프레스 | 리버스 런지 | 리어풋 엘리베이티드 스플릿 스쿼트 | 맨몸 스쿼트 | 스미스 머신 런지 | 스미스 머신 스쿼트 | 스쿼트","META01","ACTIVE","CTM-0.1"
"lu_27b4a0df1d","lu_proximal_hamstring_tendon","근위 햄스트링건 복합체","Proximal hamstring tendon complex","TENDON","jc_ae763d5994","jc_hip","고관절 복합체","GROUP","TENSION|STRETCH|RAPID_STRAIN","TENDON_LOAD","GROUP","3","tissue_biceps_femoris_long_head_prox_tendon | tissue_semitendinosus_prox_tendon | tissue_semimembranosus_prox_tendon","대퇴이두근 장두 근위건 | 반건양근 근위건 | 반막양근 근위건","57","25","25","32","건:근위 햄스트링건 복합체","B-스탠스 RDL | 글루트 브릿지 | 덤벨 루마니안 데드리프트 | 데드리프트 | 루마니안 데드리프트 | 슈퍼맨 | 싱글 레그 글루트 브릿지 | 싱글 레그 힙 쓰러스트 | 원암 덤벨 RDL | 케이블 킥백","S12|S13","ACTIVE","CTM-0.1"
"lu_a7dd63adb6","lu_gluteus_maximus_tendon","대둔근건 복합체","Gluteus maximus tendon complex","TENDON","jc_ae763d5994","jc_hip","고관절 복합체","GROUP","TENSION|FORCE_TRANSFER","TENDON_LOAD","GROUP","1","tissue_gluteus_maximus_tendon","대둔근건","85","27","27","58","건:대둔근건 복합체","B-스탠스 RDL | 글루트 브릿지 | 덤벨 루마니안 데드리프트 | 덤벨 스텝업 | 데드리프트 | 래터럴 런지 | 런지 | 레그 프레스 | 루마니안 데드리프트 | 리버스 런지","S09|S10","ACTIVE","CTM-0.1"
"lu_348ac6b7a6","lu_gluteus_med_min_tendon","중둔근·소둔근건 복합체","Gluteus medius-minimus tendon complex","TENDON","jc_ae763d5994","jc_hip","고관절 복합체","GROUP","TENSION|STABILIZATION|COMPRESSION","TENDON_LOAD","GROUP","2","tissue_gluteus_medius_tendon | tissue_gluteus_minimus_tendon","중둔근건 | 소둔근건","61","24","26","37","건:소둔근건 | 건:중둔근·소둔근건 복합체 | 건:중둔근건","B-스탠스 RDL | 덤벨 스텝업 | 래터럴 런지 | 런지 | 리버스 런지 | 리어풋 엘리베이티드 스플릿 스쿼트 | 스미스 머신 런지 | 스플릿 스쿼트 | 싱글 레그 글루트 브릿지 | 싱글 레그 레그 익스텐션","S15|S16","ACTIVE","CTM-0.1"
"lu_36ba10a736","lu_adductor_tendon","내전근건 복합체","Adductor tendon complex","TENDON","jc_ae763d5994","jc_hip","고관절 복합체","GROUP","TENSION|STRETCH|TORSION","TENDON_LOAD","GROUP","3","tissue_adductor_longus_tendon | tissue_adductor_magnus_tendon | tissue_gracilis_tendon","장내전근건 | 대내전근건 | 박근건","30","6","10","24","건:내전근건 복합체 | 건:대내전근건 복합체 | 건:박근건 | 건:장내전근 근위건","래터럴 런지 | 힙 어덕션 | 힙 어브덕션 | 6방향 랜덤 콕줍기 | 6코너 섀도우 풋워크 | 6코너 풋워크 최대반복 테스트 | 가벼운 콕줍기 | 래터럴 바운드 | 래터럴 스텝다운 | 랜덤 방향전환 드릴","S14","ACTIVE","CTM-0.1"
"lu_9462525798","lu_rectus_femoris_prox_tendon","대퇴직근 근위건 복합체","Proximal rectus femoris tendon complex","TENDON","jc_ae763d5994","jc_hip","고관절 복합체","SINGLE","TENSION|STRETCH|RAPID_STRAIN","TENDON_LOAD","SINGLE","1","tissue_rectus_femoris_prox_tendon","대퇴직근 근위건","39","1","1","38","건:대퇴직근 근위건 복합체","6방향 랜덤 콕줍기 | 6코너 섀도우 풋워크 | 6코너 풋워크 최대반복 테스트 | A스킵 | B스킵 | 가벼운 콕줍기 | 드롭 점프 | 라인 홉 | 래터럴 바운드 | 랜덤 방향전환 드릴","S24","ACTIVE","CTM-0.1"
"lu_cd23e2d8c0","lu_iliopsoas_tendon","장요근건 복합체","Iliopsoas tendon complex","TENDON","jc_ae763d5994","jc_hip","고관절 복합체","GROUP","TENSION|REPETITIVE_GLIDING|STRETCH","TENDON_LOAD","GROUP","1","tissue_iliopsoas_tendon","장요근건","38","0","0","38","","6방향 랜덤 콕줍기 | 6코너 섀도우 풋워크 | 6코너 풋워크 최대반복 테스트 | A스킵 | B스킵 | 가벼운 콕줍기 | 드롭 점프 | 라인 홉 | 래터럴 바운드 | 랜덤 방향전환 드릴","META01","ACTIVE","CTM-0.1"
"lu_90281b5483","lu_tfl_itb_proximal","대퇴근막장근·장경인대 근위복합체","Proximal TFL-IT band complex","FASCIA","jc_ae763d5994","jc_hip","고관절 복합체","GROUP","TENSION|COMPRESSION|FORCE_TRANSFER","FASCIA_LOAD","GROUP","2","tissue_tensor_fasciae_latae_tendon | tissue_iliotibial_band","대퇴근막장근건 | 장경인대","34","2","2","32","건:대퇴근막장근·장경인대 근위복합체","힙 어브덕션 | 6방향 랜덤 콕줍기 | 6코너 섀도우 풋워크 | 6코너 풋워크 최대반복 테스트 | A스킵 | B스킵 | 가벼운 콕줍기 | 래터럴 바운드 | 랜덤 방향전환 드릴 | 랜덤 비프 풋워크","S15|S16","ACTIVE","CTM-0.1"
"lu_bf3f500760","lu_tibiofemoral_joint","경골대퇴관절(TFJ)","Tibiofemoral joint","JOINT","jc_ad7382e4b2","jc_knee_tibiofemoral","경골대퇴 복합체","SINGLE","CONTACT_PRESSURE|COMPRESSION|SHEAR|TORSION","JOINT_CONTACT","SINGLE","1","tissue_tibiofemoral_joint","경골대퇴관절","84","51","51","33","관절:경골대퇴관절(TFJ)","덤벨 스텝업 | 래터럴 런지 | 런지 | 레그 익스텐션 | 레그 컬 | 레그 프레스 | 리버스 노르딕 컬 | 리버스 런지 | 리어풋 엘리베이티드 스플릿 스쿼트 | 맨몸 스쿼트","J02|J08|S18","ACTIVE","CTM-0.1"
"lu_9a06d0adb2","lu_patellofemoral_joint","슬개대퇴관절(PFJ)","Patellofemoral joint","JOINT","jc_4201fb72f3","jc_knee_patellofemoral","슬개대퇴 복합체","SINGLE","CONTACT_PRESSURE|COMPRESSION","JOINT_CONTACT","SINGLE","1","tissue_patellofemoral_joint","슬개대퇴관절","84","62","62","22","관절:슬개대퇴관절(PFJ)","덤벨 스텝업 | 래터럴 런지 | 런지 | 레그 익스텐션 | 레그 컬 | 레그 프레스 | 리버스 노르딕 컬 | 리버스 런지 | 리어풋 엘리베이티드 스플릿 스쿼트 | 맨몸 스쿼트","J01|J04|J10","ACTIVE","CTM-0.1"
"lu_acc0225b21","lu_knee_meniscus","무릎 반월상연골 복합체","Knee meniscal complex","FIBROCARTILAGE","jc_ad7382e4b2","jc_knee_tibiofemoral","경골대퇴 복합체","GROUP","COMPRESSION|SHEAR|TORSION","FIBROCARTILAGE_COMPRESSION","GROUP","2","tissue_medial_meniscus | tissue_lateral_meniscus","내측 반월상연골 | 외측 반월상연골","69","0","0","69","","덤벨 스텝업 | 래터럴 런지 | 런지 | 레그 익스텐션 | 레그 프레스 | 리버스 런지 | 리어풋 엘리베이티드 스플릿 스쿼트 | 맨몸 스쿼트 | 스미스 머신 런지 | 스미스 머신 스쿼트","META01","ACTIVE","CTM-0.1"
"lu_f4005dd228","lu_quadriceps_tendon","대퇴사두근건","Quadriceps tendon","TENDON","jc_4201fb72f3","jc_knee_patellofemoral","슬개대퇴 복합체","SINGLE","TENSION|RAPID_STRAIN","TENDON_LOAD","SINGLE","1","tissue_quadriceps_tendon","대퇴사두근건","70","35","35","35","건:대퇴사두근건","덤벨 스텝업 | 래터럴 런지 | 런지 | 레그 익스텐션 | 레그 프레스 | 리버스 런지 | 리어풋 엘리베이티드 스플릿 스쿼트 | 맨몸 스쿼트 | 스미스 머신 런지 | 스미스 머신 스쿼트","T01|J01","ACTIVE","CTM-0.1"
"lu_d7b54824bb","lu_patellar_tendon","슬개건","Patellar tendon","TENDON","jc_4201fb72f3","jc_knee_patellofemoral","슬개대퇴 복합체","SINGLE","TENSION|RAPID_STRAIN","TENDON_LOAD","SINGLE","1","tissue_patellar_tendon","슬개건","70","64","64","6","건:슬개건","덤벨 스텝업 | 래터럴 런지 | 런지 | 레그 익스텐션 | 레그 프레스 | 리버스 런지 | 리어풋 엘리베이티드 스플릿 스쿼트 | 맨몸 스쿼트 | 스미스 머신 런지 | 스미스 머신 스쿼트","T01|T06|T07","ACTIVE","CTM-0.1"
"lu_9b1d33a6fa","lu_distal_medial_hamstring_tendon","원위 내측 햄스트링·박근건 복합체","Distal medial hamstring and gracilis tendon complex","TENDON","jc_ad7382e4b2","jc_knee_tibiofemoral","경골대퇴 복합체","GROUP","TENSION|STABILIZATION|TORSION","TENDON_LOAD","GROUP","3","tissue_semitendinosus_dist_tendon | tissue_semimembranosus_dist_tendon | tissue_gracilis_dist_tendon","반건양근 원위건 | 반막양근 원위건 | 박근 원위건","42","9","9","33","건:원위 내측 햄스트링건 복합체 | 건:원위 햄스트링건 복합체 | 건:햄스트링건 복합체","레그 컬 | 리버스 노르딕 컬 | 스탠딩 레그 컬 | 싱글 레그 레그 컬 | 6방향 랜덤 콕줍기 | 6코너 섀도우 풋워크 | 6코너 풋워크 최대반복 테스트 | A스킵 | B스킵 | 가벼운 콕줍기","S11|S13","ACTIVE","CTM-0.1"
"lu_6079674d30","lu_distal_biceps_femoris_tendon","원위 대퇴이두근건","Distal biceps femoris tendon","TENDON","jc_ad7382e4b2","jc_knee_tibiofemoral","경골대퇴 복합체","SINGLE","TENSION|STABILIZATION|TORSION","TENDON_LOAD","SINGLE","1","tissue_biceps_femoris_dist_tendon","대퇴이두근 원위건","37","4","4","33","건:원위 대퇴이두근건","레그 컬 | 리버스 노르딕 컬 | 스탠딩 레그 컬 | 싱글 레그 레그 컬 | 6방향 랜덤 콕줍기 | 6코너 섀도우 풋워크 | 6코너 풋워크 최대반복 테스트 | A스킵 | B스킵 | 가벼운 콕줍기","S11|S13","ACTIVE","CTM-0.1"
"lu_3d242daa59","lu_acl","전방십자인대(ACL)","Anterior cruciate ligament","LIGAMENT","jc_ad7382e4b2","jc_knee_tibiofemoral","경골대퇴 복합체","SINGLE","TENSION|SHEAR|TORSION","LIGAMENT_STRAIN","SINGLE","1","tissue_acl","전방십자인대(ACL)","74","68","68","6","인대:전방십자인대(ACL)","덤벨 스텝업 | 래터럴 런지 | 런지 | 레그 익스텐션 | 레그 프레스 | 리버스 런지 | 리어풋 엘리베이티드 스플릿 스쿼트 | 맨몸 스쿼트 | 스미스 머신 런지 | 스미스 머신 스쿼트","L01|L02|L05","ACTIVE","CTM-0.1"
"lu_7d200f36f3","lu_pcl","후방십자인대(PCL)","Posterior cruciate ligament","LIGAMENT","jc_ad7382e4b2","jc_knee_tibiofemoral","경골대퇴 복합체","SINGLE","TENSION|SHEAR|TORSION","LIGAMENT_STRAIN","SINGLE","1","tissue_pcl","후방십자인대(PCL)","37","34","34","3","인대:후방십자인대(PCL)","덤벨 스텝업 | 래터럴 런지 | 런지 | 레그 익스텐션 | 레그 프레스 | 리버스 런지 | 리어풋 엘리베이티드 스플릿 스쿼트 | 맨몸 스쿼트 | 스미스 머신 런지 | 스미스 머신 스쿼트","L03|L04","ACTIVE","CTM-0.1"
"lu_ff22c06225","lu_mcl","내측측부인대(MCL)","Medial collateral ligament","LIGAMENT","jc_ad7382e4b2","jc_knee_tibiofemoral","경골대퇴 복합체","SINGLE","TENSION|SHEAR|TORSION","LIGAMENT_STRAIN","SINGLE","1","tissue_mcl","내측측부인대(MCL)","54","5","5","49","인대:내측측부인대(MCL)","덤벨 스텝업 | 래터럴 런지 | 런지 | 리버스 런지 | 리어풋 엘리베이티드 스플릿 스쿼트 | 스미스 머신 런지 | 스탠딩 레그 컬 | 스플릿 스쿼트 | 싱글 레그 레그 익스텐션 | 싱글 레그 레그 컬","L07|L08","ACTIVE","CTM-0.1"
"lu_97b28d1cec","lu_lcl_plc","외측측부인대·후외측 복합체","Lateral collateral and posterolateral complex","LIGAMENT","jc_ad7382e4b2","jc_knee_tibiofemoral","경골대퇴 복합체","GROUP","TENSION|VARUS|TORSION","LIGAMENT_STRAIN","GROUP","2","tissue_lcl | tissue_posterolateral_corner","외측측부인대 | 후외측 복합체","54","0","0","54","","덤벨 스텝업 | 래터럴 런지 | 런지 | 리버스 런지 | 리어풋 엘리베이티드 스플릿 스쿼트 | 스미스 머신 런지 | 스탠딩 레그 컬 | 스플릿 스쿼트 | 싱글 레그 레그 익스텐션 | 싱글 레그 레그 컬","META01","ACTIVE","CTM-0.1"
"lu_6de10a05a1","lu_talocrural_joint","거퇴관절","Talocrural joint","JOINT","jc_6326ea19a8","jc_ankle_hindfoot","발목·후족부 복합체","SINGLE","CONTACT_PRESSURE|COMPRESSION|SHEAR","JOINT_CONTACT","SINGLE","1","tissue_talocrural_joint","거퇴관절","53","37","37","16","관절:거퇴관절","스탠딩 카프 레이즈 | 시티드 카프 레이즈 | 싱글 레그 카프 레이즈 | 카프 레이즈 | 6방향 랜덤 콕줍기 | 6코너 섀도우 풋워크 | 6코너 풋워크 최대반복 테스트 | A스킵 | B스킵 | 가벼운 콕줍기","J06|J07","ACTIVE","CTM-0.1"
"lu_5d174b60fa","lu_subtalar_joint","거골하관절","Subtalar joint","JOINT","jc_6326ea19a8","jc_ankle_hindfoot","발목·후족부 복합체","SINGLE","CONTACT_PRESSURE|INVERSION_EVERSION|TORSION","JOINT_CONTACT","SINGLE","1","tissue_subtalar_joint","거골하관절","52","7","7","45","관절:거골하관절","스탠딩 카프 레이즈 | 시티드 카프 레이즈 | 싱글 레그 카프 레이즈 | 카프 레이즈 | 6방향 랜덤 콕줍기 | 6코너 섀도우 풋워크 | 6코너 풋워크 최대반복 테스트 | A스킵 | B스킵 | 가벼운 콕줍기","J06","ACTIVE","CTM-0.1"
"lu_92bcd7c98b","lu_mid_forefoot_joint","중족·전족부 관절 복합체","Midfoot and forefoot joint complex","JOINT","jc_f6f64cf984","jc_foot_mid_forefoot","중족·전족부 복합체","GROUP","CONTACT_PRESSURE|BENDING|TORSION","JOINT_CONTACT","GROUP","2","tissue_midfoot_joint_complex | tissue_metatarsophalangeal_joint_complex","중족부 관절 복합체 | 중족지관절 복합체","51","0","0","51","","스탠딩 카프 레이즈 | 시티드 카프 레이즈 | 싱글 레그 카프 레이즈 | 카프 레이즈 | 6방향 랜덤 콕줍기 | 6코너 섀도우 풋워크 | 6코너 풋워크 최대반복 테스트 | A스킵 | B스킵 | 가벼운 콕줍기","META01","ACTIVE","CTM-0.1"
"lu_2d44aafe1e","lu_achilles_tendon","아킬레스건","Achilles tendon","TENDON","jc_6326ea19a8","jc_ankle_hindfoot","발목·후족부 복합체","SINGLE","TENSION|RAPID_STRAIN|STRETCH_SHORTENING","TENDON_LOAD","SINGLE","1","tissue_achilles_tendon","아킬레스건","69","64","64","5","건:아킬레스건","스탠딩 카프 레이즈 | 시티드 카프 레이즈 | 싱글 레그 카프 레이즈 | 카프 레이즈 | 6방향 랜덤 콕줍기 | 6코너 섀도우 풋워크 | 6코너 풋워크 최대반복 테스트 | A스킵 | B스킵 | 가벼운 콕줍기","T02|T03|T04|T05","ACTIVE","CTM-0.1"
"lu_26cb1f9f2c","lu_posterior_tibial_tendon","후경골근건","Posterior tibial tendon","TENDON","jc_6326ea19a8","jc_ankle_hindfoot","발목·후족부 복합체","SINGLE","TENSION|STABILIZATION|INVERSION_EVERSION","TENDON_LOAD","SINGLE","1","tissue_posterior_tibial_tendon","후경골근건","42","5","5","37","건:후경골근건","싱글 레그 카프 레이즈 | 6방향 랜덤 콕줍기 | 6코너 섀도우 풋워크 | 6코너 풋워크 최대반복 테스트 | A스킵 | B스킵 | 가벼운 콕줍기 | 드롭 점프 | 라인 홉 | 래터럴 바운드","A01|A02","ACTIVE","CTM-0.1"
"lu_df728dc186","lu_peroneal_tendon","비골근건 복합체","Peroneal tendon complex","TENDON","jc_6326ea19a8","jc_ankle_hindfoot","발목·후족부 복합체","GROUP","TENSION|STABILIZATION|INVERSION_EVERSION","TENDON_LOAD","GROUP","1","tissue_peroneal_tendon","비골근건 복합체","43","28","28","15","건:비골근건 복합체","싱글 레그 카프 레이즈 | 6방향 랜덤 콕줍기 | 6코너 섀도우 풋워크 | 6코너 풋워크 최대반복 테스트 | A스킵 | B스킵 | 가벼운 콕줍기 | 드롭 점프 | 라인 홉 | 래터럴 바운드","A01|A02","ACTIVE","CTM-0.1"
"lu_192bb30a2e","lu_anterior_tibial_tendon","전경골근건","Anterior tibial tendon","TENDON","jc_6326ea19a8","jc_ankle_hindfoot","발목·후족부 복합체","SINGLE","TENSION|REPETITIVE_GLIDING","TENDON_LOAD","SINGLE","1","tissue_anterior_tibial_tendon","전경골근건","11","0","0","11","","A스킵 | B스킵 | 스킵 바운드 | 스트라이드 | 앙클링 | 월 드라이브 | 하이니 스킵 | 러닝 풋살 | 축구 | 러닝","META01","ACTIVE","CTM-0.1"
"lu_82e419cfd9","lu_plantar_fascia","족저근막 복합체","Plantar fascia complex","FASCIA","jc_f6f64cf984","jc_foot_mid_forefoot","중족·전족부 복합체","GROUP","TENSION|BENDING|STRETCH_SHORTENING","FASCIA_LOAD","GROUP","1","tissue_plantar_fascia","족저근막","51","0","0","51","","스탠딩 카프 레이즈 | 시티드 카프 레이즈 | 싱글 레그 카프 레이즈 | 카프 레이즈 | 6방향 랜덤 콕줍기 | 6코너 섀도우 풋워크 | 6코너 풋워크 최대반복 테스트 | A스킵 | B스킵 | 가벼운 콕줍기","META01","ACTIVE","CTM-0.1"
"lu_f86f763ed7","lu_toe_flexor_tendon","발가락 굴곡건 복합체","Toe flexor tendon complex","TENDON","jc_f6f64cf984","jc_foot_mid_forefoot","중족·전족부 복합체","GROUP","TENSION|GRIP|STRETCH_SHORTENING","TENDON_LOAD","GROUP","2","tissue_flexor_hallucis_longus_tendon | tissue_flexor_digitorum_longus_tendon","장무지굴근건 | 장지굴근건","51","0","0","51","","스탠딩 카프 레이즈 | 시티드 카프 레이즈 | 싱글 레그 카프 레이즈 | 카프 레이즈 | 6방향 랜덤 콕줍기 | 6코너 섀도우 풋워크 | 6코너 풋워크 최대반복 테스트 | A스킵 | B스킵 | 가벼운 콕줍기","META01","ACTIVE","CTM-0.1"
"lu_e7d26ea928","lu_atfl","전거비인대(ATFL)","Anterior talofibular ligament","LIGAMENT","jc_6326ea19a8","jc_ankle_hindfoot","발목·후족부 복합체","SINGLE","TENSION|INVERSION_EVERSION|TORSION","LIGAMENT_STRAIN","SINGLE","1","tissue_atfl","전거비인대(ATFL)","43","37","37","6","인대:전거비인대(ATFL)","6방향 랜덤 콕줍기 | 6코너 섀도우 풋워크 | 6코너 풋워크 최대반복 테스트 | A스킵 | B스킵 | 가벼운 콕줍기 | 드롭 점프 | 라인 홉 | 래터럴 바운드 | 랜덤 방향전환 드릴","A01|A02","ACTIVE","CTM-0.1"
"lu_9508964ced","lu_cfl","종비인대(CFL)","Calcaneofibular ligament","LIGAMENT","jc_6326ea19a8","jc_ankle_hindfoot","발목·후족부 복합체","SINGLE","TENSION|INVERSION_EVERSION|TORSION","LIGAMENT_STRAIN","SINGLE","1","tissue_cfl","종비인대(CFL)","42","5","5","37","인대:종비인대(CFL)","6방향 랜덤 콕줍기 | 6코너 섀도우 풋워크 | 6코너 풋워크 최대반복 테스트 | A스킵 | B스킵 | 가벼운 콕줍기 | 드롭 점프 | 라인 홉 | 래터럴 바운드 | 랜덤 방향전환 드릴","A01|A02","ACTIVE","CTM-0.1"
"lu_709fa6f6bd","lu_deltoid_ligament","발목 삼각인대 복합체","Ankle deltoid ligament complex","LIGAMENT","jc_6326ea19a8","jc_ankle_hindfoot","발목·후족부 복합체","GROUP","TENSION|EVERSION|TORSION","LIGAMENT_STRAIN","GROUP","1","tissue_deltoid_ligament","발목 삼각인대","38","0","0","38","","6방향 랜덤 콕줍기 | 6코너 섀도우 풋워크 | 6코너 풋워크 최대반복 테스트 | A스킵 | B스킵 | 가벼운 콕줍기 | 드롭 점프 | 라인 홉 | 래터럴 바운드 | 랜덤 방향전환 드릴","META01","ACTIVE","CTM-0.1"
"lu_90b102bfdb","lu_ankle_syndesmosis","원위 경비인대 결합 복합체","Distal tibiofibular syndesmosis complex","LIGAMENT","jc_6326ea19a8","jc_ankle_hindfoot","발목·후족부 복합체","GROUP","TENSION|EXTERNAL_ROTATION|DORSIFLEXION","LIGAMENT_STRAIN","GROUP","2","tissue_anterior_inferior_tibiofibular_ligament | tissue_interosseous_tibiofibular_ligament","전하경비인대 | 골간 경비인대","38","0","0","38","","6방향 랜덤 콕줍기 | 6코너 섀도우 풋워크 | 6코너 풋워크 최대반복 테스트 | A스킵 | B스킵 | 가벼운 콕줍기 | 드롭 점프 | 라인 홉 | 래터럴 바운드 | 랜덤 방향전환 드릴","META01","ACTIVE","CTM-0.1"
"lu_f959f8aafb","lu_lisfranc_ligament","리스프랑 인대 복합체","Lisfranc ligament complex","LIGAMENT","jc_f6f64cf984","jc_foot_mid_forefoot","중족·전족부 복합체","GROUP","TENSION|TORSION|MIDFOOT_BENDING","LIGAMENT_STRAIN","GROUP","1","tissue_lisfranc_ligament","리스프랑 인대","38","0","0","38","","6방향 랜덤 콕줍기 | 6코너 섀도우 풋워크 | 6코너 풋워크 최대반복 테스트 | A스킵 | B스킵 | 가벼운 콕줍기 | 드롭 점프 | 라인 홉 | 래터럴 바운드 | 랜덤 방향전환 드릴","META01","ACTIVE","CTM-0.1"
"lu_cb820016df","lu_mtp_plantar_plate","중족지 족저판 복합체","Metatarsophalangeal plantar plate complex","FIBROCARTILAGE","jc_f6f64cf984","jc_foot_mid_forefoot","중족·전족부 복합체","GROUP","COMPRESSION|BENDING|TENSION","FIBROCARTILAGE_COMPRESSION","GROUP","1","tissue_mtp_plantar_plate","중족지 족저판","51","0","0","51","","스탠딩 카프 레이즈 | 시티드 카프 레이즈 | 싱글 레그 카프 레이즈 | 카프 레이즈 | 6방향 랜덤 콕줍기 | 6코너 섀도우 풋워크 | 6코너 풋워크 최대반복 테스트 | A스킵 | B스킵 | 가벼운 콕줍기","META01","ACTIVE","CTM-0.1"
"lu_d5838e52ca","lu_glenohumeral_joint","견관절와상완관절","Glenohumeral joint","JOINT","jc_9caf42a031","jc_shoulder_glenohumeral","견관절와상완 복합체","SINGLE","CONTACT_PRESSURE|SHEAR|DISTRACTION|TORSION","JOINT_CONTACT","SINGLE","1","tissue_glenohumeral_joint","견관절와상완관절","89","0","0","89","","Yates Row | 네거티브 풀업 | 다이아몬드 푸시업 | 덤벨 래터럴 레이즈 | 덤벨 벤치프레스 | 덤벨 숄더프레스 | 덤벨 풀오버 | 등받이 없는 덤벨 시티드 숄더프레스 | 디클라인 푸시업 | 랫풀다운","U01|U02|U05","ACTIVE","CTM-0.1"
"lu_211533cb7a","lu_acromioclavicular_joint","견봉쇄골관절","Acromioclavicular joint","JOINT","jc_ffd0b0e192","jc_shoulder_scapuloclavicular","견갑·쇄골 복합체","SINGLE","CONTACT_PRESSURE|SHEAR|COMPRESSION","JOINT_CONTACT","SINGLE","1","tissue_acromioclavicular_joint","견봉쇄골관절","86","0","0","86","","Yates Row | 네거티브 풀업 | 다이아몬드 푸시업 | 덤벨 래터럴 레이즈 | 덤벨 벤치프레스 | 덤벨 숄더프레스 | 덤벨 풀오버 | 등받이 없는 덤벨 시티드 숄더프레스 | 디클라인 푸시업 | 랫풀다운","U03|U04","ACTIVE","CTM-0.1"
"lu_3298f78330","lu_sternoclavicular_joint","흉쇄관절","Sternoclavicular joint","JOINT","jc_ffd0b0e192","jc_shoulder_scapuloclavicular","견갑·쇄골 복합체","SINGLE","CONTACT_PRESSURE|SHEAR|FORCE_TRANSFER","JOINT_CONTACT","SINGLE","1","tissue_sternoclavicular_joint","흉쇄관절","86","0","0","86","","Yates Row | 네거티브 풀업 | 다이아몬드 푸시업 | 덤벨 래터럴 레이즈 | 덤벨 벤치프레스 | 덤벨 숄더프레스 | 덤벨 풀오버 | 등받이 없는 덤벨 시티드 숄더프레스 | 디클라인 푸시업 | 랫풀다운","U03","ACTIVE","CTM-0.1"
"lu_0a858e59a0","lu_scapulothoracic_articulation","견갑흉곽 기능관절","Scapulothoracic functional articulation","FUNCTIONAL_ARTICULATION","jc_ffd0b0e192","jc_shoulder_scapuloclavicular","견갑·쇄골 복합체","SINGLE","REPETITIVE_GLIDING|FORCE_TRANSFER|STABILIZATION","FUNCTIONAL_ARTICULATION_LOAD","SINGLE","1","tissue_scapulothoracic_articulation","견갑흉곽 기능관절","86","0","0","86","","Yates Row | 네거티브 풀업 | 다이아몬드 푸시업 | 덤벨 래터럴 레이즈 | 덤벨 벤치프레스 | 덤벨 숄더프레스 | 덤벨 풀오버 | 등받이 없는 덤벨 시티드 숄더프레스 | 디클라인 푸시업 | 랫풀다운","U03|U04","ACTIVE","CTM-0.1"
"lu_3e640e59e9","lu_rotator_cuff_posterosuperior","후상방 회전근개건 복합체","Posterosuperior rotator cuff tendon complex","TENDON","jc_9caf42a031","jc_shoulder_glenohumeral","견관절와상완 복합체","GROUP","TENSION|COMPRESSION|STABILIZATION|RAPID_STRAIN","TENDON_LOAD","GROUP","3","tissue_supraspinatus_tendon | tissue_infraspinatus_tendon | tissue_teres_minor_tendon","극상근건 | 극하근건 | 소원근건","89","0","0","89","","Yates Row | 네거티브 풀업 | 다이아몬드 푸시업 | 덤벨 래터럴 레이즈 | 덤벨 벤치프레스 | 덤벨 숄더프레스 | 덤벨 풀오버 | 등받이 없는 덤벨 시티드 숄더프레스 | 디클라인 푸시업 | 랫풀다운","U02|U07","ACTIVE","CTM-0.1"
"lu_9244162017","lu_subscapularis_tendon","견갑하근건","Subscapularis tendon","TENDON","jc_9caf42a031","jc_shoulder_glenohumeral","견관절와상완 복합체","SINGLE","TENSION|STABILIZATION|INTERNAL_ROTATION","TENDON_LOAD","SINGLE","1","tissue_subscapularis_tendon","견갑하근건","45","0","0","45","","다이아몬드 푸시업 | 덤벨 벤치프레스 | 덤벨 숄더프레스 | 등받이 없는 덤벨 시티드 숄더프레스 | 디클라인 푸시업 | 머신 숄더프레스 | 머신 체스트프레스 | 벤치프레스 | 아놀드 프레스 | 아처 푸시업","U02|U07","ACTIVE","CTM-0.1"
"lu_641c50bab9","lu_long_head_biceps_tendon","상완이두근 장두건","Long-head biceps tendon","TENDON","jc_9caf42a031","jc_shoulder_glenohumeral","견관절와상완 복합체","SINGLE","TENSION|REPETITIVE_GLIDING|STABILIZATION","TENDON_LOAD","SINGLE","1","tissue_long_head_biceps_tendon","상완이두근 장두건","42","0","0","42","","Yates Row | 네거티브 풀업 | 랫풀다운 | 리어델트 케이블 플라이 | 리어델트 플라이 | 링 로우 | 메도우즈 로우 | 바벨 로우 | 스캡 풀업 | 시티드 원암 케이블 로우","U02","ACTIVE","CTM-0.1"
"lu_889f90c55d","lu_pectoralis_major_tendon","대흉근건 복합체","Pectoralis major tendon complex","TENDON","jc_9caf42a031","jc_shoulder_glenohumeral","견관절와상완 복합체","GROUP","TENSION|STRETCH|RAPID_STRAIN","TENDON_LOAD","GROUP","1","tissue_pectoralis_major_tendon","대흉근건","18","0","0","18","","다이아몬드 푸시업 | 덤벨 벤치프레스 | 덤벨 풀오버 | 디클라인 푸시업 | 머신 체스트프레스 | 벤치프레스 | 아처 푸시업 | 원암 덤벨 벤치프레스 | 원암 인클라인 덤벨 프레스 | 원암 케이블 플라이","U05|U08","ACTIVE","CTM-0.1"
"lu_4a4649760b","lu_latissimus_teres_major_tendon","광배근·대원근건 복합체","Latissimus dorsi-teres major tendon complex","TENDON","jc_9caf42a031","jc_shoulder_glenohumeral","견관절와상완 복합체","GROUP","TENSION|STRETCH|FORCE_TRANSFER","TENDON_LOAD","GROUP","2","tissue_latissimus_dorsi_tendon | tissue_teres_major_tendon","광배근건 | 대원근건","46","0","0","46","","Yates Row | 네거티브 풀업 | 덤벨 래터럴 레이즈 | 덤벨 풀오버 | 랫풀다운 | 리닝 래터럴 레이즈 | 리어델트 케이블 플라이 | 리어델트 플라이 | 링 로우 | 메도우즈 로우","U02|U09","ACTIVE","CTM-0.1"
"lu_c8bfbfac3b","lu_deltoid_tendon","삼각근건 복합체","Deltoid tendon complex","TENDON","jc_9caf42a031","jc_shoulder_glenohumeral","견관절와상완 복합체","GROUP","TENSION|RAPID_STRAIN","TENDON_LOAD","GROUP","1","tissue_deltoid_tendon","삼각근건","37","0","0","37","","덤벨 래터럴 레이즈 | 덤벨 벤치프레스 | 덤벨 숄더프레스 | 덤벨 풀오버 | 등받이 없는 덤벨 시티드 숄더프레스 | 리닝 래터럴 레이즈 | 리어델트 케이블 플라이 | 리어델트 플라이 | 머신 숄더프레스 | 머신 체스트프레스","U02|U05","ACTIVE","CTM-0.1"
"lu_9db157ba90","lu_glenohumeral_capsuloligament","견관절와상완 관절낭·인대 복합체","Glenohumeral capsuloligamentous complex","LIGAMENT","jc_9caf42a031","jc_shoulder_glenohumeral","견관절와상완 복합체","GROUP","TENSION|END_RANGE|DISTRACTION|TORSION","LIGAMENT_STRAIN","GROUP","2","tissue_glenohumeral_ligament_complex | tissue_coracohumeral_ligament","견관절와상완 인대 복합체 | 오구상완인대","39","0","0","39","","네거티브 풀업 | 덤벨 숄더프레스 | 덤벨 풀오버 | 등받이 없는 덤벨 시티드 숄더프레스 | 랫풀다운 | 머신 숄더프레스 | 스캡 풀업 | 아놀드 프레스 | 오버헤드 프레스 | 원암 덤벨 숄더프레스","U02","ACTIVE","CTM-0.1"
"lu_8df6cfe570","lu_ac_cc_ligament","견봉쇄골·오구쇄골 인대 복합체","Acromioclavicular-coracoclavicular ligament complex","LIGAMENT","jc_ffd0b0e192","jc_shoulder_scapuloclavicular","견갑·쇄골 복합체","GROUP","TENSION|SHEAR|FORCE_TRANSFER","LIGAMENT_STRAIN","GROUP","2","tissue_acromioclavicular_ligament | tissue_coracoclavicular_ligament","견봉쇄골인대 | 오구쇄골인대","77","0","0","77","","Yates Row | 네거티브 풀업 | 다이아몬드 푸시업 | 덤벨 벤치프레스 | 덤벨 숄더프레스 | 덤벨 풀오버 | 등받이 없는 덤벨 시티드 숄더프레스 | 디클라인 푸시업 | 랫풀다운 | 리어델트 케이블 플라이","U03","ACTIVE","CTM-0.1"
"lu_9cf6b4fc69","lu_glenoid_labrum","관절와순","Glenoid labrum","FIBROCARTILAGE","jc_9caf42a031","jc_shoulder_glenohumeral","견관절와상완 복합체","SINGLE","COMPRESSION|SHEAR|TORSION|DISTRACTION","FIBROCARTILAGE_COMPRESSION","SINGLE","1","tissue_glenoid_labrum","관절와순","39","0","0","39","","네거티브 풀업 | 덤벨 숄더프레스 | 덤벨 풀오버 | 등받이 없는 덤벨 시티드 숄더프레스 | 랫풀다운 | 머신 숄더프레스 | 스캡 풀업 | 아놀드 프레스 | 오버헤드 프레스 | 원암 덤벨 숄더프레스","U02","ACTIVE","CTM-0.1"
"lu_a706efdddb","lu_elbow_joint","팔꿈치 굴신 관절 복합체","Elbow flexion-extension joint complex","JOINT","jc_eadfb381fa","jc_elbow_flexion_extension","팔꿈치 굴신 복합체","GROUP","CONTACT_PRESSURE|COMPRESSION|SHEAR","JOINT_CONTACT","GROUP","2","tissue_humeroulnar_joint | tissue_humeroradial_joint","상완척골관절 | 상완요골관절","113","0","0","113","","EZ바 컬 | Yates Row | 네거티브 풀업 | 다이아몬드 푸시업 | 덤벨 리스트 컬 | 덤벨 벤치프레스 | 덤벨 숄더프레스 | 덤벨 컬 | 덤벨 킥백 | 등받이 없는 덤벨 시티드 숄더프레스","U01|U05","ACTIVE","CTM-0.1"
"lu_c738cc0a37","lu_radioulnar_joint","근위·원위 요척관절 복합체","Proximal-distal radioulnar joint complex","JOINT","jc_7ac0533b9d","jc_forearm_radioulnar","요척 회전 복합체","GROUP","CONTACT_PRESSURE|TORSION|ROTATION","JOINT_CONTACT","GROUP","2","tissue_proximal_radioulnar_joint | tissue_distal_radioulnar_joint","근위 요척관절 | 원위 요척관절","38","0","0","38","","EZ바 컬 | Yates Row | 덤벨 리스트 컬 | 덤벨 컬 | 덤벨 프로네이션/수피네이션 | 레그 컬 | 로프 해머 컬 | 리버스 노르딕 컬 | 리버스 리스트 컬 | 리버스 컬","U10","ACTIVE","CTM-0.1"
"lu_1b115c8b4f","lu_distal_biceps_tendon","원위 상완이두근건","Distal biceps tendon","TENDON","jc_eadfb381fa","jc_elbow_flexion_extension","팔꿈치 굴신 복합체","SINGLE","TENSION|RAPID_STRAIN|SUPINATION","TENDON_LOAD","SINGLE","1","tissue_distal_biceps_tendon","원위 상완이두근건","63","0","0","63","","EZ바 컬 | Yates Row | 네거티브 풀업 | 덤벨 리스트 컬 | 덤벨 컬 | 랫풀다운 | 레그 컬 | 로프 해머 컬 | 리버스 노르딕 컬 | 리버스 리스트 컬","U09","ACTIVE","CTM-0.1"
"lu_63101fe8b2","lu_distal_triceps_tendon","원위 상완삼두근건","Distal triceps tendon","TENDON","jc_eadfb381fa","jc_elbow_flexion_extension","팔꿈치 굴신 복합체","SINGLE","TENSION|RAPID_STRAIN","TENDON_LOAD","SINGLE","1","tissue_distal_triceps_tendon","원위 상완삼두근건","51","0","0","51","","다이아몬드 푸시업 | 덤벨 벤치프레스 | 덤벨 숄더프레스 | 덤벨 킥백 | 등받이 없는 덤벨 시티드 숄더프레스 | 디클라인 푸시업 | 딥스 | 라잉 트라이셉스 익스텐션 | 머신 숄더프레스 | 머신 체스트프레스","U06","ACTIVE","CTM-0.1"
"lu_52a0b0ba44","lu_common_flexor_pronator_tendon","공통 굴곡·회내건 복합체","Common flexor-pronator tendon complex","TENDON","jc_eadfb381fa","jc_elbow_flexion_extension","팔꿈치 굴신 복합체","GROUP","TENSION|GRIP|PRONATION|STABILIZATION","TENDON_LOAD","GROUP","2","tissue_common_flexor_tendon | tissue_pronator_teres_tendon","공통굴곡건 | 원회내근건","63","0","0","63","","EZ바 컬 | Yates Row | 네거티브 풀업 | 덤벨 리스트 컬 | 덤벨 컬 | 랫풀다운 | 레그 컬 | 로프 해머 컬 | 리버스 노르딕 컬 | 리버스 리스트 컬","U10","ACTIVE","CTM-0.1"
"lu_b929d8ffe5","lu_common_extensor_supinator_tendon","공통 신전·회외건 복합체","Common extensor-supinator tendon complex","TENDON","jc_eadfb381fa","jc_elbow_flexion_extension","팔꿈치 굴신 복합체","GROUP","TENSION|GRIP|SUPINATION|STABILIZATION","TENDON_LOAD","GROUP","2","tissue_common_extensor_tendon | tissue_supinator_tendon","공통신전건 | 회외근건","63","0","0","63","","EZ바 컬 | Yates Row | 네거티브 풀업 | 덤벨 리스트 컬 | 덤벨 컬 | 랫풀다운 | 레그 컬 | 로프 해머 컬 | 리버스 노르딕 컬 | 리버스 리스트 컬","U10","ACTIVE","CTM-0.1"
"lu_a45742ef7a","lu_elbow_ucl","팔꿈치 내측측부인대 복합체","Elbow ulnar collateral ligament complex","LIGAMENT","jc_eadfb381fa","jc_elbow_flexion_extension","팔꿈치 굴신 복합체","GROUP","TENSION|VALGUS|TORSION","LIGAMENT_STRAIN","GROUP","1","tissue_elbow_ucl","팔꿈치 내측측부인대","14","0","0","14","","30초 반복 스매시 테스트 | 메디신볼 슬램 | 배드민턴 | 배드민턴 레슨 | 테니스 | 메디신볼 사이드 스로우 | 메디신볼 로테이셔널 스쿱 토스 | 메디신볼 로테이셔널 슬램 | 메디신볼 오버헤드 슬램 | 메디신볼 체스트 패스","U11","ACTIVE","CTM-0.1"
"lu_148c6ed411","lu_elbow_lcl","팔꿈치 외측측부인대 복합체","Elbow lateral collateral ligament complex","LIGAMENT","jc_eadfb381fa","jc_elbow_flexion_extension","팔꿈치 굴신 복합체","GROUP","TENSION|VARUS|ROTATORY_STABILITY","LIGAMENT_STRAIN","GROUP","1","tissue_elbow_lcl","팔꿈치 외측측부인대 복합체","14","0","0","14","","30초 반복 스매시 테스트 | 메디신볼 슬램 | 배드민턴 | 배드민턴 레슨 | 테니스 | 메디신볼 사이드 스로우 | 메디신볼 로테이셔널 스쿱 토스 | 메디신볼 로테이셔널 슬램 | 메디신볼 오버헤드 슬램 | 메디신볼 체스트 패스","U11","ACTIVE","CTM-0.1"
"lu_e11d5f58a5","lu_annular_ligament","요골 환상인대","Annular ligament of radius","LIGAMENT","jc_7ac0533b9d","jc_forearm_radioulnar","요척 회전 복합체","SINGLE","TENSION|ROTATION|STABILIZATION","LIGAMENT_STRAIN","SINGLE","1","tissue_annular_ligament","요골 환상인대","38","0","0","38","","EZ바 컬 | Yates Row | 덤벨 리스트 컬 | 덤벨 컬 | 덤벨 프로네이션/수피네이션 | 레그 컬 | 로프 해머 컬 | 리버스 노르딕 컬 | 리버스 리스트 컬 | 리버스 컬","U10","ACTIVE","CTM-0.1"
"lu_dec56c15d8","lu_wrist_joint","요수근·중수근 관절 복합체","Radiocarpal-midcarpal joint complex","JOINT","jc_6e7ae18e56","jc_wrist_carpal","손목 복합체","GROUP","CONTACT_PRESSURE|COMPRESSION|SHEAR|BENDING","JOINT_CONTACT","GROUP","2","tissue_radiocarpal_joint | tissue_midcarpal_joint","요수근관절 | 중수근관절","177","0","0","177","","B-스탠스 RDL | EZ바 컬 | Yates Row | 네거티브 풀업 | 다이아몬드 푸시업 | 덤벨 래터럴 레이즈 | 덤벨 루마니안 데드리프트 | 덤벨 리스트 익스텐션 | 덤벨 리스트 컬 | 덤벨 벤치프레스","U01","ACTIVE","CTM-0.1"
"lu_fb7a2d91e6","lu_tfcc","삼각섬유연골복합체(TFCC)","Triangular fibrocartilage complex","FIBROCARTILAGE","jc_6e7ae18e56","jc_wrist_carpal","손목 복합체","GROUP","COMPRESSION|SHEAR|TORSION|ULNAR_DEVIATION","FIBROCARTILAGE_COMPRESSION","GROUP","1","tissue_tfcc","삼각섬유연골복합체","27","0","0","27","","다이아몬드 푸시업 | 덤벨 프로네이션/수피네이션 | 디클라인 푸시업 | 마운틴 클라이머 | 아처 푸시업 | 파이크 푸시업 | 푸시업 | 핸드스탠드 푸시업 | 30초 반복 스매시 테스트 | 메디신볼 슬램","U10","ACTIVE","CTM-0.1"
"lu_bdb58738eb","lu_intercarpal_ligament","주상월상·월상삼각 인대 복합체","Scapholunate-lunotriquetral ligament complex","LIGAMENT","jc_6e7ae18e56","jc_wrist_carpal","손목 복합체","GROUP","TENSION|SHEAR|CARPAL_STABILITY","LIGAMENT_STRAIN","GROUP","2","tissue_scapholunate_ligament | tissue_lunotriquetral_ligament","주상월상인대 | 월상삼각인대","38","0","0","38","","다이아몬드 푸시업 | 덤벨 벤치프레스 | 덤벨 숄더프레스 | 등받이 없는 덤벨 시티드 숄더프레스 | 디클라인 푸시업 | 딥스 | 마운틴 클라이머 | 머신 숄더프레스 | 머신 체스트프레스 | 벤치 딥스","U01","ACTIVE","CTM-0.1"
"lu_8af4d2c3e7","lu_wrist_flexor_tendon","손목 굴곡건 복합체","Wrist flexor tendon complex","TENDON","jc_6e7ae18e56","jc_wrist_carpal","손목 복합체","GROUP","TENSION|GRIP|STABILIZATION","TENDON_LOAD","GROUP","2","tissue_flexor_carpi_radialis_tendon | tissue_flexor_carpi_ulnaris_tendon","요측수근굴근건 | 척측수근굴근건","75","0","0","75","","B-스탠스 RDL | EZ바 컬 | Yates Row | 네거티브 풀업 | 덤벨 루마니안 데드리프트 | 덤벨 리스트 익스텐션 | 덤벨 리스트 컬 | 덤벨 컬 | 덤벨 풀오버 | 덤벨 프로네이션/수피네이션","U10","ACTIVE","CTM-0.1"
"lu_0fff8b2ee4","lu_wrist_extensor_tendon","손목 신전건 복합체","Wrist extensor tendon complex","TENDON","jc_6e7ae18e56","jc_wrist_carpal","손목 복합체","GROUP","TENSION|GRIP|STABILIZATION","TENDON_LOAD","GROUP","2","tissue_extensor_carpi_radialis_tendon | tissue_extensor_carpi_ulnaris_tendon","요측수근신근건 | 척측수근신근건","75","0","0","75","","B-스탠스 RDL | EZ바 컬 | Yates Row | 네거티브 풀업 | 덤벨 루마니안 데드리프트 | 덤벨 리스트 익스텐션 | 덤벨 리스트 컬 | 덤벨 컬 | 덤벨 풀오버 | 덤벨 프로네이션/수피네이션","U10","ACTIVE","CTM-0.1"
"lu_c11995f705","lu_finger_flexor_pulley","손가락 굴곡건·활차 복합체","Finger flexor tendon-pulley complex","TENDON","jc_0876f954f2","jc_hand_grip","손·그립 복합체","GROUP","TENSION|GRIP|REPETITIVE_GLIDING","TENDON_LOAD","GROUP","2","tissue_finger_flexor_tendon | tissue_finger_flexor_pulley","손가락 굴곡건 | 손가락 굴곡건 활차","157","0","0","157","","B-스탠스 RDL | EZ바 컬 | Yates Row | 네거티브 풀업 | 덤벨 래터럴 레이즈 | 덤벨 루마니안 데드리프트 | 덤벨 리스트 익스텐션 | 덤벨 리스트 컬 | 덤벨 벤치프레스 | 덤벨 숄더프레스","U12","ACTIVE","CTM-0.1"
"lu_63aa4c5406","lu_thumb_tendon","엄지 건 복합체","Thumb tendon complex","TENDON","jc_0876f954f2","jc_hand_grip","손·그립 복합체","GROUP","TENSION|GRIP|PINCH","TENDON_LOAD","GROUP","2","tissue_thumb_abductor_extensor_tendon | tissue_thumb_flexor_tendon","엄지 벌림·신전건 복합체 | 엄지 굴곡건","15","0","0","15","","30초 반복 스매시 테스트 | 메디신볼 슬램 | 파머스 캐리 | 배드민턴 | 배드민턴 레슨 | 테니스 | 메디신볼 사이드 스로우 | 메디신볼 로테이셔널 스쿱 토스 | 메디신볼 로테이셔널 슬램 | 메디신볼 오버헤드 슬램","U12","ACTIVE","CTM-0.1"
"lu_6573d7bf8a","lu_hand_grip_joint_ligament","손·그립 관절·인대 복합체","Hand grip joint-ligament complex","FUNCTIONAL_LOAD_UNIT","jc_0876f954f2","jc_hand_grip","손·그립 복합체","GROUP","COMPRESSION|GRIP|SHEAR|STABILIZATION","FUNCTIONAL_ARTICULATION_LOAD","GROUP","3","tissue_finger_joint_complex | tissue_thumb_cmc_joint | tissue_hand_collateral_ligament_complex","손가락 관절 복합체 | 엄지 수근중수관절 | 손가락 측부인대 복합체","157","0","0","157","","B-스탠스 RDL | EZ바 컬 | Yates Row | 네거티브 풀업 | 덤벨 래터럴 레이즈 | 덤벨 루마니안 데드리프트 | 덤벨 리스트 익스텐션 | 덤벨 리스트 컬 | 덤벨 벤치프레스 | 덤벨 숄더프레스","U12","ACTIVE","CTM-0.1"
