"metricExtractionId","sourceId","testedExercise","testedExerciseConditionId","appStableKeys","tissueId","mechanicalLoadMode","temporalMetric","measurementMetric","normalizationBasis","reportedValue","reportedLowerBound","reportedUpperBound","reportedDispersionType","reportedDispersionValue","reportedUnit","sampleSize","population","trainingStatus","healthStatus","sexComposition","externalLoadCondition","relativeLoadCondition","romCondition","velocityCondition","lateralityCondition","surfaceCondition","landingCondition","fatigueCondition","measurementMethod","modelAssumptions","evidenceLocatorType","evidenceLocator","sourceAccessLevel","extractionConfidence","extractionLimitations","preparedBy","preparedByType","preparedAt","eventContext","movementPhase","positionContext","functionalDemand","tissueResponseMetric","evidenceRelation","proxyMappingId","proxyTargetDimensionId","proxyValidationStatus","proxyValidationSourceIds","proxyLimitations","additionalExternalLoadKg","additionalExternalLoadFractionBw","totalSystemMassKg","totalSystemMassFractionBw","relativeLoadPercent1Rm","externalLoadPlacement","externalLoadDescription","externalLoadRepresentation","loadFieldSource","peakTimingRelativeToContactMs","peakTimingDispersionMs","peakTimingDispersionType","peakTimingReference"
"C3METRIC_10656979_PCL_FORCE","SRC_PMID_10656979","Squat and rehabilitation exercises","C3COND_10656979_SQUAT","ex_cb3c4dc2|barbell_back_squat","KNEE_PCL","POSTERIOR_TRANSLATION_STRESS","PEAK","MODELED_LIGAMENT_FORCE","UNNORMALIZED_SOURCE_VALUE","","","","NOT_REPORTED","","BW","","","","","","Not reported","Not reported","Not reported","Not reported","Not reported","Not reported","Not applicable","Not reported","Kinematic/kinetic musculoskeletal model","Musculoskeletal-model ligament force is condition and model specific.","SOURCE_METHODS_OR_RESULTS","PubMed abstract and source methods/results","ABSTRACT_OR_FULL_TEXT","LOW","Force is not translation; model assumptions and rehabilitation protocols are not directly comparable to target dimensions.","Codex","AI_AGENT","2026-07-14T01:00:03Z","SQUAT","FULL_EVENT","UNKNOWN_ROM","","","VALIDATED_INTERNAL_MODEL","","","NOT_APPLICABLE","","","","","","","","","Not reported","NOT_REPORTED","SOURCE_PROTOCOL","","","",""
"C3METRIC_11949662_PFJ_PEAK","SRC_PMID_11949662","Squat with and without 35 percent bodyweight external load","C3COND_11949662_SQUAT","ex_cb3c4dc2|barbell_back_squat","KNEE_PATELLOFEMORAL","COMPRESSION","PEAK","MODELED_JOINT_CONTACT_FORCE","BODY_WEIGHT_NORMALIZED_INTERNAL_FORCE","","","","NOT_REPORTED","","BW","","","","","","Not reported","Not reported","Not reported","Not reported","Not reported","Not reported","Not applicable","Not reported","Motion analysis, force platform, and patellofemoral joint model","Patellofemoral model and knee-angle assumptions remain source specific.","SOURCE_METHODS_OR_RESULTS","PubMed abstract and source methods/results","ABSTRACT_OR_FULL_TEXT","LOW","Different model and metric from source-defined loading index; loaded protocol does not exactly match canonical squat.","Codex","AI_AGENT","2026-07-14T01:00:03Z","SQUAT","FULL_EVENT","UNKNOWN_ROM","","","VALIDATED_INTERNAL_MODEL","","","NOT_APPLICABLE","","","","","","","","","Not reported","NOT_REPORTED","SOURCE_PROTOCOL","","","",""
"C3METRIC_18632195_PFJ_PEAK","SRC_PMID_18632195","Forward and side lunge variants","C3COND_18632195_LUNGE","ex_64644b5e|ex_b4b198de","KNEE_PATELLOFEMORAL","COMPRESSION","PEAK","MODELED_JOINT_CONTACT_FORCE","UNNORMALIZED_SOURCE_VALUE","","","","NOT_REPORTED","","N","","","","","","Not reported","Not reported","Not reported","Not reported","Not reported","Not reported","Not applicable","Not reported","Motion analysis, force platform, and sagittal-plane patellofemoral model","Sagittal-plane model; stride and lunge direction remain explicit.","SOURCE_METHODS_OR_RESULTS","PubMed abstract and source methods/results","ABSTRACT_OR_FULL_TEXT","LOW","Model and normalization differ from the selected loading-index rubric source.","Codex","AI_AGENT","2026-07-14T01:00:03Z","LUNGE","FULL_EVENT","UNKNOWN_ROM","","","VALIDATED_INTERNAL_MODEL","","","NOT_APPLICABLE","","","","","","","","","Not reported","NOT_REPORTED","SOURCE_PROTOCOL","","","",""
"C31METRIC_21092960_ACL_TENSION_STRAIN","SRC_PMID_21092960","Dynamic single-leg jump landing","C3COND_21092960_JUMP_LANDING","ex_d6726746","KNEE_ACL","TENSION","PEAK","MEASURED_LIGAMENT_STRAIN","MEASURED_LIGAMENT_STRAIN_PERCENT","12","","","SD","7","percent","8","Healthy adults","","Healthy","","Bodyweight","Bodyweight task","Task-defined","Dynamic landing","Unilateral","Laboratory","Single-leg jump landing","Non-fatigued","MRI, motion analysis, and biplanar fluoroscopy","Peak strain timing is protocol specific and occurred 55 plus or minus 14 ms before ground impact.","ABSTRACT_RESULTS","PubMed abstract result values","ABSTRACT","MODERATE","Small sample; close-variant app mapping only; no generic landing band.","Codex","AI_AGENT","2026-07-14T01:00:03Z","JUMP_LANDING","PRE_CONTACT","","IMPACT_ATTENUATION","","DIRECT_INTERNAL_MEASUREMENT","","","NOT_APPLICABLE","","","","","","","","","Bodyweight","BODYWEIGHT_TASK","SOURCE_PROTOCOL","-55","14","95_PERCENT_CONFIDENCE_INTERVAL","BEFORE_GROUND_IMPACT"
"C3METRIC_25059338_CFL_10N","SRC_PMID_25059338","Standardized passive ankle inversion","C3COND_25059338_10N","","ANKLE_LATERAL_LIGAMENT_COMPLEX","INVERSION_STRESS","PEAK","MODELED_LIGAMENT_FORCE","ABSOLUTE_FORCE_NEWTON","51.0","","","SD","15.8","N","24","Healthy ankles and cadaver specimens","","Healthy and cadaver","","10 N tester inversion load","Not applicable","Device-defined inversion","Controlled","Tested ankle","Instrumented device","Not applicable","Non-fatigued","Instrumented inversion testing with ligament-force estimation","Passive test-device force is not an exercise or landing load.","ABSTRACT_RESULTS","PubMed abstract result values","ABSTRACT","LOW","Boundary evidence only; excluded from app claims and rubrics.","Codex","AI_AGENT","2026-07-14T01:00:03Z","PASSIVE_INVERSION_TEST","FULL_EVENT","","","","VALIDATED_INTERNAL_MODEL","","","NOT_APPLICABLE","","","","","","","","","10 N tester inversion load","ADDITIONAL_EXTERNAL_LOAD","SOURCE_PROTOCOL","","","",""
"C3METRIC_25059338_CFL_15N","SRC_PMID_25059338","Standardized passive ankle inversion","C3COND_25059338_15N","","ANKLE_LATERAL_LIGAMENT_COMPLEX","INVERSION_STRESS","PEAK","MODELED_LIGAMENT_FORCE","ABSOLUTE_FORCE_NEWTON","75.4","","","SD","21.3","N","24","Healthy ankles and cadaver specimens","","Healthy and cadaver","","15 N tester inversion load","Not applicable","Device-defined inversion","Controlled","Tested ankle","Instrumented device","Not applicable","Non-fatigued","Instrumented inversion testing with ligament-force estimation","Passive test-device force is not an exercise or landing load.","ABSTRACT_RESULTS","PubMed abstract result values","ABSTRACT","LOW","Boundary evidence only; excluded from app claims and rubrics.","Codex","AI_AGENT","2026-07-14T01:00:03Z","PASSIVE_INVERSION_TEST","FULL_EVENT","","","","VALIDATED_INTERNAL_MODEL","","","NOT_APPLICABLE","","","","","","","","","15 N tester inversion load","ADDITIONAL_EXTERNAL_LOAD","SOURCE_PROTOCOL","","","",""
"C3METRIC_25059338_CFL_5N","SRC_PMID_25059338","Standardized passive ankle inversion","C3COND_25059338_5N","","ANKLE_LATERAL_LIGAMENT_COMPLEX","INVERSION_STRESS","PEAK","MODELED_LIGAMENT_FORCE","ABSOLUTE_FORCE_NEWTON","31.9","","","SD","14.0","N","24","Healthy ankles and cadaver specimens","","Healthy and cadaver","","5 N tester inversion load","Not applicable","Device-defined inversion","Controlled","Tested ankle","Instrumented device","Not applicable","Non-fatigued","Instrumented inversion testing with ligament-force estimation","Passive test-device force is not an exercise or landing load.","ABSTRACT_RESULTS","PubMed abstract result values","ABSTRACT","LOW","Boundary evidence only; excluded from app claims and rubrics.","Codex","AI_AGENT","2026-07-14T01:00:03Z","PASSIVE_INVERSION_TEST","FULL_EVENT","","","","VALIDATED_INTERNAL_MODEL","","","NOT_APPLICABLE","","","","","","","","","5 N tester inversion load","ADDITIONAL_EXTERNAL_LOAD","SOURCE_PROTOCOL","","","",""
"C3METRIC_28145739_ACH_FORCE","SRC_PMID_28145739","Heel-raising and lowering variants","C3COND_28145739_HEEL_RAISE","ex_5c8751d2|ex_bd072cd|ex_5ca7133f","ACHILLES_TENDON","TENSION","PEAK","MODELED_TENDON_FORCE","ABSOLUTE_FORCE_NEWTON","","","","NOT_REPORTED","","N","","","","","","Not reported","Not reported","Not reported","Not reported","Not reported","Not reported","Not applicable","Not reported","Motion analysis and inverse dynamics with tendon stress/strain estimation","Estimated tendon force and stress depend on inverse-dynamics and tendon-geometry assumptions.","SOURCE_METHODS_OR_RESULTS","PubMed Central full text; condition comparisons","ABSTRACT_OR_FULL_TEXT","LOW","Healthy male sample; estimated internal load; protocol differs from app prescriptions.","Codex","AI_AGENT","2026-07-14T01:00:03Z","STRENGTH_REPETITION","FULL_EVENT","UNKNOWN_ROM","","","VALIDATED_INTERNAL_MODEL","","","NOT_APPLICABLE","","","","","","","","","Not reported","NOT_REPORTED","SOURCE_PROTOCOL","","","",""
"C3METRIC_30923576_ANKLE_PROXY","SRC_PMID_30923576","Machine-applied ankle inversion","C3COND_30923576_INVERSION","","ANKLE_LATERAL_LIGAMENT_COMPLEX","INVERSION_STRESS","PEAK","SOURCE_DEFINED_KINEMATIC_STABILITY_PROXY","UNNORMALIZED_SOURCE_VALUE","","","","NOT_REPORTED","","degrees","","","","","","Not reported","Not reported","Not reported","Not reported","Not reported","Not reported","Not applicable","Not reported","In-vitro robotic/mechanical testing","In-vitro kinematic stability is not internal ligament force.","SOURCE_METHODS_OR_RESULTS","PubMed abstract and source methods/results","ABSTRACT_OR_FULL_TEXT","LOW","Cadaveric inversion test is not an exercise-specific in-vivo load measurement or validated app transfer.","Codex","AI_AGENT","2026-07-14T01:00:03Z","PASSIVE_INVERSION_TEST","FULL_EVENT","UNKNOWN_ROM","","","UNVALIDATED_PROXY","","","NO_VALIDATED_MAPPING","","External metric cannot populate an internal tissue dimension without a validated mapping.","","","","","","","Not reported","NOT_REPORTED","SOURCE_PROTOCOL","","","",""
"C3METRIC_31193251_PAT_IMPULSE","SRC_PMID_31193251","Forward step lunge with knee in front of or behind toes","C3COND_31193251_IMPULSE","ex_64644b5e","PATELLAR_TENDON","TENSION","IMPULSE_PER_EVENT","MODELED_TENDON_STRESS_TIME_INTEGRAL","UNNORMALIZED_SOURCE_VALUE","","","","NOT_REPORTED","","MPa*s","25","Healthy adults","","Healthy","","Bodyweight","Bodyweight task","Knee travel condition defined by protocol","Controlled","Unilateral lead limb","Laboratory","Not applicable","Non-fatigued","Motion analysis and inverse dynamics with patellar tendon stress estimation","Patellar tendon cross-sectional area and inverse-dynamics assumptions.","SOURCE_METHODS_OR_RESULTS","PubMed Central methods/results; exact numeric tables not transcribed without direct table extraction","ABSTRACT_OR_FULL_TEXT","LOW","Qualitative condition comparison only in this package; no threshold or band.","Codex","AI_AGENT","2026-07-14T01:00:03Z","LUNGE","FULL_EVENT","","","","VALIDATED_INTERNAL_MODEL","","","NOT_APPLICABLE","","","","","","","","","Bodyweight","BODYWEIGHT_TASK","SOURCE_PROTOCOL","","","",""
"C3METRIC_31193251_PAT_PEAK","SRC_PMID_31193251","Forward step lunge with knee in front of or behind toes","C3COND_31193251_PEAK","ex_64644b5e","PATELLAR_TENDON","TENSION","PEAK","MODELED_TENDON_STRESS","UNNORMALIZED_SOURCE_VALUE","","","","NOT_REPORTED","","MPa","25","Healthy adults","","Healthy","","Bodyweight","Bodyweight task","Knee travel condition defined by protocol","Controlled","Unilateral lead limb","Laboratory","Not applicable","Non-fatigued","Motion analysis and inverse dynamics with patellar tendon stress estimation","Patellar tendon cross-sectional area and inverse-dynamics assumptions.","SOURCE_METHODS_OR_RESULTS","PubMed Central methods/results; exact numeric tables not transcribed without direct table extraction","ABSTRACT_OR_FULL_TEXT","LOW","Qualitative condition comparison only in this package; no threshold or band.","Codex","AI_AGENT","2026-07-14T01:00:03Z","LUNGE","FULL_EVENT","","","","VALIDATED_INTERNAL_MODEL","","","NOT_APPLICABLE","","","","","","","","","Bodyweight","BODYWEIGHT_TASK","SOURCE_PROTOCOL","","","",""
"C3METRIC_31193251_PAT_RATE","SRC_PMID_31193251","Forward step lunge with knee in front of or behind toes","C3COND_31193251_RATE","ex_64644b5e","PATELLAR_TENDON","TENSION","LOADING_RATE","MODELED_TENDON_STRESS_LOADING_RATE","UNNORMALIZED_SOURCE_VALUE","","","","NOT_REPORTED","","MPa/s","25","Healthy adults","","Healthy","","Bodyweight","Bodyweight task","Knee travel condition defined by protocol","Controlled","Unilateral lead limb","Laboratory","Not applicable","Non-fatigued","Motion analysis and inverse dynamics with patellar tendon stress estimation","Patellar tendon cross-sectional area and inverse-dynamics assumptions.","SOURCE_METHODS_OR_RESULTS","PubMed Central methods/results; exact numeric tables not transcribed without direct table extraction","ABSTRACT_OR_FULL_TEXT","LOW","Qualitative condition comparison only in this package; no threshold or band.","Codex","AI_AGENT","2026-07-14T01:00:03Z","LUNGE","FULL_EVENT","","","","VALIDATED_INTERNAL_MODEL","","","NOT_APPLICABLE","","","","","","","","","Bodyweight","BODYWEIGHT_TASK","SOURCE_PROTOCOL","","","",""
"C31METRIC_31593498_ACL_TENSION_STRAIN","SRC_PMID_31593498","Single-legged jump","C3COND_31593498_SINGLE_JUMP","ex_d6726746|ex_314df428","KNEE_ACL","TENSION","PEAK","MEASURED_LIGAMENT_STRAIN","MEASURED_LIGAMENT_STRAIN_PERCENT","","","","NOT_REPORTED","","percent","","","","","","Not reported","Not reported","Not reported","Not reported","Not reported","Not reported","Not applicable","Not reported","MRI and high-speed biplanar radiography","Protocol-specific ACL deformation; no generic landing transfer.","SOURCE_METHODS_OR_RESULTS","PubMed abstract and source methods/results","ABSTRACT_OR_FULL_TEXT","LOW","Measures strain rather than anterior translation; single task cannot calibrate valgus, rotation, or app-wide bands.","Codex","AI_AGENT","2026-07-14T01:00:03Z","JUMP_LANDING","PRE_CONTACT","UNKNOWN_ROM","IMPACT_ATTENUATION","","DIRECT_INTERNAL_MEASUREMENT","","","NOT_APPLICABLE","","","","","","","","","Not reported","NOT_REPORTED","SOURCE_PROTOCOL","-55","35","SOURCE_REPORTED_UNSPECIFIED","BEFORE_INITIAL_GROUND_CONTACT"
"C3METRIC_32658037_ACH_COMPOSITE","PREFLIGHT_32658037","Study exercise progression","C3COND_32658037_COMPOSITE","","ACHILLES_TENDON","TENSION","PEAK","SOURCE_DEFINED_COMPOSITE_INDEX","SOURCE_DEFINED_NORMALIZED_INDEX","","","","NOT_REPORTED","","index","","","","","","Not reported","Not reported","Not reported","Not reported","Not reported","Not reported","Not applicable","Not reported","3D motion analysis, ground reaction force, and constrained free-body Achilles model","Source formula only; no generic biomechanical interpretation.","SOURCE_METHODS_OR_RESULTS","Source-defined composite loading index","ABSTRACT_OR_FULL_TEXT","LOW","Source-specific only; rubric and profile use are prohibited.","Codex","AI_AGENT","2026-07-14T01:00:03Z","","FULL_EVENT","UNKNOWN_ROM","","","CONTEXT_ONLY","","","NOT_APPLICABLE","","","","","","","","","Not reported","NOT_REPORTED","SOURCE_PROTOCOL","","","",""
"C31METRIC_35142563_ACH_HEEL_ADDED20BW","SRC_PMID_35142563","Loaded single-leg heel rise","C3COND_35142563_HEEL12BW","ex_5ca7133f","ACHILLES_TENDON","TENSION","PEAK","MEASURED_TENDON_STRAIN","MEASURED_TENDON_STRAIN_PERCENT","6.9","","","SD","1.7","percent","16","Healthy trained runners","Trained runners","Healthy","Mixed","Additional mass equal to 20% of bodyweight","Added 0.20 BW; total system mass 1.20 BW","Task-defined","Study-defined","Unilateral","Laboratory","Not applicable","Non-fatigued","Freehand three-dimensional ultrasound with motion analysis","Measured free Achilles tendon strain; force and energy storage are not inferred.","ABSTRACT_RESULTS","PubMed abstract result values","ABSTRACT","MODERATE","Healthy trained runners; task-specific strain; no force conversion.","Codex","AI_AGENT","2026-07-14T01:00:03Z","STRENGTH_REPETITION","FULL_EVENT","","","","DIRECT_INTERNAL_MEASUREMENT","","","NOT_APPLICABLE","","","","0.20","","1.20","","Weighted vest attached firmly to torso","Additional mass equal to 20% of bodyweight","ADDITIONAL_EXTERNAL_LOAD","SOURCE_PROTOCOL","","","",""
"C3METRIC_35142563_ACH_HEELBW","SRC_PMID_35142563","Single-leg heel rise","C3COND_35142563_HEELBW","ex_5ca7133f","ACHILLES_TENDON","TENSION","PEAK","MEASURED_TENDON_STRAIN","MEASURED_TENDON_STRAIN_PERCENT","5.8","","","SD","1.3","percent","16","Healthy trained runners","Trained runners","Healthy","Mixed","Bodyweight","Bodyweight","Task-defined","Study-defined","Unilateral","Laboratory","Not applicable","Non-fatigued","Freehand three-dimensional ultrasound with motion analysis","Measured free Achilles tendon strain; force and energy storage are not inferred.","ABSTRACT_RESULTS","PubMed abstract result values","ABSTRACT","MODERATE","Healthy trained runners; task-specific strain; no force conversion.","Codex","AI_AGENT","2026-07-14T01:00:03Z","STRENGTH_REPETITION","FULL_EVENT","","","","DIRECT_INTERNAL_MEASUREMENT","","","NOT_APPLICABLE","","","","","","","","","Bodyweight","BODYWEIGHT_TASK","SOURCE_PROTOCOL","","","",""
"C3METRIC_35142563_ACH_HOPLAND","SRC_PMID_35142563","Maximum single-leg hop landing","C3COND_35142563_HOPLAND","ex_314df428","ACHILLES_TENDON","TENSION","PEAK","MEASURED_TENDON_STRAIN","MEASURED_TENDON_STRAIN_PERCENT","8.8","","","SD","1.6","percent","16","Healthy trained runners","Trained runners","Healthy","Mixed","Bodyweight","Bodyweight","Task-defined","Maximum effort","Unilateral","Laboratory","Single landing","Non-fatigued","Freehand three-dimensional ultrasound with motion analysis","Measured free Achilles tendon strain; force and energy storage are not inferred.","ABSTRACT_RESULTS","PubMed abstract result values","ABSTRACT","MODERATE","Healthy trained runners; task-specific strain; no force conversion.","Codex","AI_AGENT","2026-07-14T01:00:03Z","HOP_LANDING","FULL_EVENT","","","","DIRECT_INTERNAL_MEASUREMENT","","","NOT_APPLICABLE","","","","","","","","","Bodyweight","BODYWEIGHT_TASK","SOURCE_PROTOCOL","","","",""
"C3METRIC_35142563_ACH_RUN3","SRC_PMID_35142563","Running at 3 m/s","C3COND_35142563_RUN3","ex_681d9ed2","ACHILLES_TENDON","TENSION","PEAK","MEASURED_TENDON_STRAIN","MEASURED_TENDON_STRAIN_PERCENT","6.5","","","SD","1.6","percent","16","Healthy trained runners","Trained runners","Healthy","Mixed","Bodyweight running","Bodyweight running","Task-defined","3 m/s","Bilateral gait","Laboratory","Running stance","Non-fatigued","Freehand three-dimensional ultrasound with motion analysis","Measured free Achilles tendon strain; force and energy storage are not inferred.","ABSTRACT_RESULTS","PubMed abstract result values","ABSTRACT","MODERATE","Healthy trained runners; task-specific strain; no force conversion.","Codex","AI_AGENT","2026-07-14T01:00:03Z","RUNNING_GAIT","FULL_EVENT","","","","DIRECT_INTERNAL_MEASUREMENT","","","NOT_APPLICABLE","","","","","","","","","Bodyweight running","BODYWEIGHT_TASK","SOURCE_PROTOCOL","","","",""
"C3METRIC_35142563_ACH_RUN5","SRC_PMID_35142563","Running at 5 m/s","C3COND_35142563_RUN5","ex_681d9ed2","ACHILLES_TENDON","TENSION","PEAK","MEASURED_TENDON_STRAIN","MEASURED_TENDON_STRAIN_PERCENT","7.9","","","SD","1.7","percent","16","Healthy trained runners","Trained runners","Healthy","Mixed","Bodyweight running","Bodyweight running","Task-defined","5 m/s","Bilateral gait","Laboratory","Running stance","Non-fatigued","Freehand three-dimensional ultrasound with motion analysis","Measured free Achilles tendon strain; force and energy storage are not inferred.","ABSTRACT_RESULTS","PubMed abstract result values","ABSTRACT","MODERATE","Healthy trained runners; task-specific strain; no force conversion.","Codex","AI_AGENT","2026-07-14T01:00:03Z","RUNNING_GAIT","FULL_EVENT","","","","DIRECT_INTERNAL_MEASUREMENT","","","NOT_APPLICABLE","","","","","","","","","Bodyweight running","BODYWEIGHT_TASK","SOURCE_PROTOCOL","","","",""
"C3METRIC_35142563_ACH_WALK","SRC_PMID_35142563","Walking","C3COND_35142563_WALK","ex_681d9ed2","ACHILLES_TENDON","TENSION","PEAK","MEASURED_TENDON_STRAIN","MEASURED_TENDON_STRAIN_PERCENT","3.1","","","SD","0.8","percent","16","Healthy trained runners","Trained runners","Healthy","Mixed","Bodyweight walking","Bodyweight walking","Task-defined","Task-defined","Bilateral gait","Laboratory","Not applicable","Non-fatigued","Freehand three-dimensional ultrasound with motion analysis","Measured free Achilles tendon strain; force and energy storage are not inferred.","ABSTRACT_RESULTS","PubMed abstract result values","ABSTRACT","MODERATE","Healthy trained runners; task-specific strain; no force conversion.","Codex","AI_AGENT","2026-07-14T01:00:03Z","","FULL_EVENT","","","","DIRECT_INTERNAL_MEASUREMENT","","","NOT_APPLICABLE","","","","","","","","","Bodyweight walking","BODYWEIGHT_TASK","SOURCE_PROTOCOL","","","",""
"C3METRIC_37272685_PFJ_COMPOSITE","SRC_PMID_37272685","Thirty-five weightbearing exercises","C3COND_37272685_COMPOSITE","","KNEE_PATELLOFEMORAL","COMPRESSION","PEAK","SOURCE_DEFINED_COMPOSITE_INDEX","SOURCE_DEFINED_NORMALIZED_INDEX","","","","NOT_REPORTED","","index","","","","","","Not reported","Not reported","Not reported","Not reported","Not reported","Not reported","Not applicable","Not reported","3D motion analysis, force plates, and patellofemoral joint model","Source formula only; peak, impulse, and loading rate remain separate.","SOURCE_METHODS_OR_RESULTS","Source-defined loading index","ABSTRACT_OR_FULL_TEXT","LOW","Source-specific only; rubric and profile use are prohibited.","Codex","AI_AGENT","2026-07-14T01:00:03Z","","FULL_EVENT","UNKNOWN_ROM","","","CONTEXT_ONLY","","","NOT_APPLICABLE","","","","","","","","","Not reported","NOT_REPORTED","SOURCE_PROTOCOL","","","",""
"C3METRIC_40705768_ANKLE_PEAK","SRC_PMID_40705768","Competition-depth barbell back squat at 90 percent 1RM","C3COND_40705768_ANKLE_90RM","barbell_back_squat","ANKLE_TALOCRURAL","COMPRESSION","PEAK","MODELED_JOINT_CONTACT_FORCE","BODY_WEIGHT_NORMALIZED_INTERNAL_FORCE","11.5","","","SD","2.2","BW","29","Elite powerlifters","Elite powerlifters","Healthy","Mixed","90 percent 1RM barbell back squat","90 percent 1RM","Competition depth","Self-selected competition squat","Bilateral","Laboratory force plates","Not applicable","Non-fatigued","Three-dimensional motion capture, force plates, and musculoskeletal modeling","Model-specific joint contact force; elite cohort and high external load.","ABSTRACT_RESULTS","PubMed abstract result values","ABSTRACT","MODERATE","Do not merge with bodyweight-task models or create a cross-model rubric.","Codex","AI_AGENT","2026-07-14T01:00:03Z","SQUAT","FULL_EVENT","","","","VALIDATED_INTERNAL_MODEL","","","NOT_APPLICABLE","","","","","","","90","Barbell","90 percent 1RM barbell back squat","RELATIVE_LOAD_PERCENT_1RM","SOURCE_PROTOCOL","","","",""
"C3METRIC_40705768_PFJ_PEAK","SRC_PMID_40705768","Competition-depth barbell back squat at 90 percent 1RM","C3COND_40705768_PFJ_90RM","barbell_back_squat","KNEE_PATELLOFEMORAL","COMPRESSION","PEAK","MODELED_JOINT_CONTACT_FORCE","BODY_WEIGHT_NORMALIZED_INTERNAL_FORCE","26.7","","","SD","4.3","BW","29","Elite powerlifters","Elite powerlifters","Healthy","Mixed","90 percent 1RM barbell back squat","90 percent 1RM","Competition depth","Self-selected competition squat","Bilateral","Laboratory force plates","Not applicable","Non-fatigued","Three-dimensional motion capture, force plates, and musculoskeletal modeling","Model-specific joint contact force; elite cohort and high external load.","ABSTRACT_RESULTS","PubMed abstract result values","ABSTRACT","MODERATE","Do not merge with bodyweight-task models or create a cross-model rubric.","Codex","AI_AGENT","2026-07-14T01:00:03Z","SQUAT","FULL_EVENT","","","","VALIDATED_INTERNAL_MODEL","","","NOT_APPLICABLE","","","","","","","90","Barbell","90 percent 1RM barbell back squat","RELATIVE_LOAD_PERCENT_1RM","SOURCE_PROTOCOL","","","",""
"C3METRIC_40705768_TFJ_PEAK","SRC_PMID_40705768","Competition-depth barbell back squat at 90 percent 1RM","C3COND_40705768_TFJ_90RM","barbell_back_squat","KNEE_TIBIOFEMORAL","COMPRESSION","PEAK","MODELED_JOINT_CONTACT_FORCE","BODY_WEIGHT_NORMALIZED_INTERNAL_FORCE","23.2","","","SD","3.9","BW","29","Elite powerlifters","Elite powerlifters","Healthy","Mixed","90 percent 1RM barbell back squat","90 percent 1RM","Competition depth","Self-selected competition squat","Bilateral","Laboratory force plates","Not applicable","Non-fatigued","Three-dimensional motion capture, force plates, and musculoskeletal modeling","Model-specific joint contact force; elite cohort and high external load.","ABSTRACT_RESULTS","PubMed abstract result values","ABSTRACT","MODERATE","Do not merge with bodyweight-task models or create a cross-model rubric.","Codex","AI_AGENT","2026-07-14T01:00:03Z","SQUAT","FULL_EVENT","","","","VALIDATED_INTERNAL_MODEL","","","NOT_APPLICABLE","","","","","","","90","Barbell","90 percent 1RM barbell back squat","RELATIVE_LOAD_PERCENT_1RM","SOURCE_PROTOCOL","","","",""
"C3METRIC_8947402_TFJ_SHEAR","SRC_PMID_8947402","Power squat, front squat, and lunge","C3COND_8947402_CLOSED_CHAIN","barbell_back_squat|ex_c5043892|ex_64644b5e","KNEE_TIBIOFEMORAL","ANTERIOR_POSTERIOR_SHEAR","PEAK","MODELED_JOINT_CONTACT_FORCE","UNNORMALIZED_SOURCE_VALUE","","","","NOT_REPORTED","","N","","","","","","Not reported","Not reported","Not reported","Not reported","Not reported","Not reported","Not applicable","Not reported","Motion analysis, force platform, inverse dynamics, and EMG","Intersegmental resultant is not a ligament strain measurement.","SOURCE_METHODS_OR_RESULTS","PubMed abstract and source methods/results","ABSTRACT_OR_FULL_TEXT","LOW","Intersegmental resultant is not internal compartment contact force; older small sample and fixed external load.","Codex","AI_AGENT","2026-07-14T01:00:03Z","SQUAT","FULL_EVENT","UNKNOWN_ROM","","","VALIDATED_INTERNAL_MODEL","","","NOT_APPLICABLE","","","","","","","","","Not reported","NOT_REPORTED","SOURCE_PROTOCOL","","","",""
"C3METRIC_R1C_01_ACH_SEATED_PEAK","PREFLIGHT_32658037","Seated heel-raise rows","C3COND_R1C_01_ACH_SEATED_PEAK","ex_5c8751d2","ACHILLES_TENDON","TENSION","PEAK","MODELED_TENDON_FORCE","BODY_WEIGHT_NORMALIZED_INTERNAL_FORCE","","0.5","0.7","SOURCE_REPORTED_BOUND","","BW","8","Healthy young adults","Not reported","Healthy","Mixed","15 kg placed on the thigh is explicitly confirmed for the unilateral seated heel raise; application to the bilateral seated row was not confirmed from the accessible protocol","FIXED_15_KG_NOT_A_DOSE_RESPONSE","Study seated protocol","Study-defined","Bilateral and unilateral rows","Laboratory force plate","Not applicable","Non-fatigued","3D motion analysis and ground reaction force; plantarflexion moment divided by fixed 5 cm moment arm","Range spans two group means; exact external-load application differs or is unresolved across rows; no arbitrary load scaling","SOURCE_TABLE_OR_SUPPLEMENT","Baxter et al. 2021 Table 1 seated heel-raise rows and protocol","TABLE_OR_SUPPLEMENT","MODERATE","Range spans two group means; exact external-load application differs or is unresolved across rows; no arbitrary load scaling","Codex","AI_AGENT","2026-07-14T01:00:03Z","STRENGTH_REPETITION","FULL_EVENT","","","","VALIDATED_INTERNAL_MODEL","","","NOT_APPLICABLE","","","15","","","","","Thigh","15 kg placed on the thigh is explicitly confirmed for the unilateral seated heel raise; application to the bilateral seated row was not confirmed from the accessible protocol","ADDITIONAL_EXTERNAL_LOAD","SOURCE_PROTOCOL","","","",""
"C3METRIC_R1C_02_ACH_SINGLE_CALF_PEAK","PREFLIGHT_32658037","Standing single-leg heel raise","C3COND_R1C_02_ACH_SINGLE_CALF_PEAK","ex_5ca7133f","ACHILLES_TENDON","TENSION","PEAK","MODELED_TENDON_FORCE","BODY_WEIGHT_NORMALIZED_INTERNAL_FORCE","3.0","2.7","3.3","SOURCE_REPORTED_BOUND","","BW","8","Healthy young adults","Not reported","Healthy","Mixed","Bodyweight protocol; no added resistance reported","BODYWEIGHT_TASK_CONDITION","Study full heel-raise ROM","Study cadence","Unilateral","Laboratory force plate","Not applicable","Non-fatigued","3D motion analysis and ground reaction force; plantarflexion moment divided by fixed 5 cm moment arm","Healthy sample of eight; no weighted standing-calf modifier","SOURCE_TABLE_OR_SUPPLEMENT","Baxter et al. 2021 Table 1 standing heel raise 1-leg row","TABLE_OR_SUPPLEMENT","MODERATE","Healthy sample of eight; no weighted standing-calf modifier","Codex","AI_AGENT","2026-07-14T01:00:03Z","STRENGTH_REPETITION","FULL_EVENT","FULL_ROM","","","VALIDATED_INTERNAL_MODEL","","","NOT_APPLICABLE","","","","","","","","","Bodyweight protocol; no added resistance reported","BODYWEIGHT_TASK","SOURCE_PROTOCOL","","","",""
"C3METRIC_R1C_03_ACH_REPEATED_HOP_PEAK","PREFLIGHT_32658037","Repeated single-leg forward and lateral hopping","C3COND_R1C_03_ACH_REPEATED_HOP_PEAK","ex_314df428","ACHILLES_TENDON","TENSION","PEAK","MODELED_TENDON_FORCE","BODY_WEIGHT_NORMALIZED_INTERNAL_FORCE","7.3","","","POINT_ESTIMATE","","BW","8","Healthy young adults","Not reported","Healthy","Mixed","Bodyweight","BODYWEIGHT_TASK_CONDITION","Task-defined","Repeated hopping","Unilateral","Laboratory force plate","Repeated landing without app-specific stick protocol","Non-fatigued","3D motion analysis and ground reaction force; plantarflexion moment divided by fixed 5 cm moment arm","Not an exact hop-and-stick, maximal hop, or bilateral jump protocol","SOURCE_TABLE_OR_SUPPLEMENT","Baxter et al. 2021 Table 1 repeated unilateral forward and lateral hopping rows","TABLE_OR_SUPPLEMENT","MODERATE","Not an exact hop-and-stick, maximal hop, or bilateral jump protocol","Codex","AI_AGENT","2026-07-14T01:00:03Z","HOP_LANDING","FULL_EVENT","","","","VALIDATED_INTERNAL_MODEL","","","NOT_APPLICABLE","","","","","","","","","Bodyweight","BODYWEIGHT_TASK","SOURCE_PROTOCOL","","","",""
"C3METRIC_R1C_04_ACH_SINGLE_CALF_RATE","PREFLIGHT_32658037","Standing single-leg heel raise","C3COND_R1C_04_ACH_SINGLE_CALF_RATE","ex_5ca7133f","ACHILLES_TENDON","TENSION","LOADING_RATE","MODELED_TENDON_FORCE_LOADING_RATE","BODY_WEIGHT_NORMALIZED_LOADING_RATE","13.1","9.7","16.5","SOURCE_REPORTED_BOUND","","BW/s","8","Healthy young adults","Not reported","Healthy","Mixed","Bodyweight protocol; no added resistance reported","BODYWEIGHT_TASK_CONDITION","Study full heel-raise ROM","Study cadence","Unilateral","Laboratory force plate","Not applicable","Non-fatigued","Same modeled Achilles force-time curve as the linked peak-force row","Rate and peak have different units and cannot replace or be aggregated with one another","SOURCE_TABLE_OR_SUPPLEMENT","Baxter et al. 2021 Table 1 standing heel raise 1-leg row and loading-rate method","TABLE_OR_SUPPLEMENT","MODERATE","Rate and peak have different units and cannot replace or be aggregated with one another","Codex","AI_AGENT","2026-07-14T01:00:03Z","STRENGTH_REPETITION","FULL_EVENT","FULL_ROM","","","VALIDATED_INTERNAL_MODEL","","","NOT_APPLICABLE","","","","","","","","","Bodyweight protocol; no added resistance reported","BODYWEIGHT_TASK","SOURCE_PROTOCOL","","","",""
"C3METRIC_R1C_05_PAT_BW_SQUAT_PEAK","SRC_PMID_37847102","Double-leg full-depth squat","C3COND_R1C_05_PAT_BW_SQUAT_PEAK","ex_cb3c4dc2","PATELLAR_TENDON","TENSION","PEAK","MODELED_TENDON_FORCE","BODY_WEIGHT_NORMALIZED_INTERNAL_FORCE","3.4","2.7","4.1","SOURCE_REPORTED_BOUND","","BW","20","Healthy adults","Not reported","Healthy","Mixed","No external load","BODYWEIGHT_TASK_CONDITION","Full depth","Study-defined","Bilateral","Laboratory force plates","Not applicable","Non-fatigued","3D motion analysis, force plates, and musculoskeletal patellar tendon model","Bodyweight result cannot populate weighted back/front-squat profiles; force cannot substitute for strain","SOURCE_TABLE_OR_SUPPLEMENT","Scattone Silva et al. 2024 Table 1 2-leg squat full row","TABLE_OR_SUPPLEMENT","MODERATE","Bodyweight result cannot populate weighted back/front-squat profiles; force cannot substitute for strain","Codex","AI_AGENT","2026-07-14T01:00:03Z","SQUAT","FULL_EVENT","FULL_ROM","","","VALIDATED_INTERNAL_MODEL","","","NOT_APPLICABLE","","","","","","","","","No external load","NO_EXTERNAL_LOAD","SOURCE_PROTOCOL","","","",""
"C3METRIC_R1C_06_PAT_BULGARIAN_PEAK","SRC_PMID_37847102","Study-defined Bulgarian squat","C3COND_R1C_06_PAT_BULGARIAN_PEAK","ex_e2efd0fe","PATELLAR_TENDON","TENSION","PEAK","MODELED_TENDON_FORCE","BODY_WEIGHT_NORMALIZED_INTERNAL_FORCE","3.0","2.5","3.5","SOURCE_REPORTED_BOUND","","BW","20","Healthy adults","Not reported","Healthy","Mixed","No external load","BODYWEIGHT_TASK_CONDITION","Study-defined","Study-defined","Unilateral lead limb task","Laboratory force plates","Not applicable","Non-fatigued","3D motion analysis, force plates, and musculoskeletal patellar tendon model","Canonical Bulgarian, RFESS, and split-squat identities are distinct; protocol modifiers and loaded response remain unresolved","SOURCE_TABLE_OR_SUPPLEMENT","Scattone Silva et al. 2024 Table 1 Bulgarian squat row","TABLE_OR_SUPPLEMENT","MODERATE","Canonical Bulgarian, RFESS, and split-squat identities are distinct; protocol modifiers and loaded response remain unresolved","Codex","AI_AGENT","2026-07-14T01:00:03Z","SQUAT","FULL_EVENT","","","","VALIDATED_INTERNAL_MODEL","","","NOT_APPLICABLE","","","","","","","","","No external load","NO_EXTERNAL_LOAD","SOURCE_PROTOCOL","","","",""
"C3METRIC_R1C_07A_PFJ_60_SQUAT_PEAK","SRC_PMID_37272685","Double-leg squat to 60 degrees","C3COND_R1C_07A_PFJ_60_SQUAT_PEAK","ex_cb3c4dc2","KNEE_PATELLOFEMORAL","COMPRESSION","PEAK","MODELED_JOINT_CONTACT_FORCE","BODY_WEIGHT_NORMALIZED_INTERNAL_FORCE","2.5","1.6","3.4","SOURCE_REPORTED_BOUND","","BW","20","Healthy adults","Not reported","Healthy","Mixed","No external load","BODYWEIGHT_TASK_CONDITION","60 degrees knee flexion","Study-defined","Bilateral","Laboratory force plates","Not applicable","Non-fatigued","3D motion analysis, force plates, and PFJ model","App stable key does not encode 60-degree ROM; research record only","SOURCE_TABLE_OR_SUPPLEMENT","Song et al. 2023 Table 1 double-leg squat 60-degree row","TABLE_OR_SUPPLEMENT","MODERATE","App stable key does not encode 60-degree ROM; research record only","Codex","AI_AGENT","2026-07-14T01:00:03Z","SQUAT","FULL_EVENT","SPECIFIED_JOINT_ANGLE","","","VALIDATED_INTERNAL_MODEL","","","NOT_APPLICABLE","","","","","","","","","No external load","NO_EXTERNAL_LOAD","SOURCE_PROTOCOL","","","",""
"C3METRIC_R1C_07B_PFJ_60_SQUAT_IMPULSE","SRC_PMID_37272685","Double-leg squat to 60 degrees","C3COND_R1C_07B_PFJ_60_SQUAT_IMPULSE","ex_cb3c4dc2","KNEE_PATELLOFEMORAL","COMPRESSION","IMPULSE_PER_EVENT","JOINT_CONTACT_FORCE_TIME_INTEGRAL","BODY_WEIGHT_TIME_NORMALIZED_INTERNAL_IMPULSE","1.9","1.2","2.6","SOURCE_REPORTED_BOUND","","BW*s","20","Healthy adults","Not reported","Healthy","Mixed","No external load","BODYWEIGHT_TASK_CONDITION","60 degrees knee flexion","Study-defined","Bilateral","Laboratory force plates","Not applicable","Non-fatigued","Same PFJ force-time model as linked peak row","Cannot substitute for peak or loading rate; app ROM mismatch","SOURCE_TABLE_OR_SUPPLEMENT","Song et al. 2023 Table 1 double-leg squat 60-degree row","TABLE_OR_SUPPLEMENT","MODERATE","Cannot substitute for peak or loading rate; app ROM mismatch","Codex","AI_AGENT","2026-07-14T01:00:03Z","SQUAT","FULL_EVENT","SPECIFIED_JOINT_ANGLE","","","VALIDATED_INTERNAL_MODEL","","","NOT_APPLICABLE","","","","","","","","","No external load","NO_EXTERNAL_LOAD","SOURCE_PROTOCOL","","","",""
"C3METRIC_R1C_07C_PFJ_60_SQUAT_RATE","SRC_PMID_37272685","Double-leg squat to 60 degrees","C3COND_R1C_07C_PFJ_60_SQUAT_RATE","ex_cb3c4dc2","KNEE_PATELLOFEMORAL","COMPRESSION","LOADING_RATE","MODELED_JOINT_CONTACT_FORCE_LOADING_RATE","BODY_WEIGHT_NORMALIZED_LOADING_RATE","6.3","3.4","9.2","SOURCE_REPORTED_BOUND","","BW/s","20","Healthy adults","Not reported","Healthy","Mixed","No external load","BODYWEIGHT_TASK_CONDITION","60 degrees knee flexion","Study-defined","Bilateral","Laboratory force plates","Not applicable","Non-fatigued","Same PFJ force-time model as linked peak row","Cannot substitute for peak or impulse; app ROM mismatch","SOURCE_TABLE_OR_SUPPLEMENT","Song et al. 2023 Table 1 double-leg squat 60-degree row","TABLE_OR_SUPPLEMENT","MODERATE","Cannot substitute for peak or impulse; app ROM mismatch","Codex","AI_AGENT","2026-07-14T01:00:03Z","SQUAT","FULL_EVENT","SPECIFIED_JOINT_ANGLE","","","VALIDATED_INTERNAL_MODEL","","","NOT_APPLICABLE","","","","","","","","","No external load","NO_EXTERNAL_LOAD","SOURCE_PROTOCOL","","","",""
"C3METRIC_R1C_08A_PFJ_FULL_SQUAT_PEAK","SRC_PMID_37272685","Double-leg full-depth squat","C3COND_R1C_08A_PFJ_FULL_SQUAT_PEAK","ex_cb3c4dc2","KNEE_PATELLOFEMORAL","COMPRESSION","PEAK","MODELED_JOINT_CONTACT_FORCE","BODY_WEIGHT_NORMALIZED_INTERNAL_FORCE","4.5","3.7","5.3","SOURCE_REPORTED_BOUND","","BW","20","Healthy adults","Not reported","Healthy","Mixed","No external load","BODYWEIGHT_TASK_CONDITION","Full depth","Study-defined","Bilateral","Laboratory force plates","Not applicable","Non-fatigued","3D motion analysis, force plates, and PFJ model","Bodyweight full-depth result cannot populate weighted squat profiles","SOURCE_TABLE_OR_SUPPLEMENT","Song et al. 2023 Table 1 double-leg squat full-depth row","TABLE_OR_SUPPLEMENT","MODERATE","Bodyweight full-depth result cannot populate weighted squat profiles","Codex","AI_AGENT","2026-07-14T01:00:03Z","SQUAT","FULL_EVENT","FULL_ROM","","","VALIDATED_INTERNAL_MODEL","","","NOT_APPLICABLE","","","","","","","","","No external load","NO_EXTERNAL_LOAD","SOURCE_PROTOCOL","","","",""
"C3METRIC_R1C_08B_PFJ_FULL_SQUAT_IMPULSE","SRC_PMID_37272685","Double-leg full-depth squat","C3COND_R1C_08B_PFJ_FULL_SQUAT_IMPULSE","ex_cb3c4dc2","KNEE_PATELLOFEMORAL","COMPRESSION","IMPULSE_PER_EVENT","JOINT_CONTACT_FORCE_TIME_INTEGRAL","BODY_WEIGHT_TIME_NORMALIZED_INTERNAL_IMPULSE","3.8","3.0","4.6","SOURCE_REPORTED_BOUND","","BW*s","20","Healthy adults","Not reported","Healthy","Mixed","No external load","BODYWEIGHT_TASK_CONDITION","Full depth","Study-defined","Bilateral","Laboratory force plates","Not applicable","Non-fatigued","Same PFJ force-time model as linked peak row","Bodyweight duration-sensitive result; no weighted transfer","SOURCE_TABLE_OR_SUPPLEMENT","Song et al. 2023 Table 1 double-leg squat full-depth row","TABLE_OR_SUPPLEMENT","MODERATE","Bodyweight duration-sensitive result; no weighted transfer","Codex","AI_AGENT","2026-07-14T01:00:03Z","SQUAT","FULL_EVENT","FULL_ROM","","","VALIDATED_INTERNAL_MODEL","","","NOT_APPLICABLE","","","","","","","","","No external load","NO_EXTERNAL_LOAD","SOURCE_PROTOCOL","","","",""
"C3METRIC_R1C_08C_PFJ_FULL_SQUAT_RATE","SRC_PMID_37272685","Double-leg full-depth squat","C3COND_R1C_08C_PFJ_FULL_SQUAT_RATE","ex_cb3c4dc2","KNEE_PATELLOFEMORAL","COMPRESSION","LOADING_RATE","MODELED_JOINT_CONTACT_FORCE_LOADING_RATE","BODY_WEIGHT_NORMALIZED_LOADING_RATE","14.8","10.7","18.9","SOURCE_REPORTED_BOUND","","BW/s","20","Healthy adults","Not reported","Healthy","Mixed","No external load","BODYWEIGHT_TASK_CONDITION","Full depth","Study-defined","Bilateral","Laboratory force plates","Not applicable","Non-fatigued","Same PFJ force-time model as linked peak row","Bodyweight rate; no weighted transfer or generic band","SOURCE_TABLE_OR_SUPPLEMENT","Song et al. 2023 Table 1 double-leg squat full-depth row","TABLE_OR_SUPPLEMENT","MODERATE","Bodyweight rate; no weighted transfer or generic band","Codex","AI_AGENT","2026-07-14T01:00:03Z","SQUAT","FULL_EVENT","FULL_ROM","","","VALIDATED_INTERNAL_MODEL","","","NOT_APPLICABLE","","","","","","","","","No external load","NO_EXTERNAL_LOAD","SOURCE_PROTOCOL","","","",""
"C3METRIC_R1C_09A_PFJ_BULGARIAN_PEAK","SRC_PMID_37272685","Study-defined Bulgarian squat","C3COND_R1C_09A_PFJ_BULGARIAN_PEAK","ex_e2efd0fe","KNEE_PATELLOFEMORAL","COMPRESSION","PEAK","MODELED_JOINT_CONTACT_FORCE","BODY_WEIGHT_NORMALIZED_INTERNAL_FORCE","4.7","4.0","5.4","SOURCE_REPORTED_BOUND","","BW","20","Healthy adults","Not reported","Healthy","Mixed","No external load","BODYWEIGHT_TASK_CONDITION","Study-defined","Study-defined","Unilateral lead limb task","Laboratory force plates","Not applicable","Non-fatigued","3D motion analysis, force plates, and PFJ model","Not transferable to generic split squat, RFESS, or loaded variants","SOURCE_TABLE_OR_SUPPLEMENT","Song et al. 2023 Table 1 Bulgarian squat row","TABLE_OR_SUPPLEMENT","MODERATE","Not transferable to generic split squat, RFESS, or loaded variants","Codex","AI_AGENT","2026-07-14T01:00:03Z","SQUAT","FULL_EVENT","","","","VALIDATED_INTERNAL_MODEL","","","NOT_APPLICABLE","","","","","","","","","No external load","NO_EXTERNAL_LOAD","SOURCE_PROTOCOL","","","",""
"C3METRIC_R1C_09B_PFJ_BULGARIAN_IMPULSE","SRC_PMID_37272685","Study-defined Bulgarian squat","C3COND_R1C_09B_PFJ_BULGARIAN_IMPULSE","ex_e2efd0fe","KNEE_PATELLOFEMORAL","COMPRESSION","IMPULSE_PER_EVENT","JOINT_CONTACT_FORCE_TIME_INTEGRAL","BODY_WEIGHT_TIME_NORMALIZED_INTERNAL_IMPULSE","4.4","3.4","5.4","SOURCE_REPORTED_BOUND","","BW*s","20","Healthy adults","Not reported","Healthy","Mixed","No external load","BODYWEIGHT_TASK_CONDITION","Study-defined","Study-defined","Unilateral lead limb task","Laboratory force plates","Not applicable","Non-fatigued","Same PFJ force-time model as linked peak row","Long duration explains higher impulse than some fast tasks; no loaded transfer","SOURCE_TABLE_OR_SUPPLEMENT","Song et al. 2023 Table 1 Bulgarian squat row","TABLE_OR_SUPPLEMENT","MODERATE","Long duration explains higher impulse than some fast tasks; no loaded transfer","Codex","AI_AGENT","2026-07-14T01:00:03Z","SQUAT","FULL_EVENT","","","","VALIDATED_INTERNAL_MODEL","","","NOT_APPLICABLE","","","","","","","","","No external load","NO_EXTERNAL_LOAD","SOURCE_PROTOCOL","","","",""
"C3METRIC_R1C_09C_PFJ_BULGARIAN_RATE","SRC_PMID_37272685","Study-defined Bulgarian squat","C3COND_R1C_09C_PFJ_BULGARIAN_RATE","ex_e2efd0fe","KNEE_PATELLOFEMORAL","COMPRESSION","LOADING_RATE","MODELED_JOINT_CONTACT_FORCE_LOADING_RATE","BODY_WEIGHT_NORMALIZED_LOADING_RATE","15.4","11.3","19.5","SOURCE_REPORTED_BOUND","","BW/s","20","Healthy adults","Not reported","Healthy","Mixed","No external load","BODYWEIGHT_TASK_CONDITION","Study-defined","Study-defined","Unilateral lead limb task","Laboratory force plates","Not applicable","Non-fatigued","Same PFJ force-time model as linked peak row","No loaded response model and no variant transfer","SOURCE_TABLE_OR_SUPPLEMENT","Song et al. 2023 Table 1 Bulgarian squat row","TABLE_OR_SUPPLEMENT","MODERATE","No loaded response model and no variant transfer","Codex","AI_AGENT","2026-07-14T01:00:03Z","SQUAT","FULL_EVENT","","","","VALIDATED_INTERNAL_MODEL","","","NOT_APPLICABLE","","","","","","","","","No external load","NO_EXTERNAL_LOAD","SOURCE_PROTOCOL","","","",""
"C3METRIC_R1C_10A_PFJ_LUNGE_PEAK","SRC_PMID_37272685","Study-defined non-jumping lunge","C3COND_R1C_10A_PFJ_LUNGE_PEAK","ex_64644b5e","KNEE_PATELLOFEMORAL","COMPRESSION","PEAK","MODELED_JOINT_CONTACT_FORCE","BODY_WEIGHT_NORMALIZED_INTERNAL_FORCE","5.1","4.3","5.9","SOURCE_REPORTED_BOUND","","BW","20","Healthy adults","Not reported","Healthy","Mixed","No external load","BODYWEIGHT_TASK_CONDITION","Study-defined","Study-defined","Alternating unilateral stance","Laboratory force plates","Non-jumping","Non-fatigued","3D motion analysis, force plates, and PFJ model","Lunge direction and stride are not encoded; no jump-lunge or loaded-lunge transfer","SOURCE_TABLE_OR_SUPPLEMENT","Song et al. 2023 Table 1 lunge row","TABLE_OR_SUPPLEMENT","MODERATE","Lunge direction and stride are not encoded; no jump-lunge or loaded-lunge transfer","Codex","AI_AGENT","2026-07-14T01:00:03Z","LUNGE","FULL_EVENT","","","","VALIDATED_INTERNAL_MODEL","","","NOT_APPLICABLE","","","","","","","","","No external load","NO_EXTERNAL_LOAD","SOURCE_PROTOCOL","","","",""
"C3METRIC_R1C_10B_PFJ_LUNGE_IMPULSE","SRC_PMID_37272685","Study-defined non-jumping lunge","C3COND_R1C_10B_PFJ_LUNGE_IMPULSE","ex_64644b5e","KNEE_PATELLOFEMORAL","COMPRESSION","IMPULSE_PER_EVENT","JOINT_CONTACT_FORCE_TIME_INTEGRAL","BODY_WEIGHT_TIME_NORMALIZED_INTERNAL_IMPULSE","5.2","3.9","6.5","SOURCE_REPORTED_BOUND","","BW*s","20","Healthy adults","Not reported","Healthy","Mixed","No external load","BODYWEIGHT_TASK_CONDITION","Study-defined","Study-defined","Alternating unilateral stance","Laboratory force plates","Non-jumping","Non-fatigued","Same PFJ force-time model as linked peak row","Cannot transfer across lunge direction, stride, load placement, or jumping variants","SOURCE_TABLE_OR_SUPPLEMENT","Song et al. 2023 Table 1 lunge row","TABLE_OR_SUPPLEMENT","MODERATE","Cannot transfer across lunge direction, stride, load placement, or jumping variants","Codex","AI_AGENT","2026-07-14T01:00:03Z","LUNGE","FULL_EVENT","","","","VALIDATED_INTERNAL_MODEL","","","NOT_APPLICABLE","","","","","","","","","No external load","NO_EXTERNAL_LOAD","SOURCE_PROTOCOL","","","",""
"C3METRIC_R1C_10C_PFJ_LUNGE_RATE","SRC_PMID_37272685","Study-defined non-jumping lunge","C3COND_R1C_10C_PFJ_LUNGE_RATE","ex_64644b5e","KNEE_PATELLOFEMORAL","COMPRESSION","LOADING_RATE","MODELED_JOINT_CONTACT_FORCE_LOADING_RATE","BODY_WEIGHT_NORMALIZED_LOADING_RATE","20.4","14.0","26.8","SOURCE_REPORTED_BOUND","","BW/s","20","Healthy adults","Not reported","Healthy","Mixed","No external load","BODYWEIGHT_TASK_CONDITION","Study-defined","Study-defined","Alternating unilateral stance","Laboratory force plates","Non-jumping","Non-fatigued","Same PFJ force-time model as linked peak row","Cannot transfer across lunge direction, stride, load placement, or jumping variants","SOURCE_TABLE_OR_SUPPLEMENT","Song et al. 2023 Table 1 lunge row","TABLE_OR_SUPPLEMENT","MODERATE","Cannot transfer across lunge direction, stride, load placement, or jumping variants","Codex","AI_AGENT","2026-07-14T01:00:03Z","LUNGE","FULL_EVENT","","","","VALIDATED_INTERNAL_MODEL","","","NOT_APPLICABLE","","","","","","","","","No external load","NO_EXTERNAL_LOAD","SOURCE_PROTOCOL","","","",""
"C3METRIC_R1C_11A_PFJ_DROP_JUMP_PEAK","SRC_PMID_37272685","Double-leg drop vertical jump","C3COND_R1C_11A_PFJ_DROP_JUMP_PEAK","ex_d6726746","KNEE_PATELLOFEMORAL","COMPRESSION","PEAK","MODELED_JOINT_CONTACT_FORCE","BODY_WEIGHT_NORMALIZED_INTERNAL_FORCE","6.8","5.4","8.2","SOURCE_REPORTED_BOUND","","BW","20","Healthy adults","Not reported","Healthy","Mixed","Bodyweight","BODYWEIGHT_TASK_CONDITION","Task-defined","Fast plyometric","Bilateral","Laboratory force plates","Drop then immediate vertical jump","Non-fatigued","3D motion analysis, force plates, and PFJ model","Drop height and app protocol transfer remain bounded","SOURCE_TABLE_OR_SUPPLEMENT","Song et al. 2023 Table 1 double-leg drop vertical jump row","TABLE_OR_SUPPLEMENT","MODERATE","Drop height and app protocol transfer remain bounded","Codex","AI_AGENT","2026-07-14T01:00:03Z","DROP_LANDING","FULL_EVENT","","","","VALIDATED_INTERNAL_MODEL","","","NOT_APPLICABLE","","","","","","","","","Bodyweight","BODYWEIGHT_TASK","SOURCE_PROTOCOL","","","",""
"C3METRIC_R1C_11B_PFJ_DROP_JUMP_IMPULSE","SRC_PMID_37272685","Double-leg drop vertical jump","C3COND_R1C_11B_PFJ_DROP_JUMP_IMPULSE","ex_d6726746","KNEE_PATELLOFEMORAL","COMPRESSION","IMPULSE_PER_EVENT","JOINT_CONTACT_FORCE_TIME_INTEGRAL","BODY_WEIGHT_TIME_NORMALIZED_INTERNAL_IMPULSE","2.6","1.9","3.3","SOURCE_REPORTED_BOUND","","BW*s","20","Healthy adults","Not reported","Healthy","Mixed","Bodyweight","BODYWEIGHT_TASK_CONDITION","Task-defined","Fast plyometric","Bilateral","Laboratory force plates","Drop then immediate vertical jump","Non-fatigued","Same PFJ force-time model as linked peak row","Short contact means impulse can be lower than slower squat/lunge despite higher peak and rate","SOURCE_TABLE_OR_SUPPLEMENT","Song et al. 2023 Table 1 double-leg drop vertical jump row","TABLE_OR_SUPPLEMENT","MODERATE","Short contact means impulse can be lower than slower squat/lunge despite higher peak and rate","Codex","AI_AGENT","2026-07-14T01:00:03Z","DROP_LANDING","FULL_EVENT","","","","VALIDATED_INTERNAL_MODEL","","","NOT_APPLICABLE","","","","","","","","","Bodyweight","BODYWEIGHT_TASK","SOURCE_PROTOCOL","","","",""
"C3METRIC_R1C_11C_PFJ_DROP_JUMP_RATE","SRC_PMID_37272685","Double-leg drop vertical jump","C3COND_R1C_11C_PFJ_DROP_JUMP_RATE","ex_d6726746","KNEE_PATELLOFEMORAL","COMPRESSION","LOADING_RATE","MODELED_JOINT_CONTACT_FORCE_LOADING_RATE","BODY_WEIGHT_NORMALIZED_LOADING_RATE","75.4","57.7","93.1","SOURCE_REPORTED_BOUND","","BW/s","20","Healthy adults","Not reported","Healthy","Mixed","Bodyweight","BODYWEIGHT_TASK_CONDITION","Task-defined","Fast plyometric","Bilateral","Laboratory force plates","Drop then immediate vertical jump","Non-fatigued","Same PFJ force-time model as linked peak row","Drop height and landing strategy remain protocol-specific","SOURCE_TABLE_OR_SUPPLEMENT","Song et al. 2023 Table 1 double-leg drop vertical jump row","TABLE_OR_SUPPLEMENT","MODERATE","Drop height and landing strategy remain protocol-specific","Codex","AI_AGENT","2026-07-14T01:00:03Z","DROP_LANDING","FULL_EVENT","","","","VALIDATED_INTERNAL_MODEL","","","NOT_APPLICABLE","","","","","","","","","Bodyweight","BODYWEIGHT_TASK","SOURCE_PROTOCOL","","","",""
"C3METRIC_R1C_12A_PFJ_MAX_HOP_PEAK","SRC_PMID_37272685","Single-leg maximal forward hop","C3COND_R1C_12A_PFJ_MAX_HOP_PEAK","ex_314df428","KNEE_PATELLOFEMORAL","COMPRESSION","PEAK","MODELED_JOINT_CONTACT_FORCE","BODY_WEIGHT_NORMALIZED_INTERNAL_FORCE","6.3","5.1","7.5","SOURCE_REPORTED_BOUND","","BW","20","Healthy adults","Not reported","Healthy","Mixed","Bodyweight","BODYWEIGHT_TASK_CONDITION","Task-defined","Maximal forward hop","Unilateral","Laboratory force plates","Single maximal forward landing","Non-fatigued","3D motion analysis, force plates, and PFJ model","App hop-and-stick differs from maximal forward hop; no all-hop transfer","SOURCE_TABLE_OR_SUPPLEMENT","Song et al. 2023 Table 1 single-leg maximal forward hop row","TABLE_OR_SUPPLEMENT","MODERATE","App hop-and-stick differs from maximal forward hop; no all-hop transfer","Codex","AI_AGENT","2026-07-14T01:00:03Z","HOP_LANDING","FULL_EVENT","","","","VALIDATED_INTERNAL_MODEL","","","NOT_APPLICABLE","","","","","","","","","Bodyweight","BODYWEIGHT_TASK","SOURCE_PROTOCOL","","","",""
"C3METRIC_R1C_12B_PFJ_MAX_HOP_IMPULSE","SRC_PMID_37272685","Single-leg maximal forward hop","C3COND_R1C_12B_PFJ_MAX_HOP_IMPULSE","ex_314df428","KNEE_PATELLOFEMORAL","COMPRESSION","IMPULSE_PER_EVENT","JOINT_CONTACT_FORCE_TIME_INTEGRAL","BODY_WEIGHT_TIME_NORMALIZED_INTERNAL_IMPULSE","2.6","1.2","4.0","SOURCE_REPORTED_BOUND","","BW*s","20","Healthy adults","Not reported","Healthy","Mixed","Bodyweight","BODYWEIGHT_TASK_CONDITION","Task-defined","Maximal forward hop","Unilateral","Laboratory force plates","Single maximal forward landing","Non-fatigued","Same PFJ force-time model as linked peak row","No repeated-hop or stick-protocol transfer","SOURCE_TABLE_OR_SUPPLEMENT","Song et al. 2023 Table 1 single-leg maximal forward hop row","TABLE_OR_SUPPLEMENT","MODERATE","No repeated-hop or stick-protocol transfer","Codex","AI_AGENT","2026-07-14T01:00:03Z","HOP_LANDING","FULL_EVENT","","","","VALIDATED_INTERNAL_MODEL","","","NOT_APPLICABLE","","","","","","","","","Bodyweight","BODYWEIGHT_TASK","SOURCE_PROTOCOL","","","",""
"C3METRIC_R1C_12C_PFJ_MAX_HOP_RATE","SRC_PMID_37272685","Single-leg maximal forward hop","C3COND_R1C_12C_PFJ_MAX_HOP_RATE","ex_314df428","KNEE_PATELLOFEMORAL","COMPRESSION","LOADING_RATE","MODELED_JOINT_CONTACT_FORCE_LOADING_RATE","BODY_WEIGHT_NORMALIZED_LOADING_RATE","93.1","75.1","111.1","SOURCE_REPORTED_BOUND","","BW/s","20","Healthy adults","Not reported","Healthy","Mixed","Bodyweight","BODYWEIGHT_TASK_CONDITION","Task-defined","Maximal forward hop","Unilateral","Laboratory force plates","Single maximal forward landing","Non-fatigued","Same PFJ force-time model as linked peak row","No repeated-hop or stick-protocol transfer","SOURCE_TABLE_OR_SUPPLEMENT","Song et al. 2023 Table 1 single-leg maximal forward hop row","TABLE_OR_SUPPLEMENT","MODERATE","No repeated-hop or stick-protocol transfer","Codex","AI_AGENT","2026-07-14T01:00:03Z","HOP_LANDING","FULL_EVENT","","","","VALIDATED_INTERNAL_MODEL","","","NOT_APPLICABLE","","","","","","","","","Bodyweight","BODYWEIGHT_TASK","SOURCE_PROTOCOL","","","",""
