"observationId","sourceId","sourceConditionId","metricExtractionId","exerciseStableKey","conditionSelector","targetType","targetId","axis","physicalMetricType","rawValue","reportedDispersionType","reportedDispersionValue","rawUnit","normalizationBasis","measurementFamily","populationScope","structuredContextTags","contextComponentScores","rationale","limitations","evidenceRelation","cohortId","datasetId","dependencyGroupId","evidenceLocatorType","evidenceLocator","fullTextReviewed","publicationIntegrityStatus","extractionConfidence","runtimeEligible"
"C4B1_OBS_28145739_SEATED_BILATERAL_STRESS","SRC_PMID_28145739","C4B1_COND_28145739_SEATED_BILATERAL","C4B1_METRIC_28145739_SEATED_BILATERAL_STRESS","ex_5c8751d2","C4B1_COND_28145739_SEATED_BILATERAL","TISSUE","ACHILLES_TENDON","M","MODELED_ACHILLES_TENDON_STRESS","6.88","SD","3.87","MPa","ABSOLUTE_STRESS_MPA","INVERSE_DYNAMICS_STATIC_OPTIMIZATION","Healthy physically active men aged 18-25","SEATED|BILATERAL|CONTROLLED|HEEL_RAISE","","Full-text table value preserved under its source-defined metric and condition.","Healthy active male cohort; modeled force and stress; strain used literature material properties; source tempo and protocol remain condition-specific.","VALIDATED_INTERNAL_MODEL","COHORT_28145739","DATASET_28145739","DEPENDENCY_28145739","TABLE_REPORTED","PMC5343533 Table 1","true","NO_ADVERSE_NOTICE_FOUND","MODERATE","false"
"C4B1_OBS_28145739_SEATED_BILATERAL_FORCE","SRC_PMID_28145739","C4B1_COND_28145739_SEATED_BILATERAL","C4B1_METRIC_28145739_SEATED_BILATERAL_FORCE","ex_5c8751d2","C4B1_COND_28145739_SEATED_BILATERAL","TISSUE","ACHILLES_TENDON","M","MODELED_ACHILLES_TENDON_FORCE","209.47","SD","96.96","N","ABSOLUTE_FORCE_NEWTON","INVERSE_DYNAMICS_STATIC_OPTIMIZATION","Healthy physically active men aged 18-25","SEATED|BILATERAL|CONTROLLED|HEEL_RAISE","","Full-text table value preserved under its source-defined metric and condition.","Healthy active male cohort; modeled force and stress; strain used literature material properties; source tempo and protocol remain condition-specific.","VALIDATED_INTERNAL_MODEL","COHORT_28145739","DATASET_28145739","DEPENDENCY_28145739","TABLE_REPORTED","PMC5343533 Table 1","true","NO_ADVERSE_NOTICE_FOUND","MODERATE","false"
"C4B1_OBS_28145739_SEATED_BILATERAL_STRAIN","SRC_PMID_28145739","C4B1_COND_28145739_SEATED_BILATERAL","C4B1_METRIC_28145739_SEATED_BILATERAL_STRAIN","ex_5c8751d2","C4B1_COND_28145739_SEATED_BILATERAL","TISSUE","ACHILLES_TENDON","M","MODELED_ACHILLES_TENDON_STRAIN","0.71","SD","0.35","percent","MODELED_STRAIN_PERCENT","INVERSE_DYNAMICS_STATIC_OPTIMIZATION","Healthy physically active men aged 18-25","SEATED|BILATERAL|CONTROLLED|HEEL_RAISE","","Full-text table value preserved under its source-defined metric and condition.","Healthy active male cohort; modeled force and stress; strain used literature material properties; source tempo and protocol remain condition-specific.","VALIDATED_INTERNAL_MODEL","COHORT_28145739","DATASET_28145739","DEPENDENCY_28145739","TABLE_REPORTED","PMC5343533 Table 1","true","NO_ADVERSE_NOTICE_FOUND","MODERATE","false"
"C4B1_OBS_28145739_SEATED_BILATERAL_CONTEXT","SRC_PMID_28145739","C4B1_COND_28145739_SEATED_BILATERAL","C4B1_METRIC_28145739_SEATED_BILATERAL_CONTEXT","ex_5c8751d2","C4B1_COND_28145739_SEATED_BILATERAL","TISSUE","ACHILLES_TENDON","C","STRUCTURED_MECHANICAL_CONTEXT","","SD","","NOT_APPLICABLE","STRUCTURED_CONTEXT_TAGS","SOURCE_PROTOCOL_CONTEXT","Healthy physically active men aged 18-25","SEATED|BILATERAL|CONTROLLED|HEEL_RAISE","","Source protocol context preserved for ordering only; no scalar C calibration.","Healthy active male cohort; modeled force and stress; strain used literature material properties; source tempo and protocol remain condition-specific.","CONTEXT_ONLY","COHORT_28145739","DATASET_28145739","DEPENDENCY_28145739","TABLE_REPORTED","PMC5343533 Table 1","true","NO_ADVERSE_NOTICE_FOUND","LOW","false"
"C4B1_OBS_28145739_STANDING_BILATERAL_STRESS","SRC_PMID_28145739","C4B1_COND_28145739_STANDING_BILATERAL","C4B1_METRIC_28145739_STANDING_BILATERAL_STRESS","ex_bd072cd","C4B1_COND_28145739_STANDING_BILATERAL","TISSUE","ACHILLES_TENDON","M","MODELED_ACHILLES_TENDON_STRESS","40.07","SD","16.43","MPa","ABSOLUTE_STRESS_MPA","INVERSE_DYNAMICS_STATIC_OPTIMIZATION","Healthy physically active men aged 18-25","STANDING|BILATERAL|CONTROLLED|HEEL_RAISE","","Full-text table value preserved under its source-defined metric and condition.","Healthy active male cohort; modeled force and stress; strain used literature material properties; source tempo and protocol remain condition-specific.","VALIDATED_INTERNAL_MODEL","COHORT_28145739","DATASET_28145739","DEPENDENCY_28145739","TABLE_REPORTED","PMC5343533 Table 1","true","NO_ADVERSE_NOTICE_FOUND","MODERATE","false"
"C4B1_OBS_28145739_STANDING_BILATERAL_FORCE","SRC_PMID_28145739","C4B1_COND_28145739_STANDING_BILATERAL","C4B1_METRIC_28145739_STANDING_BILATERAL_FORCE","ex_bd072cd","C4B1_COND_28145739_STANDING_BILATERAL","TISSUE","ACHILLES_TENDON","M","MODELED_ACHILLES_TENDON_FORCE","1250.51","SD","470.41","N","ABSOLUTE_FORCE_NEWTON","INVERSE_DYNAMICS_STATIC_OPTIMIZATION","Healthy physically active men aged 18-25","STANDING|BILATERAL|CONTROLLED|HEEL_RAISE","","Full-text table value preserved under its source-defined metric and condition.","Healthy active male cohort; modeled force and stress; strain used literature material properties; source tempo and protocol remain condition-specific.","VALIDATED_INTERNAL_MODEL","COHORT_28145739","DATASET_28145739","DEPENDENCY_28145739","TABLE_REPORTED","PMC5343533 Table 1","true","NO_ADVERSE_NOTICE_FOUND","MODERATE","false"
"C4B1_OBS_28145739_STANDING_BILATERAL_STRAIN","SRC_PMID_28145739","C4B1_COND_28145739_STANDING_BILATERAL","C4B1_METRIC_28145739_STANDING_BILATERAL_STRAIN","ex_bd072cd","C4B1_COND_28145739_STANDING_BILATERAL","TISSUE","ACHILLES_TENDON","M","MODELED_ACHILLES_TENDON_STRAIN","3.94","SD","1.62","percent","MODELED_STRAIN_PERCENT","INVERSE_DYNAMICS_STATIC_OPTIMIZATION","Healthy physically active men aged 18-25","STANDING|BILATERAL|CONTROLLED|HEEL_RAISE","","Full-text table value preserved under its source-defined metric and condition.","Healthy active male cohort; modeled force and stress; strain used literature material properties; source tempo and protocol remain condition-specific.","VALIDATED_INTERNAL_MODEL","COHORT_28145739","DATASET_28145739","DEPENDENCY_28145739","TABLE_REPORTED","PMC5343533 Table 1","true","NO_ADVERSE_NOTICE_FOUND","MODERATE","false"
"C4B1_OBS_28145739_STANDING_BILATERAL_CONTEXT","SRC_PMID_28145739","C4B1_COND_28145739_STANDING_BILATERAL","C4B1_METRIC_28145739_STANDING_BILATERAL_CONTEXT","ex_bd072cd","C4B1_COND_28145739_STANDING_BILATERAL","TISSUE","ACHILLES_TENDON","C","STRUCTURED_MECHANICAL_CONTEXT","","SD","","NOT_APPLICABLE","STRUCTURED_CONTEXT_TAGS","SOURCE_PROTOCOL_CONTEXT","Healthy physically active men aged 18-25","STANDING|BILATERAL|CONTROLLED|HEEL_RAISE","","Source protocol context preserved for ordering only; no scalar C calibration.","Healthy active male cohort; modeled force and stress; strain used literature material properties; source tempo and protocol remain condition-specific.","CONTEXT_ONLY","COHORT_28145739","DATASET_28145739","DEPENDENCY_28145739","TABLE_REPORTED","PMC5343533 Table 1","true","NO_ADVERSE_NOTICE_FOUND","LOW","false"
"C4B1_OBS_28145739_BILATERAL_UP_UNILATERAL_DOWN_STRESS","SRC_PMID_28145739","C4B1_COND_28145739_BILATERAL_UP_UNILATERAL_DOWN","C4B1_METRIC_28145739_BILATERAL_UP_UNILATERAL_DOWN_STRESS","","C4B1_COND_28145739_BILATERAL_UP_UNILATERAL_DOWN","TISSUE","ACHILLES_TENDON","M","MODELED_ACHILLES_TENDON_STRESS","65.85","SD","24.92","MPa","ABSOLUTE_STRESS_MPA","INVERSE_DYNAMICS_STATIC_OPTIMIZATION","Healthy physically active men aged 18-25","STANDING|MIXED_LATERALITY|CONTROLLED|ECCENTRIC_UNILATERAL","","Full-text table value preserved under its source-defined metric and condition.","Healthy active male cohort; modeled force and stress; strain used literature material properties; source tempo and protocol remain condition-specific.","VALIDATED_INTERNAL_MODEL","COHORT_28145739","DATASET_28145739","DEPENDENCY_28145739","TABLE_REPORTED","PMC5343533 Table 1","true","NO_ADVERSE_NOTICE_FOUND","MODERATE","false"
"C4B1_OBS_28145739_BILATERAL_UP_UNILATERAL_DOWN_FORCE","SRC_PMID_28145739","C4B1_COND_28145739_BILATERAL_UP_UNILATERAL_DOWN","C4B1_METRIC_28145739_BILATERAL_UP_UNILATERAL_DOWN_FORCE","","C4B1_COND_28145739_BILATERAL_UP_UNILATERAL_DOWN","TISSUE","ACHILLES_TENDON","M","MODELED_ACHILLES_TENDON_FORCE","2052.88","SD","633.21","N","ABSOLUTE_FORCE_NEWTON","INVERSE_DYNAMICS_STATIC_OPTIMIZATION","Healthy physically active men aged 18-25","STANDING|MIXED_LATERALITY|CONTROLLED|ECCENTRIC_UNILATERAL","","Full-text table value preserved under its source-defined metric and condition.","Healthy active male cohort; modeled force and stress; strain used literature material properties; source tempo and protocol remain condition-specific.","VALIDATED_INTERNAL_MODEL","COHORT_28145739","DATASET_28145739","DEPENDENCY_28145739","TABLE_REPORTED","PMC5343533 Table 1","true","NO_ADVERSE_NOTICE_FOUND","MODERATE","false"
"C4B1_OBS_28145739_BILATERAL_UP_UNILATERAL_DOWN_STRAIN","SRC_PMID_28145739","C4B1_COND_28145739_BILATERAL_UP_UNILATERAL_DOWN","C4B1_METRIC_28145739_BILATERAL_UP_UNILATERAL_DOWN_STRAIN","","C4B1_COND_28145739_BILATERAL_UP_UNILATERAL_DOWN","TISSUE","ACHILLES_TENDON","M","MODELED_ACHILLES_TENDON_STRAIN","6.47","SD","2.45","percent","MODELED_STRAIN_PERCENT","INVERSE_DYNAMICS_STATIC_OPTIMIZATION","Healthy physically active men aged 18-25","STANDING|MIXED_LATERALITY|CONTROLLED|ECCENTRIC_UNILATERAL","","Full-text table value preserved under its source-defined metric and condition.","Healthy active male cohort; modeled force and stress; strain used literature material properties; source tempo and protocol remain condition-specific.","VALIDATED_INTERNAL_MODEL","COHORT_28145739","DATASET_28145739","DEPENDENCY_28145739","TABLE_REPORTED","PMC5343533 Table 1","true","NO_ADVERSE_NOTICE_FOUND","MODERATE","false"
"C4B1_OBS_28145739_BILATERAL_UP_UNILATERAL_DOWN_CONTEXT","SRC_PMID_28145739","C4B1_COND_28145739_BILATERAL_UP_UNILATERAL_DOWN","C4B1_METRIC_28145739_BILATERAL_UP_UNILATERAL_DOWN_CONTEXT","","C4B1_COND_28145739_BILATERAL_UP_UNILATERAL_DOWN","TISSUE","ACHILLES_TENDON","C","STRUCTURED_MECHANICAL_CONTEXT","","SD","","NOT_APPLICABLE","STRUCTURED_CONTEXT_TAGS","SOURCE_PROTOCOL_CONTEXT","Healthy physically active men aged 18-25","STANDING|MIXED_LATERALITY|CONTROLLED|ECCENTRIC_UNILATERAL","","Source protocol context preserved for ordering only; no scalar C calibration.","Healthy active male cohort; modeled force and stress; strain used literature material properties; source tempo and protocol remain condition-specific.","CONTEXT_ONLY","COHORT_28145739","DATASET_28145739","DEPENDENCY_28145739","TABLE_REPORTED","PMC5343533 Table 1","true","NO_ADVERSE_NOTICE_FOUND","LOW","false"
"C4B1_OBS_28145739_UNILATERAL_STRESS","SRC_PMID_28145739","C4B1_COND_28145739_UNILATERAL","C4B1_METRIC_28145739_UNILATERAL_STRESS","ex_5ca7133f","C4B1_COND_28145739_UNILATERAL","TISSUE","ACHILLES_TENDON","M","MODELED_ACHILLES_TENDON_STRESS","89.54","SD","35.31","MPa","ABSOLUTE_STRESS_MPA","INVERSE_DYNAMICS_STATIC_OPTIMIZATION","Healthy physically active men aged 18-25","STANDING|UNILATERAL|CONTROLLED|HEEL_RAISE","","Full-text table value preserved under its source-defined metric and condition.","Healthy active male cohort; modeled force and stress; strain used literature material properties; source tempo and protocol remain condition-specific.","VALIDATED_INTERNAL_MODEL","COHORT_28145739","DATASET_28145739","DEPENDENCY_28145739","TABLE_REPORTED","PMC5343533 Table 1","true","NO_ADVERSE_NOTICE_FOUND","MODERATE","false"
"C4B1_OBS_28145739_UNILATERAL_FORCE","SRC_PMID_28145739","C4B1_COND_28145739_UNILATERAL","C4B1_METRIC_28145739_UNILATERAL_FORCE","ex_5ca7133f","C4B1_COND_28145739_UNILATERAL","TISSUE","ACHILLES_TENDON","M","MODELED_ACHILLES_TENDON_FORCE","2760.14","SD","876.56","N","ABSOLUTE_FORCE_NEWTON","INVERSE_DYNAMICS_STATIC_OPTIMIZATION","Healthy physically active men aged 18-25","STANDING|UNILATERAL|CONTROLLED|HEEL_RAISE","","Full-text table value preserved under its source-defined metric and condition.","Healthy active male cohort; modeled force and stress; strain used literature material properties; source tempo and protocol remain condition-specific.","VALIDATED_INTERNAL_MODEL","COHORT_28145739","DATASET_28145739","DEPENDENCY_28145739","TABLE_REPORTED","PMC5343533 Table 1","true","NO_ADVERSE_NOTICE_FOUND","MODERATE","false"
"C4B1_OBS_28145739_UNILATERAL_STRAIN","SRC_PMID_28145739","C4B1_COND_28145739_UNILATERAL","C4B1_METRIC_28145739_UNILATERAL_STRAIN","ex_5ca7133f","C4B1_COND_28145739_UNILATERAL","TISSUE","ACHILLES_TENDON","M","MODELED_ACHILLES_TENDON_STRAIN","8.8","SD","3.47","percent","MODELED_STRAIN_PERCENT","INVERSE_DYNAMICS_STATIC_OPTIMIZATION","Healthy physically active men aged 18-25","STANDING|UNILATERAL|CONTROLLED|HEEL_RAISE","","Full-text table value preserved under its source-defined metric and condition.","Healthy active male cohort; modeled force and stress; strain used literature material properties; source tempo and protocol remain condition-specific.","VALIDATED_INTERNAL_MODEL","COHORT_28145739","DATASET_28145739","DEPENDENCY_28145739","TABLE_REPORTED","PMC5343533 Table 1","true","NO_ADVERSE_NOTICE_FOUND","MODERATE","false"
"C4B1_OBS_28145739_UNILATERAL_CONTEXT","SRC_PMID_28145739","C4B1_COND_28145739_UNILATERAL","C4B1_METRIC_28145739_UNILATERAL_CONTEXT","ex_5ca7133f","C4B1_COND_28145739_UNILATERAL","TISSUE","ACHILLES_TENDON","C","STRUCTURED_MECHANICAL_CONTEXT","","SD","","NOT_APPLICABLE","STRUCTURED_CONTEXT_TAGS","SOURCE_PROTOCOL_CONTEXT","Healthy physically active men aged 18-25","STANDING|UNILATERAL|CONTROLLED|HEEL_RAISE","","Source protocol context preserved for ordering only; no scalar C calibration.","Healthy active male cohort; modeled force and stress; strain used literature material properties; source tempo and protocol remain condition-specific.","CONTEXT_ONLY","COHORT_28145739","DATASET_28145739","DEPENDENCY_28145739","TABLE_REPORTED","PMC5343533 Table 1","true","NO_ADVERSE_NOTICE_FOUND","LOW","false"
"C4B1_OBS_37847102_WALK_PEAK","SRC_PMID_37847102","C4B1_COND_37847102_WALK","C4B1_METRIC_37847102_WALK_PEAK","","C4B1_COND_37847102_WALK","TISSUE","PATELLAR_TENDON","M","MODELED_PATELLAR_TENDON_PEAK_FORCE","0.8","SD","0.4","BW","BODY_WEIGHT_NORMALIZED_INTERNAL_FORCE","MODELED_PATELLAR_TENDON_FORCE_TIME","Healthy adults aged approximately 20-32","WALKING|LOW_LOAD|LOCOMOTION","","Full-text table value preserved under its source-defined metric and condition.","Healthy young adults; constrained sagittal model omits frontal/transverse effects and muscle co-contraction; bodyweight protocols only.","VALIDATED_INTERNAL_MODEL","COHORT_37847102","DATASET_37847102","DEPENDENCY_37847102","TABLE_REPORTED","PMC10925836 Table 1","true","NO_ADVERSE_NOTICE_FOUND","MODERATE","false"
"C4B1_OBS_37847102_WALK_IMPULSE","SRC_PMID_37847102","C4B1_COND_37847102_WALK","C4B1_METRIC_37847102_WALK_IMPULSE","","C4B1_COND_37847102_WALK","TISSUE","PATELLAR_TENDON","T","MODELED_PATELLAR_TENDON_FORCE_TIME_INTEGRAL","0.2","SD","0.1","BW*s","BODY_WEIGHT_TIME_NORMALIZED_INTERNAL_IMPULSE","MODELED_PATELLAR_TENDON_FORCE_TIME","Healthy adults aged approximately 20-32","WALKING|LOW_LOAD|LOCOMOTION","","Full-text table value preserved under its source-defined metric and condition.","Healthy young adults; constrained sagittal model omits frontal/transverse effects and muscle co-contraction; bodyweight protocols only.","VALIDATED_INTERNAL_MODEL","COHORT_37847102","DATASET_37847102","DEPENDENCY_37847102","TABLE_REPORTED","PMC10925836 Table 1","true","NO_ADVERSE_NOTICE_FOUND","MODERATE","false"
"C4B1_OBS_37847102_WALK_RATE","SRC_PMID_37847102","C4B1_COND_37847102_WALK","C4B1_METRIC_37847102_WALK_RATE","","C4B1_COND_37847102_WALK","TISSUE","PATELLAR_TENDON","T","MODELED_PATELLAR_TENDON_LOADING_RATE","13.4","SD","4.9","BW/s","BODY_WEIGHT_NORMALIZED_LOADING_RATE","MODELED_PATELLAR_TENDON_FORCE_TIME","Healthy adults aged approximately 20-32","WALKING|LOW_LOAD|LOCOMOTION","","Full-text table value preserved under its source-defined metric and condition.","Healthy young adults; constrained sagittal model omits frontal/transverse effects and muscle co-contraction; bodyweight protocols only.","VALIDATED_INTERNAL_MODEL","COHORT_37847102","DATASET_37847102","DEPENDENCY_37847102","TABLE_REPORTED","PMC10925836 Table 1","true","NO_ADVERSE_NOTICE_FOUND","MODERATE","false"
"C4B1_OBS_37847102_DL_SQUAT_60_PEAK","SRC_PMID_37847102","C4B1_COND_37847102_DL_SQUAT_60","C4B1_METRIC_37847102_DL_SQUAT_60_PEAK","ex_cb3c4dc2","C4B1_COND_37847102_DL_SQUAT_60","TISSUE","PATELLAR_TENDON","M","MODELED_PATELLAR_TENDON_PEAK_FORCE","1.8","SD","0.5","BW","BODY_WEIGHT_NORMALIZED_INTERNAL_FORCE","MODELED_PATELLAR_TENDON_FORCE_TIME","Healthy adults aged approximately 20-32","SQUAT|BILATERAL|PARTIAL_ROM|CONTROLLED","","Full-text table value preserved under its source-defined metric and condition.","Healthy young adults; constrained sagittal model omits frontal/transverse effects and muscle co-contraction; bodyweight protocols only.","VALIDATED_INTERNAL_MODEL","COHORT_37847102","DATASET_37847102","DEPENDENCY_37847102","TABLE_REPORTED","PMC10925836 Table 1","true","NO_ADVERSE_NOTICE_FOUND","MODERATE","false"
"C4B1_OBS_37847102_DL_SQUAT_60_IMPULSE","SRC_PMID_37847102","C4B1_COND_37847102_DL_SQUAT_60","C4B1_METRIC_37847102_DL_SQUAT_60_IMPULSE","ex_cb3c4dc2","C4B1_COND_37847102_DL_SQUAT_60","TISSUE","PATELLAR_TENDON","T","MODELED_PATELLAR_TENDON_FORCE_TIME_INTEGRAL","1.5","SD","0.5","BW*s","BODY_WEIGHT_TIME_NORMALIZED_INTERNAL_IMPULSE","MODELED_PATELLAR_TENDON_FORCE_TIME","Healthy adults aged approximately 20-32","SQUAT|BILATERAL|PARTIAL_ROM|CONTROLLED","","Full-text table value preserved under its source-defined metric and condition.","Healthy young adults; constrained sagittal model omits frontal/transverse effects and muscle co-contraction; bodyweight protocols only.","VALIDATED_INTERNAL_MODEL","COHORT_37847102","DATASET_37847102","DEPENDENCY_37847102","TABLE_REPORTED","PMC10925836 Table 1","true","NO_ADVERSE_NOTICE_FOUND","MODERATE","false"
"C4B1_OBS_37847102_DL_SQUAT_60_RATE","SRC_PMID_37847102","C4B1_COND_37847102_DL_SQUAT_60","C4B1_METRIC_37847102_DL_SQUAT_60_RATE","ex_cb3c4dc2","C4B1_COND_37847102_DL_SQUAT_60","TISSUE","PATELLAR_TENDON","T","MODELED_PATELLAR_TENDON_LOADING_RATE","4.7","SD","1.8","BW/s","BODY_WEIGHT_NORMALIZED_LOADING_RATE","MODELED_PATELLAR_TENDON_FORCE_TIME","Healthy adults aged approximately 20-32","SQUAT|BILATERAL|PARTIAL_ROM|CONTROLLED","","Full-text table value preserved under its source-defined metric and condition.","Healthy young adults; constrained sagittal model omits frontal/transverse effects and muscle co-contraction; bodyweight protocols only.","VALIDATED_INTERNAL_MODEL","COHORT_37847102","DATASET_37847102","DEPENDENCY_37847102","TABLE_REPORTED","PMC10925836 Table 1","true","NO_ADVERSE_NOTICE_FOUND","MODERATE","false"
"C4B1_OBS_37847102_DL_SQUAT_60_CONTEXT","SRC_PMID_37847102","C4B1_COND_37847102_DL_SQUAT_60","C4B1_METRIC_37847102_DL_SQUAT_60_CONTEXT","ex_cb3c4dc2","C4B1_COND_37847102_DL_SQUAT_60","TISSUE","PATELLAR_TENDON","C","STRUCTURED_MECHANICAL_CONTEXT","","SD","","NOT_APPLICABLE","STRUCTURED_CONTEXT_TAGS","SOURCE_PROTOCOL_CONTEXT","Healthy adults aged approximately 20-32","SQUAT|BILATERAL|PARTIAL_ROM|CONTROLLED","","Source protocol context preserved for ordering only; no scalar C calibration.","Healthy young adults; constrained sagittal model omits frontal/transverse effects and muscle co-contraction; bodyweight protocols only.","CONTEXT_ONLY","COHORT_37847102","DATASET_37847102","DEPENDENCY_37847102","TABLE_REPORTED","PMC10925836 Table 1","true","NO_ADVERSE_NOTICE_FOUND","LOW","false"
"C4B1_OBS_37847102_DL_SQUAT_FULL_PEAK","SRC_PMID_37847102","C4B1_COND_37847102_DL_SQUAT_FULL","C4B1_METRIC_37847102_DL_SQUAT_FULL_PEAK","ex_cb3c4dc2","C4B1_COND_37847102_DL_SQUAT_FULL","TISSUE","PATELLAR_TENDON","M","MODELED_PATELLAR_TENDON_PEAK_FORCE","3.4","SD","0.7","BW","BODY_WEIGHT_NORMALIZED_INTERNAL_FORCE","MODELED_PATELLAR_TENDON_FORCE_TIME","Healthy adults aged approximately 20-32","SQUAT|BILATERAL|FULL_ROM|CONTROLLED","","Full-text table value preserved under its source-defined metric and condition.","Healthy young adults; constrained sagittal model omits frontal/transverse effects and muscle co-contraction; bodyweight protocols only.","VALIDATED_INTERNAL_MODEL","COHORT_37847102","DATASET_37847102","DEPENDENCY_37847102","TABLE_REPORTED","PMC10925836 Table 1","true","NO_ADVERSE_NOTICE_FOUND","MODERATE","false"
"C4B1_OBS_37847102_DL_SQUAT_FULL_IMPULSE","SRC_PMID_37847102","C4B1_COND_37847102_DL_SQUAT_FULL","C4B1_METRIC_37847102_DL_SQUAT_FULL_IMPULSE","ex_cb3c4dc2","C4B1_COND_37847102_DL_SQUAT_FULL","TISSUE","PATELLAR_TENDON","T","MODELED_PATELLAR_TENDON_FORCE_TIME_INTEGRAL","2.7","SD","0.5","BW*s","BODY_WEIGHT_TIME_NORMALIZED_INTERNAL_IMPULSE","MODELED_PATELLAR_TENDON_FORCE_TIME","Healthy adults aged approximately 20-32","SQUAT|BILATERAL|FULL_ROM|CONTROLLED","","Full-text table value preserved under its source-defined metric and condition.","Healthy young adults; constrained sagittal model omits frontal/transverse effects and muscle co-contraction; bodyweight protocols only.","VALIDATED_INTERNAL_MODEL","COHORT_37847102","DATASET_37847102","DEPENDENCY_37847102","TABLE_REPORTED","PMC10925836 Table 1","true","NO_ADVERSE_NOTICE_FOUND","MODERATE","false"
"C4B1_OBS_37847102_DL_SQUAT_FULL_RATE","SRC_PMID_37847102","C4B1_COND_37847102_DL_SQUAT_FULL","C4B1_METRIC_37847102_DL_SQUAT_FULL_RATE","ex_cb3c4dc2","C4B1_COND_37847102_DL_SQUAT_FULL","TISSUE","PATELLAR_TENDON","T","MODELED_PATELLAR_TENDON_LOADING_RATE","9.2","SD","2.7","BW/s","BODY_WEIGHT_NORMALIZED_LOADING_RATE","MODELED_PATELLAR_TENDON_FORCE_TIME","Healthy adults aged approximately 20-32","SQUAT|BILATERAL|FULL_ROM|CONTROLLED","","Full-text table value preserved under its source-defined metric and condition.","Healthy young adults; constrained sagittal model omits frontal/transverse effects and muscle co-contraction; bodyweight protocols only.","VALIDATED_INTERNAL_MODEL","COHORT_37847102","DATASET_37847102","DEPENDENCY_37847102","TABLE_REPORTED","PMC10925836 Table 1","true","NO_ADVERSE_NOTICE_FOUND","MODERATE","false"
"C4B1_OBS_37847102_DL_SQUAT_FULL_CONTEXT","SRC_PMID_37847102","C4B1_COND_37847102_DL_SQUAT_FULL","C4B1_METRIC_37847102_DL_SQUAT_FULL_CONTEXT","ex_cb3c4dc2","C4B1_COND_37847102_DL_SQUAT_FULL","TISSUE","PATELLAR_TENDON","C","STRUCTURED_MECHANICAL_CONTEXT","","SD","","NOT_APPLICABLE","STRUCTURED_CONTEXT_TAGS","SOURCE_PROTOCOL_CONTEXT","Healthy adults aged approximately 20-32","SQUAT|BILATERAL|FULL_ROM|CONTROLLED","","Source protocol context preserved for ordering only; no scalar C calibration.","Healthy young adults; constrained sagittal model omits frontal/transverse effects and muscle co-contraction; bodyweight protocols only.","CONTEXT_ONLY","COHORT_37847102","DATASET_37847102","DEPENDENCY_37847102","TABLE_REPORTED","PMC10925836 Table 1","true","NO_ADVERSE_NOTICE_FOUND","LOW","false"
"C4B1_OBS_37847102_RUN_CUT_PEAK","SRC_PMID_37847102","C4B1_COND_37847102_RUN_CUT","C4B1_METRIC_37847102_RUN_CUT_PEAK","","C4B1_COND_37847102_RUN_CUT","TISSUE","PATELLAR_TENDON","M","MODELED_PATELLAR_TENDON_PEAK_FORCE","5.5","SD","1.2","BW","BODY_WEIGHT_NORMALIZED_INTERNAL_FORCE","MODELED_PATELLAR_TENDON_FORCE_TIME","Healthy adults aged approximately 20-32","RUNNING|CUTTING|HIGH_RATE|CHANGE_OF_DIRECTION","","Full-text table value preserved under its source-defined metric and condition.","Healthy young adults; constrained sagittal model omits frontal/transverse effects and muscle co-contraction; bodyweight protocols only.","VALIDATED_INTERNAL_MODEL","COHORT_37847102","DATASET_37847102","DEPENDENCY_37847102","TABLE_REPORTED","PMC10925836 Table 1","true","NO_ADVERSE_NOTICE_FOUND","MODERATE","false"
"C4B1_OBS_37847102_RUN_CUT_IMPULSE","SRC_PMID_37847102","C4B1_COND_37847102_RUN_CUT","C4B1_METRIC_37847102_RUN_CUT_IMPULSE","","C4B1_COND_37847102_RUN_CUT","TISSUE","PATELLAR_TENDON","T","MODELED_PATELLAR_TENDON_FORCE_TIME_INTEGRAL","0.7","SD","0.2","BW*s","BODY_WEIGHT_TIME_NORMALIZED_INTERNAL_IMPULSE","MODELED_PATELLAR_TENDON_FORCE_TIME","Healthy adults aged approximately 20-32","RUNNING|CUTTING|HIGH_RATE|CHANGE_OF_DIRECTION","","Full-text table value preserved under its source-defined metric and condition.","Healthy young adults; constrained sagittal model omits frontal/transverse effects and muscle co-contraction; bodyweight protocols only.","VALIDATED_INTERNAL_MODEL","COHORT_37847102","DATASET_37847102","DEPENDENCY_37847102","TABLE_REPORTED","PMC10925836 Table 1","true","NO_ADVERSE_NOTICE_FOUND","MODERATE","false"
"C4B1_OBS_37847102_RUN_CUT_RATE","SRC_PMID_37847102","C4B1_COND_37847102_RUN_CUT","C4B1_METRIC_37847102_RUN_CUT_RATE","","C4B1_COND_37847102_RUN_CUT","TISSUE","PATELLAR_TENDON","T","MODELED_PATELLAR_TENDON_LOADING_RATE","96.2","SD","18.3","BW/s","BODY_WEIGHT_NORMALIZED_LOADING_RATE","MODELED_PATELLAR_TENDON_FORCE_TIME","Healthy adults aged approximately 20-32","RUNNING|CUTTING|HIGH_RATE|CHANGE_OF_DIRECTION","","Full-text table value preserved under its source-defined metric and condition.","Healthy young adults; constrained sagittal model omits frontal/transverse effects and muscle co-contraction; bodyweight protocols only.","VALIDATED_INTERNAL_MODEL","COHORT_37847102","DATASET_37847102","DEPENDENCY_37847102","TABLE_REPORTED","PMC10925836 Table 1","true","NO_ADVERSE_NOTICE_FOUND","MODERATE","false"
"C4B1_OBS_37847102_SL_DECLINE_SQUAT_PEAK","SRC_PMID_37847102","C4B1_COND_37847102_SL_DECLINE_SQUAT","C4B1_METRIC_37847102_SL_DECLINE_SQUAT_PEAK","","C4B1_COND_37847102_SL_DECLINE_SQUAT","TISSUE","PATELLAR_TENDON","M","MODELED_PATELLAR_TENDON_PEAK_FORCE","5.2","SD","0.6","BW","BODY_WEIGHT_NORMALIZED_INTERNAL_FORCE","MODELED_PATELLAR_TENDON_FORCE_TIME","Healthy adults aged approximately 20-32","SQUAT|UNILATERAL|DECLINE|HIGH_IMPULSE","","Full-text table value preserved under its source-defined metric and condition.","Healthy young adults; constrained sagittal model omits frontal/transverse effects and muscle co-contraction; bodyweight protocols only.","VALIDATED_INTERNAL_MODEL","COHORT_37847102","DATASET_37847102","DEPENDENCY_37847102","TABLE_REPORTED","PMC10925836 Table 1","true","NO_ADVERSE_NOTICE_FOUND","MODERATE","false"
"C4B1_OBS_37847102_SL_DECLINE_SQUAT_IMPULSE","SRC_PMID_37847102","C4B1_COND_37847102_SL_DECLINE_SQUAT","C4B1_METRIC_37847102_SL_DECLINE_SQUAT_IMPULSE","","C4B1_COND_37847102_SL_DECLINE_SQUAT","TISSUE","PATELLAR_TENDON","T","MODELED_PATELLAR_TENDON_FORCE_TIME_INTEGRAL","6.8","SD","2","BW*s","BODY_WEIGHT_TIME_NORMALIZED_INTERNAL_IMPULSE","MODELED_PATELLAR_TENDON_FORCE_TIME","Healthy adults aged approximately 20-32","SQUAT|UNILATERAL|DECLINE|HIGH_IMPULSE","","Full-text table value preserved under its source-defined metric and condition.","Healthy young adults; constrained sagittal model omits frontal/transverse effects and muscle co-contraction; bodyweight protocols only.","VALIDATED_INTERNAL_MODEL","COHORT_37847102","DATASET_37847102","DEPENDENCY_37847102","TABLE_REPORTED","PMC10925836 Table 1","true","NO_ADVERSE_NOTICE_FOUND","MODERATE","false"
"C4B1_OBS_37847102_SL_DECLINE_SQUAT_RATE","SRC_PMID_37847102","C4B1_COND_37847102_SL_DECLINE_SQUAT","C4B1_METRIC_37847102_SL_DECLINE_SQUAT_RATE","","C4B1_COND_37847102_SL_DECLINE_SQUAT","TISSUE","PATELLAR_TENDON","T","MODELED_PATELLAR_TENDON_LOADING_RATE","12.3","SD","2.4","BW/s","BODY_WEIGHT_NORMALIZED_LOADING_RATE","MODELED_PATELLAR_TENDON_FORCE_TIME","Healthy adults aged approximately 20-32","SQUAT|UNILATERAL|DECLINE|HIGH_IMPULSE","","Full-text table value preserved under its source-defined metric and condition.","Healthy young adults; constrained sagittal model omits frontal/transverse effects and muscle co-contraction; bodyweight protocols only.","VALIDATED_INTERNAL_MODEL","COHORT_37847102","DATASET_37847102","DEPENDENCY_37847102","TABLE_REPORTED","PMC10925836 Table 1","true","NO_ADVERSE_NOTICE_FOUND","MODERATE","false"
"C4B1_OBS_37847102_SPANISH_SQUAT_3S_PEAK","SRC_PMID_37847102","C4B1_COND_37847102_SPANISH_SQUAT_3S","C4B1_METRIC_37847102_SPANISH_SQUAT_3S_PEAK","","C4B1_COND_37847102_SPANISH_SQUAT_3S","TISSUE","PATELLAR_TENDON","M","MODELED_PATELLAR_TENDON_PEAK_FORCE","2.8","SD","1.1","BW","BODY_WEIGHT_NORMALIZED_INTERNAL_FORCE","MODELED_PATELLAR_TENDON_FORCE_TIME","Healthy adults aged approximately 20-32","SQUAT|BILATERAL|ISOMETRIC|HIGH_IMPULSE|LOW_RATE","","Full-text table value preserved under its source-defined metric and condition.","Healthy young adults; constrained sagittal model omits frontal/transverse effects and muscle co-contraction; bodyweight protocols only.","VALIDATED_INTERNAL_MODEL","COHORT_37847102","DATASET_37847102","DEPENDENCY_37847102","TABLE_REPORTED","PMC10925836 Table 1","true","NO_ADVERSE_NOTICE_FOUND","MODERATE","false"
"C4B1_OBS_37847102_SPANISH_SQUAT_3S_IMPULSE","SRC_PMID_37847102","C4B1_COND_37847102_SPANISH_SQUAT_3S","C4B1_METRIC_37847102_SPANISH_SQUAT_3S_IMPULSE","","C4B1_COND_37847102_SPANISH_SQUAT_3S","TISSUE","PATELLAR_TENDON","T","MODELED_PATELLAR_TENDON_FORCE_TIME_INTEGRAL","8.2","SD","3","BW*s","BODY_WEIGHT_TIME_NORMALIZED_INTERNAL_IMPULSE","MODELED_PATELLAR_TENDON_FORCE_TIME","Healthy adults aged approximately 20-32","SQUAT|BILATERAL|ISOMETRIC|HIGH_IMPULSE|LOW_RATE","","Full-text table value preserved under its source-defined metric and condition.","Healthy young adults; constrained sagittal model omits frontal/transverse effects and muscle co-contraction; bodyweight protocols only.","VALIDATED_INTERNAL_MODEL","COHORT_37847102","DATASET_37847102","DEPENDENCY_37847102","TABLE_REPORTED","PMC10925836 Table 1","true","NO_ADVERSE_NOTICE_FOUND","MODERATE","false"
"C4B1_OBS_37847102_SPANISH_SQUAT_3S_RATE","SRC_PMID_37847102","C4B1_COND_37847102_SPANISH_SQUAT_3S","C4B1_METRIC_37847102_SPANISH_SQUAT_3S_RATE","","C4B1_COND_37847102_SPANISH_SQUAT_3S","TISSUE","PATELLAR_TENDON","T","MODELED_PATELLAR_TENDON_LOADING_RATE","1.6","SD","1.3","BW/s","BODY_WEIGHT_NORMALIZED_LOADING_RATE","MODELED_PATELLAR_TENDON_FORCE_TIME","Healthy adults aged approximately 20-32","SQUAT|BILATERAL|ISOMETRIC|HIGH_IMPULSE|LOW_RATE","","Full-text table value preserved under its source-defined metric and condition.","Healthy young adults; constrained sagittal model omits frontal/transverse effects and muscle co-contraction; bodyweight protocols only.","VALIDATED_INTERNAL_MODEL","COHORT_37847102","DATASET_37847102","DEPENDENCY_37847102","TABLE_REPORTED","PMC10925836 Table 1","true","NO_ADVERSE_NOTICE_FOUND","MODERATE","false"
"C4B1_OBS_37847102_LUNGE_PEAK","SRC_PMID_37847102","C4B1_COND_37847102_LUNGE","C4B1_METRIC_37847102_LUNGE_PEAK","ex_64644b5e","C4B1_COND_37847102_LUNGE","TISSUE","PATELLAR_TENDON","M","MODELED_PATELLAR_TENDON_PEAK_FORCE","3.3","SD","0.6","BW","BODY_WEIGHT_NORMALIZED_INTERNAL_FORCE","MODELED_PATELLAR_TENDON_FORCE_TIME","Healthy adults aged approximately 20-32","LUNGE|UNILATERAL|CONTROLLED","","Full-text table value preserved under its source-defined metric and condition.","Healthy young adults; constrained sagittal model omits frontal/transverse effects and muscle co-contraction; bodyweight protocols only.","VALIDATED_INTERNAL_MODEL","COHORT_37847102","DATASET_37847102","DEPENDENCY_37847102","TABLE_REPORTED","PMC10925836 Table 1","true","NO_ADVERSE_NOTICE_FOUND","MODERATE","false"
"C4B1_OBS_37847102_LUNGE_IMPULSE","SRC_PMID_37847102","C4B1_COND_37847102_LUNGE","C4B1_METRIC_37847102_LUNGE_IMPULSE","ex_64644b5e","C4B1_COND_37847102_LUNGE","TISSUE","PATELLAR_TENDON","T","MODELED_PATELLAR_TENDON_FORCE_TIME_INTEGRAL","3.6","SD","0.9","BW*s","BODY_WEIGHT_TIME_NORMALIZED_INTERNAL_IMPULSE","MODELED_PATELLAR_TENDON_FORCE_TIME","Healthy adults aged approximately 20-32","LUNGE|UNILATERAL|CONTROLLED","","Full-text table value preserved under its source-defined metric and condition.","Healthy young adults; constrained sagittal model omits frontal/transverse effects and muscle co-contraction; bodyweight protocols only.","VALIDATED_INTERNAL_MODEL","COHORT_37847102","DATASET_37847102","DEPENDENCY_37847102","TABLE_REPORTED","PMC10925836 Table 1","true","NO_ADVERSE_NOTICE_FOUND","MODERATE","false"
"C4B1_OBS_37847102_LUNGE_RATE","SRC_PMID_37847102","C4B1_COND_37847102_LUNGE","C4B1_METRIC_37847102_LUNGE_RATE","ex_64644b5e","C4B1_COND_37847102_LUNGE","TISSUE","PATELLAR_TENDON","T","MODELED_PATELLAR_TENDON_LOADING_RATE","16.8","SD","4.7","BW/s","BODY_WEIGHT_NORMALIZED_LOADING_RATE","MODELED_PATELLAR_TENDON_FORCE_TIME","Healthy adults aged approximately 20-32","LUNGE|UNILATERAL|CONTROLLED","","Full-text table value preserved under its source-defined metric and condition.","Healthy young adults; constrained sagittal model omits frontal/transverse effects and muscle co-contraction; bodyweight protocols only.","VALIDATED_INTERNAL_MODEL","COHORT_37847102","DATASET_37847102","DEPENDENCY_37847102","TABLE_REPORTED","PMC10925836 Table 1","true","NO_ADVERSE_NOTICE_FOUND","MODERATE","false"
"C4B1_OBS_37847102_LUNGE_CONTEXT","SRC_PMID_37847102","C4B1_COND_37847102_LUNGE","C4B1_METRIC_37847102_LUNGE_CONTEXT","ex_64644b5e","C4B1_COND_37847102_LUNGE","TISSUE","PATELLAR_TENDON","C","STRUCTURED_MECHANICAL_CONTEXT","","SD","","NOT_APPLICABLE","STRUCTURED_CONTEXT_TAGS","SOURCE_PROTOCOL_CONTEXT","Healthy adults aged approximately 20-32","LUNGE|UNILATERAL|CONTROLLED","","Source protocol context preserved for ordering only; no scalar C calibration.","Healthy young adults; constrained sagittal model omits frontal/transverse effects and muscle co-contraction; bodyweight protocols only.","CONTEXT_ONLY","COHORT_37847102","DATASET_37847102","DEPENDENCY_37847102","TABLE_REPORTED","PMC10925836 Table 1","true","NO_ADVERSE_NOTICE_FOUND","LOW","false"
"C4B1_OBS_37847102_DL_FORWARD_JUMP_FAST_PEAK","SRC_PMID_37847102","C4B1_COND_37847102_DL_FORWARD_JUMP_FAST","C4B1_METRIC_37847102_DL_FORWARD_JUMP_FAST_PEAK","","C4B1_COND_37847102_DL_FORWARD_JUMP_FAST","TISSUE","PATELLAR_TENDON","M","MODELED_PATELLAR_TENDON_PEAK_FORCE","3.8","SD","1.3","BW","BODY_WEIGHT_NORMALIZED_INTERNAL_FORCE","MODELED_PATELLAR_TENDON_FORCE_TIME","Healthy adults aged approximately 20-32","JUMP|BILATERAL|FAST|REBOUND|HIGH_RATE","","Full-text table value preserved under its source-defined metric and condition.","Healthy young adults; constrained sagittal model omits frontal/transverse effects and muscle co-contraction; bodyweight protocols only.","VALIDATED_INTERNAL_MODEL","COHORT_37847102","DATASET_37847102","DEPENDENCY_37847102","TABLE_REPORTED","PMC10925836 Table 1","true","NO_ADVERSE_NOTICE_FOUND","MODERATE","false"
"C4B1_OBS_37847102_DL_FORWARD_JUMP_FAST_IMPULSE","SRC_PMID_37847102","C4B1_COND_37847102_DL_FORWARD_JUMP_FAST","C4B1_METRIC_37847102_DL_FORWARD_JUMP_FAST_IMPULSE","","C4B1_COND_37847102_DL_FORWARD_JUMP_FAST","TISSUE","PATELLAR_TENDON","T","MODELED_PATELLAR_TENDON_FORCE_TIME_INTEGRAL","0.4","SD","0.2","BW*s","BODY_WEIGHT_TIME_NORMALIZED_INTERNAL_IMPULSE","MODELED_PATELLAR_TENDON_FORCE_TIME","Healthy adults aged approximately 20-32","JUMP|BILATERAL|FAST|REBOUND|HIGH_RATE","","Full-text table value preserved under its source-defined metric and condition.","Healthy young adults; constrained sagittal model omits frontal/transverse effects and muscle co-contraction; bodyweight protocols only.","VALIDATED_INTERNAL_MODEL","COHORT_37847102","DATASET_37847102","DEPENDENCY_37847102","TABLE_REPORTED","PMC10925836 Table 1","true","NO_ADVERSE_NOTICE_FOUND","MODERATE","false"
"C4B1_OBS_37847102_DL_FORWARD_JUMP_FAST_RATE","SRC_PMID_37847102","C4B1_COND_37847102_DL_FORWARD_JUMP_FAST","C4B1_METRIC_37847102_DL_FORWARD_JUMP_FAST_RATE","","C4B1_COND_37847102_DL_FORWARD_JUMP_FAST","TISSUE","PATELLAR_TENDON","T","MODELED_PATELLAR_TENDON_LOADING_RATE","64.4","SD","20.3","BW/s","BODY_WEIGHT_NORMALIZED_LOADING_RATE","MODELED_PATELLAR_TENDON_FORCE_TIME","Healthy adults aged approximately 20-32","JUMP|BILATERAL|FAST|REBOUND|HIGH_RATE","","Full-text table value preserved under its source-defined metric and condition.","Healthy young adults; constrained sagittal model omits frontal/transverse effects and muscle co-contraction; bodyweight protocols only.","VALIDATED_INTERNAL_MODEL","COHORT_37847102","DATASET_37847102","DEPENDENCY_37847102","TABLE_REPORTED","PMC10925836 Table 1","true","NO_ADVERSE_NOTICE_FOUND","MODERATE","false"
"C4B1_OBS_37847102_BULGARIAN_SQUAT_PEAK","SRC_PMID_37847102","C4B1_COND_37847102_BULGARIAN_SQUAT","C4B1_METRIC_37847102_BULGARIAN_SQUAT_PEAK","ex_e2efd0fe","C4B1_COND_37847102_BULGARIAN_SQUAT","TISSUE","PATELLAR_TENDON","M","MODELED_PATELLAR_TENDON_PEAK_FORCE","3","SD","0.5","BW","BODY_WEIGHT_NORMALIZED_INTERNAL_FORCE","MODELED_PATELLAR_TENDON_FORCE_TIME","Healthy adults aged approximately 20-32","SQUAT|UNILATERAL|CONTROLLED","","Full-text table value preserved under its source-defined metric and condition.","Healthy young adults; constrained sagittal model omits frontal/transverse effects and muscle co-contraction; bodyweight protocols only.","VALIDATED_INTERNAL_MODEL","COHORT_37847102","DATASET_37847102","DEPENDENCY_37847102","TABLE_REPORTED","PMC10925836 Table 1","true","NO_ADVERSE_NOTICE_FOUND","MODERATE","false"
"C4B1_OBS_37847102_BULGARIAN_SQUAT_IMPULSE","SRC_PMID_37847102","C4B1_COND_37847102_BULGARIAN_SQUAT","C4B1_METRIC_37847102_BULGARIAN_SQUAT_IMPULSE","ex_e2efd0fe","C4B1_COND_37847102_BULGARIAN_SQUAT","TISSUE","PATELLAR_TENDON","T","MODELED_PATELLAR_TENDON_FORCE_TIME_INTEGRAL","2.9","SD","0.7","BW*s","BODY_WEIGHT_TIME_NORMALIZED_INTERNAL_IMPULSE","MODELED_PATELLAR_TENDON_FORCE_TIME","Healthy adults aged approximately 20-32","SQUAT|UNILATERAL|CONTROLLED","","Full-text table value preserved under its source-defined metric and condition.","Healthy young adults; constrained sagittal model omits frontal/transverse effects and muscle co-contraction; bodyweight protocols only.","VALIDATED_INTERNAL_MODEL","COHORT_37847102","DATASET_37847102","DEPENDENCY_37847102","TABLE_REPORTED","PMC10925836 Table 1","true","NO_ADVERSE_NOTICE_FOUND","MODERATE","false"
"C4B1_OBS_37847102_BULGARIAN_SQUAT_RATE","SRC_PMID_37847102","C4B1_COND_37847102_BULGARIAN_SQUAT","C4B1_METRIC_37847102_BULGARIAN_SQUAT_RATE","ex_e2efd0fe","C4B1_COND_37847102_BULGARIAN_SQUAT","TISSUE","PATELLAR_TENDON","T","MODELED_PATELLAR_TENDON_LOADING_RATE","10.1","SD","2.2","BW/s","BODY_WEIGHT_NORMALIZED_LOADING_RATE","MODELED_PATELLAR_TENDON_FORCE_TIME","Healthy adults aged approximately 20-32","SQUAT|UNILATERAL|CONTROLLED","","Full-text table value preserved under its source-defined metric and condition.","Healthy young adults; constrained sagittal model omits frontal/transverse effects and muscle co-contraction; bodyweight protocols only.","VALIDATED_INTERNAL_MODEL","COHORT_37847102","DATASET_37847102","DEPENDENCY_37847102","TABLE_REPORTED","PMC10925836 Table 1","true","NO_ADVERSE_NOTICE_FOUND","MODERATE","false"
"C4B1_OBS_37847102_BULGARIAN_SQUAT_CONTEXT","SRC_PMID_37847102","C4B1_COND_37847102_BULGARIAN_SQUAT","C4B1_METRIC_37847102_BULGARIAN_SQUAT_CONTEXT","ex_e2efd0fe","C4B1_COND_37847102_BULGARIAN_SQUAT","TISSUE","PATELLAR_TENDON","C","STRUCTURED_MECHANICAL_CONTEXT","","SD","","NOT_APPLICABLE","STRUCTURED_CONTEXT_TAGS","SOURCE_PROTOCOL_CONTEXT","Healthy adults aged approximately 20-32","SQUAT|UNILATERAL|CONTROLLED","","Source protocol context preserved for ordering only; no scalar C calibration.","Healthy young adults; constrained sagittal model omits frontal/transverse effects and muscle co-contraction; bodyweight protocols only.","CONTEXT_ONLY","COHORT_37847102","DATASET_37847102","DEPENDENCY_37847102","TABLE_REPORTED","PMC10925836 Table 1","true","NO_ADVERSE_NOTICE_FOUND","LOW","false"
"C4B1_OBS_37272685_WALK_PEAK","SRC_PMID_37272685","C4B1_COND_37272685_WALK","C4B1_METRIC_37272685_WALK_PEAK","","C4B1_COND_37272685_WALK","TISSUE","KNEE_PATELLOFEMORAL","M","MODELED_PFJ_PEAK_CONTACT_FORCE","0.6","SD","0.3","BW","BODY_WEIGHT_NORMALIZED_INTERNAL_FORCE","MODELED_PFJ_CONTACT_FORCE_TIME","Healthy adults aged approximately 20-32","WALKING|LOW_LOAD|LOCOMOTION","","Full-text table value preserved under its source-defined metric and condition.","Healthy young adults; sagittal-plane model neglects co-contraction and should not transfer across unmatched ROM, load, or landing protocols.","VALIDATED_INTERNAL_MODEL","COHORT_37272685","DATASET_37272685","DEPENDENCY_37272685","TABLE_REPORTED","PMC10315869 Table 1","true","NO_ADVERSE_NOTICE_FOUND","MODERATE","false"
"C4B1_OBS_37272685_WALK_IMPULSE","SRC_PMID_37272685","C4B1_COND_37272685_WALK","C4B1_METRIC_37272685_WALK_IMPULSE","","C4B1_COND_37272685_WALK","TISSUE","KNEE_PATELLOFEMORAL","T","MODELED_PFJ_CONTACT_FORCE_TIME_INTEGRAL","0.1","SD","0.1","BW*s","BODY_WEIGHT_TIME_NORMALIZED_INTERNAL_IMPULSE","MODELED_PFJ_CONTACT_FORCE_TIME","Healthy adults aged approximately 20-32","WALKING|LOW_LOAD|LOCOMOTION","","Full-text table value preserved under its source-defined metric and condition.","Healthy young adults; sagittal-plane model neglects co-contraction and should not transfer across unmatched ROM, load, or landing protocols.","VALIDATED_INTERNAL_MODEL","COHORT_37272685","DATASET_37272685","DEPENDENCY_37272685","TABLE_REPORTED","PMC10315869 Table 1","true","NO_ADVERSE_NOTICE_FOUND","MODERATE","false"
"C4B1_OBS_37272685_WALK_RATE","SRC_PMID_37272685","C4B1_COND_37272685_WALK","C4B1_METRIC_37272685_WALK_RATE","","C4B1_COND_37272685_WALK","TISSUE","KNEE_PATELLOFEMORAL","T","MODELED_PFJ_CONTACT_FORCE_LOADING_RATE","9.4","SD","4.1","BW/s","BODY_WEIGHT_NORMALIZED_LOADING_RATE","MODELED_PFJ_CONTACT_FORCE_TIME","Healthy adults aged approximately 20-32","WALKING|LOW_LOAD|LOCOMOTION","","Full-text table value preserved under its source-defined metric and condition.","Healthy young adults; sagittal-plane model neglects co-contraction and should not transfer across unmatched ROM, load, or landing protocols.","VALIDATED_INTERNAL_MODEL","COHORT_37272685","DATASET_37272685","DEPENDENCY_37272685","TABLE_REPORTED","PMC10315869 Table 1","true","NO_ADVERSE_NOTICE_FOUND","MODERATE","false"
"C4B1_OBS_37272685_DL_SQUAT_60_PEAK","SRC_PMID_37272685","C4B1_COND_37272685_DL_SQUAT_60","C4B1_METRIC_37272685_DL_SQUAT_60_PEAK","ex_cb3c4dc2","C4B1_COND_37272685_DL_SQUAT_60","TISSUE","KNEE_PATELLOFEMORAL","M","MODELED_PFJ_PEAK_CONTACT_FORCE","2.5","SD","0.9","BW","BODY_WEIGHT_NORMALIZED_INTERNAL_FORCE","MODELED_PFJ_CONTACT_FORCE_TIME","Healthy adults aged approximately 20-32","SQUAT|BILATERAL|PARTIAL_ROM|CONTROLLED","","Full-text table value preserved under its source-defined metric and condition.","Healthy young adults; sagittal-plane model neglects co-contraction and should not transfer across unmatched ROM, load, or landing protocols.","VALIDATED_INTERNAL_MODEL","COHORT_37272685","DATASET_37272685","DEPENDENCY_37272685","TABLE_REPORTED","PMC10315869 Table 1","true","NO_ADVERSE_NOTICE_FOUND","MODERATE","false"
"C4B1_OBS_37272685_DL_SQUAT_60_IMPULSE","SRC_PMID_37272685","C4B1_COND_37272685_DL_SQUAT_60","C4B1_METRIC_37272685_DL_SQUAT_60_IMPULSE","ex_cb3c4dc2","C4B1_COND_37272685_DL_SQUAT_60","TISSUE","KNEE_PATELLOFEMORAL","T","MODELED_PFJ_CONTACT_FORCE_TIME_INTEGRAL","1.9","SD","0.7","BW*s","BODY_WEIGHT_TIME_NORMALIZED_INTERNAL_IMPULSE","MODELED_PFJ_CONTACT_FORCE_TIME","Healthy adults aged approximately 20-32","SQUAT|BILATERAL|PARTIAL_ROM|CONTROLLED","","Full-text table value preserved under its source-defined metric and condition.","Healthy young adults; sagittal-plane model neglects co-contraction and should not transfer across unmatched ROM, load, or landing protocols.","VALIDATED_INTERNAL_MODEL","COHORT_37272685","DATASET_37272685","DEPENDENCY_37272685","TABLE_REPORTED","PMC10315869 Table 1","true","NO_ADVERSE_NOTICE_FOUND","MODERATE","false"
"C4B1_OBS_37272685_DL_SQUAT_60_RATE","SRC_PMID_37272685","C4B1_COND_37272685_DL_SQUAT_60","C4B1_METRIC_37272685_DL_SQUAT_60_RATE","ex_cb3c4dc2","C4B1_COND_37272685_DL_SQUAT_60","TISSUE","KNEE_PATELLOFEMORAL","T","MODELED_PFJ_CONTACT_FORCE_LOADING_RATE","6.3","SD","2.9","BW/s","BODY_WEIGHT_NORMALIZED_LOADING_RATE","MODELED_PFJ_CONTACT_FORCE_TIME","Healthy adults aged approximately 20-32","SQUAT|BILATERAL|PARTIAL_ROM|CONTROLLED","","Full-text table value preserved under its source-defined metric and condition.","Healthy young adults; sagittal-plane model neglects co-contraction and should not transfer across unmatched ROM, load, or landing protocols.","VALIDATED_INTERNAL_MODEL","COHORT_37272685","DATASET_37272685","DEPENDENCY_37272685","TABLE_REPORTED","PMC10315869 Table 1","true","NO_ADVERSE_NOTICE_FOUND","MODERATE","false"
"C4B1_OBS_37272685_DL_SQUAT_60_CONTEXT","SRC_PMID_37272685","C4B1_COND_37272685_DL_SQUAT_60","C4B1_METRIC_37272685_DL_SQUAT_60_CONTEXT","ex_cb3c4dc2","C4B1_COND_37272685_DL_SQUAT_60","TISSUE","KNEE_PATELLOFEMORAL","C","STRUCTURED_MECHANICAL_CONTEXT","","SD","","NOT_APPLICABLE","STRUCTURED_CONTEXT_TAGS","SOURCE_PROTOCOL_CONTEXT","Healthy adults aged approximately 20-32","SQUAT|BILATERAL|PARTIAL_ROM|CONTROLLED","","Source protocol context preserved for ordering only; no scalar C calibration.","Healthy young adults; sagittal-plane model neglects co-contraction and should not transfer across unmatched ROM, load, or landing protocols.","CONTEXT_ONLY","COHORT_37272685","DATASET_37272685","DEPENDENCY_37272685","TABLE_REPORTED","PMC10315869 Table 1","true","NO_ADVERSE_NOTICE_FOUND","LOW","false"
"C4B1_OBS_37272685_DL_SQUAT_FULL_PEAK","SRC_PMID_37272685","C4B1_COND_37272685_DL_SQUAT_FULL","C4B1_METRIC_37272685_DL_SQUAT_FULL_PEAK","ex_cb3c4dc2","C4B1_COND_37272685_DL_SQUAT_FULL","TISSUE","KNEE_PATELLOFEMORAL","M","MODELED_PFJ_PEAK_CONTACT_FORCE","4.5","SD","0.8","BW","BODY_WEIGHT_NORMALIZED_INTERNAL_FORCE","MODELED_PFJ_CONTACT_FORCE_TIME","Healthy adults aged approximately 20-32","SQUAT|BILATERAL|FULL_ROM|CONTROLLED","","Full-text table value preserved under its source-defined metric and condition.","Healthy young adults; sagittal-plane model neglects co-contraction and should not transfer across unmatched ROM, load, or landing protocols.","VALIDATED_INTERNAL_MODEL","COHORT_37272685","DATASET_37272685","DEPENDENCY_37272685","TABLE_REPORTED","PMC10315869 Table 1","true","NO_ADVERSE_NOTICE_FOUND","MODERATE","false"
"C4B1_OBS_37272685_DL_SQUAT_FULL_IMPULSE","SRC_PMID_37272685","C4B1_COND_37272685_DL_SQUAT_FULL","C4B1_METRIC_37272685_DL_SQUAT_FULL_IMPULSE","ex_cb3c4dc2","C4B1_COND_37272685_DL_SQUAT_FULL","TISSUE","KNEE_PATELLOFEMORAL","T","MODELED_PFJ_CONTACT_FORCE_TIME_INTEGRAL","3.8","SD","0.8","BW*s","BODY_WEIGHT_TIME_NORMALIZED_INTERNAL_IMPULSE","MODELED_PFJ_CONTACT_FORCE_TIME","Healthy adults aged approximately 20-32","SQUAT|BILATERAL|FULL_ROM|CONTROLLED","","Full-text table value preserved under its source-defined metric and condition.","Healthy young adults; sagittal-plane model neglects co-contraction and should not transfer across unmatched ROM, load, or landing protocols.","VALIDATED_INTERNAL_MODEL","COHORT_37272685","DATASET_37272685","DEPENDENCY_37272685","TABLE_REPORTED","PMC10315869 Table 1","true","NO_ADVERSE_NOTICE_FOUND","MODERATE","false"
"C4B1_OBS_37272685_DL_SQUAT_FULL_RATE","SRC_PMID_37272685","C4B1_COND_37272685_DL_SQUAT_FULL","C4B1_METRIC_37272685_DL_SQUAT_FULL_RATE","ex_cb3c4dc2","C4B1_COND_37272685_DL_SQUAT_FULL","TISSUE","KNEE_PATELLOFEMORAL","T","MODELED_PFJ_CONTACT_FORCE_LOADING_RATE","14.8","SD","4.1","BW/s","BODY_WEIGHT_NORMALIZED_LOADING_RATE","MODELED_PFJ_CONTACT_FORCE_TIME","Healthy adults aged approximately 20-32","SQUAT|BILATERAL|FULL_ROM|CONTROLLED","","Full-text table value preserved under its source-defined metric and condition.","Healthy young adults; sagittal-plane model neglects co-contraction and should not transfer across unmatched ROM, load, or landing protocols.","VALIDATED_INTERNAL_MODEL","COHORT_37272685","DATASET_37272685","DEPENDENCY_37272685","TABLE_REPORTED","PMC10315869 Table 1","true","NO_ADVERSE_NOTICE_FOUND","MODERATE","false"
"C4B1_OBS_37272685_DL_SQUAT_FULL_CONTEXT","SRC_PMID_37272685","C4B1_COND_37272685_DL_SQUAT_FULL","C4B1_METRIC_37272685_DL_SQUAT_FULL_CONTEXT","ex_cb3c4dc2","C4B1_COND_37272685_DL_SQUAT_FULL","TISSUE","KNEE_PATELLOFEMORAL","C","STRUCTURED_MECHANICAL_CONTEXT","","SD","","NOT_APPLICABLE","STRUCTURED_CONTEXT_TAGS","SOURCE_PROTOCOL_CONTEXT","Healthy adults aged approximately 20-32","SQUAT|BILATERAL|FULL_ROM|CONTROLLED","","Source protocol context preserved for ordering only; no scalar C calibration.","Healthy young adults; sagittal-plane model neglects co-contraction and should not transfer across unmatched ROM, load, or landing protocols.","CONTEXT_ONLY","COHORT_37272685","DATASET_37272685","DEPENDENCY_37272685","TABLE_REPORTED","PMC10315869 Table 1","true","NO_ADVERSE_NOTICE_FOUND","LOW","false"
"C4B1_OBS_37272685_RUNNING_PEAK","SRC_PMID_37272685","C4B1_COND_37272685_RUNNING","C4B1_METRIC_37272685_RUNNING_PEAK","ex_681d9ed2","C4B1_COND_37272685_RUNNING","TISSUE","KNEE_PATELLOFEMORAL","M","MODELED_PFJ_PEAK_CONTACT_FORCE","5.4","SD","1.2","BW","BODY_WEIGHT_NORMALIZED_INTERNAL_FORCE","MODELED_PFJ_CONTACT_FORCE_TIME","Healthy adults aged approximately 20-32","RUNNING|LOCOMOTION|HIGH_RATE","","Full-text table value preserved under its source-defined metric and condition.","Healthy young adults; sagittal-plane model neglects co-contraction and should not transfer across unmatched ROM, load, or landing protocols.","VALIDATED_INTERNAL_MODEL","COHORT_37272685","DATASET_37272685","DEPENDENCY_37272685","TABLE_REPORTED","PMC10315869 Table 1","true","NO_ADVERSE_NOTICE_FOUND","MODERATE","false"
"C4B1_OBS_37272685_RUNNING_IMPULSE","SRC_PMID_37272685","C4B1_COND_37272685_RUNNING","C4B1_METRIC_37272685_RUNNING_IMPULSE","ex_681d9ed2","C4B1_COND_37272685_RUNNING","TISSUE","KNEE_PATELLOFEMORAL","T","MODELED_PFJ_CONTACT_FORCE_TIME_INTEGRAL","0.5","SD","0.2","BW*s","BODY_WEIGHT_TIME_NORMALIZED_INTERNAL_IMPULSE","MODELED_PFJ_CONTACT_FORCE_TIME","Healthy adults aged approximately 20-32","RUNNING|LOCOMOTION|HIGH_RATE","","Full-text table value preserved under its source-defined metric and condition.","Healthy young adults; sagittal-plane model neglects co-contraction and should not transfer across unmatched ROM, load, or landing protocols.","VALIDATED_INTERNAL_MODEL","COHORT_37272685","DATASET_37272685","DEPENDENCY_37272685","TABLE_REPORTED","PMC10315869 Table 1","true","NO_ADVERSE_NOTICE_FOUND","MODERATE","false"
"C4B1_OBS_37272685_RUNNING_RATE","SRC_PMID_37272685","C4B1_COND_37272685_RUNNING","C4B1_METRIC_37272685_RUNNING_RATE","ex_681d9ed2","C4B1_COND_37272685_RUNNING","TISSUE","KNEE_PATELLOFEMORAL","T","MODELED_PFJ_CONTACT_FORCE_LOADING_RATE","87.6","SD","17.2","BW/s","BODY_WEIGHT_NORMALIZED_LOADING_RATE","MODELED_PFJ_CONTACT_FORCE_TIME","Healthy adults aged approximately 20-32","RUNNING|LOCOMOTION|HIGH_RATE","","Full-text table value preserved under its source-defined metric and condition.","Healthy young adults; sagittal-plane model neglects co-contraction and should not transfer across unmatched ROM, load, or landing protocols.","VALIDATED_INTERNAL_MODEL","COHORT_37272685","DATASET_37272685","DEPENDENCY_37272685","TABLE_REPORTED","PMC10315869 Table 1","true","NO_ADVERSE_NOTICE_FOUND","MODERATE","false"
"C4B1_OBS_37272685_SL_DECLINE_SQUAT_PEAK","SRC_PMID_37272685","C4B1_COND_37272685_SL_DECLINE_SQUAT","C4B1_METRIC_37272685_SL_DECLINE_SQUAT_PEAK","","C4B1_COND_37272685_SL_DECLINE_SQUAT","TISSUE","KNEE_PATELLOFEMORAL","M","MODELED_PFJ_PEAK_CONTACT_FORCE","8.2","SD","1","BW","BODY_WEIGHT_NORMALIZED_INTERNAL_FORCE","MODELED_PFJ_CONTACT_FORCE_TIME","Healthy adults aged approximately 20-32","SQUAT|UNILATERAL|DECLINE|HIGH_MAGNITUDE","","Full-text table value preserved under its source-defined metric and condition.","Healthy young adults; sagittal-plane model neglects co-contraction and should not transfer across unmatched ROM, load, or landing protocols.","VALIDATED_INTERNAL_MODEL","COHORT_37272685","DATASET_37272685","DEPENDENCY_37272685","TABLE_REPORTED","PMC10315869 Table 1","true","NO_ADVERSE_NOTICE_FOUND","MODERATE","false"
"C4B1_OBS_37272685_SL_DECLINE_SQUAT_IMPULSE","SRC_PMID_37272685","C4B1_COND_37272685_SL_DECLINE_SQUAT","C4B1_METRIC_37272685_SL_DECLINE_SQUAT_IMPULSE","","C4B1_COND_37272685_SL_DECLINE_SQUAT","TISSUE","KNEE_PATELLOFEMORAL","T","MODELED_PFJ_CONTACT_FORCE_TIME_INTEGRAL","9.7","SD","3","BW*s","BODY_WEIGHT_TIME_NORMALIZED_INTERNAL_IMPULSE","MODELED_PFJ_CONTACT_FORCE_TIME","Healthy adults aged approximately 20-32","SQUAT|UNILATERAL|DECLINE|HIGH_MAGNITUDE","","Full-text table value preserved under its source-defined metric and condition.","Healthy young adults; sagittal-plane model neglects co-contraction and should not transfer across unmatched ROM, load, or landing protocols.","VALIDATED_INTERNAL_MODEL","COHORT_37272685","DATASET_37272685","DEPENDENCY_37272685","TABLE_REPORTED","PMC10315869 Table 1","true","NO_ADVERSE_NOTICE_FOUND","MODERATE","false"
"C4B1_OBS_37272685_SL_DECLINE_SQUAT_RATE","SRC_PMID_37272685","C4B1_COND_37272685_SL_DECLINE_SQUAT","C4B1_METRIC_37272685_SL_DECLINE_SQUAT_RATE","","C4B1_COND_37272685_SL_DECLINE_SQUAT","TISSUE","KNEE_PATELLOFEMORAL","T","MODELED_PFJ_CONTACT_FORCE_LOADING_RATE","19.3","SD","4.7","BW/s","BODY_WEIGHT_NORMALIZED_LOADING_RATE","MODELED_PFJ_CONTACT_FORCE_TIME","Healthy adults aged approximately 20-32","SQUAT|UNILATERAL|DECLINE|HIGH_MAGNITUDE","","Full-text table value preserved under its source-defined metric and condition.","Healthy young adults; sagittal-plane model neglects co-contraction and should not transfer across unmatched ROM, load, or landing protocols.","VALIDATED_INTERNAL_MODEL","COHORT_37272685","DATASET_37272685","DEPENDENCY_37272685","TABLE_REPORTED","PMC10315869 Table 1","true","NO_ADVERSE_NOTICE_FOUND","MODERATE","false"
"C4B1_OBS_37272685_BULGARIAN_SQUAT_PEAK","SRC_PMID_37272685","C4B1_COND_37272685_BULGARIAN_SQUAT","C4B1_METRIC_37272685_BULGARIAN_SQUAT_PEAK","ex_e2efd0fe","C4B1_COND_37272685_BULGARIAN_SQUAT","TISSUE","KNEE_PATELLOFEMORAL","M","MODELED_PFJ_PEAK_CONTACT_FORCE","4.7","SD","0.7","BW","BODY_WEIGHT_NORMALIZED_INTERNAL_FORCE","MODELED_PFJ_CONTACT_FORCE_TIME","Healthy adults aged approximately 20-32","SQUAT|UNILATERAL|CONTROLLED","","Full-text table value preserved under its source-defined metric and condition.","Healthy young adults; sagittal-plane model neglects co-contraction and should not transfer across unmatched ROM, load, or landing protocols.","VALIDATED_INTERNAL_MODEL","COHORT_37272685","DATASET_37272685","DEPENDENCY_37272685","TABLE_REPORTED","PMC10315869 Table 1","true","NO_ADVERSE_NOTICE_FOUND","MODERATE","false"
"C4B1_OBS_37272685_BULGARIAN_SQUAT_IMPULSE","SRC_PMID_37272685","C4B1_COND_37272685_BULGARIAN_SQUAT","C4B1_METRIC_37272685_BULGARIAN_SQUAT_IMPULSE","ex_e2efd0fe","C4B1_COND_37272685_BULGARIAN_SQUAT","TISSUE","KNEE_PATELLOFEMORAL","T","MODELED_PFJ_CONTACT_FORCE_TIME_INTEGRAL","4.4","SD","1","BW*s","BODY_WEIGHT_TIME_NORMALIZED_INTERNAL_IMPULSE","MODELED_PFJ_CONTACT_FORCE_TIME","Healthy adults aged approximately 20-32","SQUAT|UNILATERAL|CONTROLLED","","Full-text table value preserved under its source-defined metric and condition.","Healthy young adults; sagittal-plane model neglects co-contraction and should not transfer across unmatched ROM, load, or landing protocols.","VALIDATED_INTERNAL_MODEL","COHORT_37272685","DATASET_37272685","DEPENDENCY_37272685","TABLE_REPORTED","PMC10315869 Table 1","true","NO_ADVERSE_NOTICE_FOUND","MODERATE","false"
"C4B1_OBS_37272685_BULGARIAN_SQUAT_RATE","SRC_PMID_37272685","C4B1_COND_37272685_BULGARIAN_SQUAT","C4B1_METRIC_37272685_BULGARIAN_SQUAT_RATE","ex_e2efd0fe","C4B1_COND_37272685_BULGARIAN_SQUAT","TISSUE","KNEE_PATELLOFEMORAL","T","MODELED_PFJ_CONTACT_FORCE_LOADING_RATE","15.4","SD","4.1","BW/s","BODY_WEIGHT_NORMALIZED_LOADING_RATE","MODELED_PFJ_CONTACT_FORCE_TIME","Healthy adults aged approximately 20-32","SQUAT|UNILATERAL|CONTROLLED","","Full-text table value preserved under its source-defined metric and condition.","Healthy young adults; sagittal-plane model neglects co-contraction and should not transfer across unmatched ROM, load, or landing protocols.","VALIDATED_INTERNAL_MODEL","COHORT_37272685","DATASET_37272685","DEPENDENCY_37272685","TABLE_REPORTED","PMC10315869 Table 1","true","NO_ADVERSE_NOTICE_FOUND","MODERATE","false"
"C4B1_OBS_37272685_BULGARIAN_SQUAT_CONTEXT","SRC_PMID_37272685","C4B1_COND_37272685_BULGARIAN_SQUAT","C4B1_METRIC_37272685_BULGARIAN_SQUAT_CONTEXT","ex_e2efd0fe","C4B1_COND_37272685_BULGARIAN_SQUAT","TISSUE","KNEE_PATELLOFEMORAL","C","STRUCTURED_MECHANICAL_CONTEXT","","SD","","NOT_APPLICABLE","STRUCTURED_CONTEXT_TAGS","SOURCE_PROTOCOL_CONTEXT","Healthy adults aged approximately 20-32","SQUAT|UNILATERAL|CONTROLLED","","Source protocol context preserved for ordering only; no scalar C calibration.","Healthy young adults; sagittal-plane model neglects co-contraction and should not transfer across unmatched ROM, load, or landing protocols.","CONTEXT_ONLY","COHORT_37272685","DATASET_37272685","DEPENDENCY_37272685","TABLE_REPORTED","PMC10315869 Table 1","true","NO_ADVERSE_NOTICE_FOUND","LOW","false"
"C4B1_OBS_37272685_SPANISH_SQUAT_3S_PEAK","SRC_PMID_37272685","C4B1_COND_37272685_SPANISH_SQUAT_3S","C4B1_METRIC_37272685_SPANISH_SQUAT_3S_PEAK","","C4B1_COND_37272685_SPANISH_SQUAT_3S","TISSUE","KNEE_PATELLOFEMORAL","M","MODELED_PFJ_PEAK_CONTACT_FORCE","4.5","SD","1.6","BW","BODY_WEIGHT_NORMALIZED_INTERNAL_FORCE","MODELED_PFJ_CONTACT_FORCE_TIME","Healthy adults aged approximately 20-32","SQUAT|BILATERAL|ISOMETRIC|HIGH_IMPULSE|LOW_RATE","","Full-text table value preserved under its source-defined metric and condition.","Healthy young adults; sagittal-plane model neglects co-contraction and should not transfer across unmatched ROM, load, or landing protocols.","VALIDATED_INTERNAL_MODEL","COHORT_37272685","DATASET_37272685","DEPENDENCY_37272685","TABLE_REPORTED","PMC10315869 Table 1","true","NO_ADVERSE_NOTICE_FOUND","MODERATE","false"
"C4B1_OBS_37272685_SPANISH_SQUAT_3S_IMPULSE","SRC_PMID_37272685","C4B1_COND_37272685_SPANISH_SQUAT_3S","C4B1_METRIC_37272685_SPANISH_SQUAT_3S_IMPULSE","","C4B1_COND_37272685_SPANISH_SQUAT_3S","TISSUE","KNEE_PATELLOFEMORAL","T","MODELED_PFJ_CONTACT_FORCE_TIME_INTEGRAL","13","SD","4.6","BW*s","BODY_WEIGHT_TIME_NORMALIZED_INTERNAL_IMPULSE","MODELED_PFJ_CONTACT_FORCE_TIME","Healthy adults aged approximately 20-32","SQUAT|BILATERAL|ISOMETRIC|HIGH_IMPULSE|LOW_RATE","","Full-text table value preserved under its source-defined metric and condition.","Healthy young adults; sagittal-plane model neglects co-contraction and should not transfer across unmatched ROM, load, or landing protocols.","VALIDATED_INTERNAL_MODEL","COHORT_37272685","DATASET_37272685","DEPENDENCY_37272685","TABLE_REPORTED","PMC10315869 Table 1","true","NO_ADVERSE_NOTICE_FOUND","MODERATE","false"
"C4B1_OBS_37272685_SPANISH_SQUAT_3S_RATE","SRC_PMID_37272685","C4B1_COND_37272685_SPANISH_SQUAT_3S","C4B1_METRIC_37272685_SPANISH_SQUAT_3S_RATE","","C4B1_COND_37272685_SPANISH_SQUAT_3S","TISSUE","KNEE_PATELLOFEMORAL","T","MODELED_PFJ_CONTACT_FORCE_LOADING_RATE","2.5","SD","2","BW/s","BODY_WEIGHT_NORMALIZED_LOADING_RATE","MODELED_PFJ_CONTACT_FORCE_TIME","Healthy adults aged approximately 20-32","SQUAT|BILATERAL|ISOMETRIC|HIGH_IMPULSE|LOW_RATE","","Full-text table value preserved under its source-defined metric and condition.","Healthy young adults; sagittal-plane model neglects co-contraction and should not transfer across unmatched ROM, load, or landing protocols.","VALIDATED_INTERNAL_MODEL","COHORT_37272685","DATASET_37272685","DEPENDENCY_37272685","TABLE_REPORTED","PMC10315869 Table 1","true","NO_ADVERSE_NOTICE_FOUND","MODERATE","false"
"C4B1_OBS_37272685_LUNGE_PEAK","SRC_PMID_37272685","C4B1_COND_37272685_LUNGE","C4B1_METRIC_37272685_LUNGE_PEAK","ex_64644b5e","C4B1_COND_37272685_LUNGE","TISSUE","KNEE_PATELLOFEMORAL","M","MODELED_PFJ_PEAK_CONTACT_FORCE","5.1","SD","0.8","BW","BODY_WEIGHT_NORMALIZED_INTERNAL_FORCE","MODELED_PFJ_CONTACT_FORCE_TIME","Healthy adults aged approximately 20-32","LUNGE|UNILATERAL|CONTROLLED","","Full-text table value preserved under its source-defined metric and condition.","Healthy young adults; sagittal-plane model neglects co-contraction and should not transfer across unmatched ROM, load, or landing protocols.","VALIDATED_INTERNAL_MODEL","COHORT_37272685","DATASET_37272685","DEPENDENCY_37272685","TABLE_REPORTED","PMC10315869 Table 1","true","NO_ADVERSE_NOTICE_FOUND","MODERATE","false"
"C4B1_OBS_37272685_LUNGE_IMPULSE","SRC_PMID_37272685","C4B1_COND_37272685_LUNGE","C4B1_METRIC_37272685_LUNGE_IMPULSE","ex_64644b5e","C4B1_COND_37272685_LUNGE","TISSUE","KNEE_PATELLOFEMORAL","T","MODELED_PFJ_CONTACT_FORCE_TIME_INTEGRAL","5.2","SD","1.3","BW*s","BODY_WEIGHT_TIME_NORMALIZED_INTERNAL_IMPULSE","MODELED_PFJ_CONTACT_FORCE_TIME","Healthy adults aged approximately 20-32","LUNGE|UNILATERAL|CONTROLLED","","Full-text table value preserved under its source-defined metric and condition.","Healthy young adults; sagittal-plane model neglects co-contraction and should not transfer across unmatched ROM, load, or landing protocols.","VALIDATED_INTERNAL_MODEL","COHORT_37272685","DATASET_37272685","DEPENDENCY_37272685","TABLE_REPORTED","PMC10315869 Table 1","true","NO_ADVERSE_NOTICE_FOUND","MODERATE","false"
"C4B1_OBS_37272685_LUNGE_RATE","SRC_PMID_37272685","C4B1_COND_37272685_LUNGE","C4B1_METRIC_37272685_LUNGE_RATE","ex_64644b5e","C4B1_COND_37272685_LUNGE","TISSUE","KNEE_PATELLOFEMORAL","T","MODELED_PFJ_CONTACT_FORCE_LOADING_RATE","20.4","SD","6.4","BW/s","BODY_WEIGHT_NORMALIZED_LOADING_RATE","MODELED_PFJ_CONTACT_FORCE_TIME","Healthy adults aged approximately 20-32","LUNGE|UNILATERAL|CONTROLLED","","Full-text table value preserved under its source-defined metric and condition.","Healthy young adults; sagittal-plane model neglects co-contraction and should not transfer across unmatched ROM, load, or landing protocols.","VALIDATED_INTERNAL_MODEL","COHORT_37272685","DATASET_37272685","DEPENDENCY_37272685","TABLE_REPORTED","PMC10315869 Table 1","true","NO_ADVERSE_NOTICE_FOUND","MODERATE","false"
"C4B1_OBS_37272685_LUNGE_CONTEXT","SRC_PMID_37272685","C4B1_COND_37272685_LUNGE","C4B1_METRIC_37272685_LUNGE_CONTEXT","ex_64644b5e","C4B1_COND_37272685_LUNGE","TISSUE","KNEE_PATELLOFEMORAL","C","STRUCTURED_MECHANICAL_CONTEXT","","SD","","NOT_APPLICABLE","STRUCTURED_CONTEXT_TAGS","SOURCE_PROTOCOL_CONTEXT","Healthy adults aged approximately 20-32","LUNGE|UNILATERAL|CONTROLLED","","Source protocol context preserved for ordering only; no scalar C calibration.","Healthy young adults; sagittal-plane model neglects co-contraction and should not transfer across unmatched ROM, load, or landing protocols.","CONTEXT_ONLY","COHORT_37272685","DATASET_37272685","DEPENDENCY_37272685","TABLE_REPORTED","PMC10315869 Table 1","true","NO_ADVERSE_NOTICE_FOUND","LOW","false"
"C4B1_OBS_37272685_DL_LATERAL_JUMP_FAST_PEAK","SRC_PMID_37272685","C4B1_COND_37272685_DL_LATERAL_JUMP_FAST","C4B1_METRIC_37272685_DL_LATERAL_JUMP_FAST_PEAK","","C4B1_COND_37272685_DL_LATERAL_JUMP_FAST","TISSUE","KNEE_PATELLOFEMORAL","M","MODELED_PFJ_PEAK_CONTACT_FORCE","4.2","SD","1.6","BW","BODY_WEIGHT_NORMALIZED_INTERNAL_FORCE","MODELED_PFJ_CONTACT_FORCE_TIME","Healthy adults aged approximately 20-32","JUMP|BILATERAL|LATERAL|FAST|REBOUND|HIGH_RATE","","Full-text table value preserved under its source-defined metric and condition.","Healthy young adults; sagittal-plane model neglects co-contraction and should not transfer across unmatched ROM, load, or landing protocols.","VALIDATED_INTERNAL_MODEL","COHORT_37272685","DATASET_37272685","DEPENDENCY_37272685","TABLE_REPORTED","PMC10315869 Table 1","true","NO_ADVERSE_NOTICE_FOUND","MODERATE","false"
"C4B1_OBS_37272685_DL_LATERAL_JUMP_FAST_IMPULSE","SRC_PMID_37272685","C4B1_COND_37272685_DL_LATERAL_JUMP_FAST","C4B1_METRIC_37272685_DL_LATERAL_JUMP_FAST_IMPULSE","","C4B1_COND_37272685_DL_LATERAL_JUMP_FAST","TISSUE","KNEE_PATELLOFEMORAL","T","MODELED_PFJ_CONTACT_FORCE_TIME_INTEGRAL","0.5","SD","0.2","BW*s","BODY_WEIGHT_TIME_NORMALIZED_INTERNAL_IMPULSE","MODELED_PFJ_CONTACT_FORCE_TIME","Healthy adults aged approximately 20-32","JUMP|BILATERAL|LATERAL|FAST|REBOUND|HIGH_RATE","","Full-text table value preserved under its source-defined metric and condition.","Healthy young adults; sagittal-plane model neglects co-contraction and should not transfer across unmatched ROM, load, or landing protocols.","VALIDATED_INTERNAL_MODEL","COHORT_37272685","DATASET_37272685","DEPENDENCY_37272685","TABLE_REPORTED","PMC10315869 Table 1","true","NO_ADVERSE_NOTICE_FOUND","MODERATE","false"
"C4B1_OBS_37272685_DL_LATERAL_JUMP_FAST_RATE","SRC_PMID_37272685","C4B1_COND_37272685_DL_LATERAL_JUMP_FAST","C4B1_METRIC_37272685_DL_LATERAL_JUMP_FAST_RATE","","C4B1_COND_37272685_DL_LATERAL_JUMP_FAST","TISSUE","KNEE_PATELLOFEMORAL","T","MODELED_PFJ_CONTACT_FORCE_LOADING_RATE","56","SD","18.8","BW/s","BODY_WEIGHT_NORMALIZED_LOADING_RATE","MODELED_PFJ_CONTACT_FORCE_TIME","Healthy adults aged approximately 20-32","JUMP|BILATERAL|LATERAL|FAST|REBOUND|HIGH_RATE","","Full-text table value preserved under its source-defined metric and condition.","Healthy young adults; sagittal-plane model neglects co-contraction and should not transfer across unmatched ROM, load, or landing protocols.","VALIDATED_INTERNAL_MODEL","COHORT_37272685","DATASET_37272685","DEPENDENCY_37272685","TABLE_REPORTED","PMC10315869 Table 1","true","NO_ADVERSE_NOTICE_FOUND","MODERATE","false"
"C4B1_OBS_37272685_RUN_CUT_PEAK","SRC_PMID_37272685","C4B1_COND_37272685_RUN_CUT","C4B1_METRIC_37272685_RUN_CUT_PEAK","","C4B1_COND_37272685_RUN_CUT","TISSUE","KNEE_PATELLOFEMORAL","M","MODELED_PFJ_PEAK_CONTACT_FORCE","7.1","SD","2.1","BW","BODY_WEIGHT_NORMALIZED_INTERNAL_FORCE","MODELED_PFJ_CONTACT_FORCE_TIME","Healthy adults aged approximately 20-32","RUNNING|CUTTING|HIGH_RATE|CHANGE_OF_DIRECTION","","Full-text table value preserved under its source-defined metric and condition.","Healthy young adults; sagittal-plane model neglects co-contraction and should not transfer across unmatched ROM, load, or landing protocols.","VALIDATED_INTERNAL_MODEL","COHORT_37272685","DATASET_37272685","DEPENDENCY_37272685","TABLE_REPORTED","PMC10315869 Table 1","true","NO_ADVERSE_NOTICE_FOUND","MODERATE","false"
"C4B1_OBS_37272685_RUN_CUT_IMPULSE","SRC_PMID_37272685","C4B1_COND_37272685_RUN_CUT","C4B1_METRIC_37272685_RUN_CUT_IMPULSE","","C4B1_COND_37272685_RUN_CUT","TISSUE","KNEE_PATELLOFEMORAL","T","MODELED_PFJ_CONTACT_FORCE_TIME_INTEGRAL","0.8","SD","0.4","BW*s","BODY_WEIGHT_TIME_NORMALIZED_INTERNAL_IMPULSE","MODELED_PFJ_CONTACT_FORCE_TIME","Healthy adults aged approximately 20-32","RUNNING|CUTTING|HIGH_RATE|CHANGE_OF_DIRECTION","","Full-text table value preserved under its source-defined metric and condition.","Healthy young adults; sagittal-plane model neglects co-contraction and should not transfer across unmatched ROM, load, or landing protocols.","VALIDATED_INTERNAL_MODEL","COHORT_37272685","DATASET_37272685","DEPENDENCY_37272685","TABLE_REPORTED","PMC10315869 Table 1","true","NO_ADVERSE_NOTICE_FOUND","MODERATE","false"
"C4B1_OBS_37272685_RUN_CUT_RATE","SRC_PMID_37272685","C4B1_COND_37272685_RUN_CUT","C4B1_METRIC_37272685_RUN_CUT_RATE","","C4B1_COND_37272685_RUN_CUT","TISSUE","KNEE_PATELLOFEMORAL","T","MODELED_PFJ_CONTACT_FORCE_LOADING_RATE","115.7","SD","27.8","BW/s","BODY_WEIGHT_NORMALIZED_LOADING_RATE","MODELED_PFJ_CONTACT_FORCE_TIME","Healthy adults aged approximately 20-32","RUNNING|CUTTING|HIGH_RATE|CHANGE_OF_DIRECTION","","Full-text table value preserved under its source-defined metric and condition.","Healthy young adults; sagittal-plane model neglects co-contraction and should not transfer across unmatched ROM, load, or landing protocols.","VALIDATED_INTERNAL_MODEL","COHORT_37272685","DATASET_37272685","DEPENDENCY_37272685","TABLE_REPORTED","PMC10315869 Table 1","true","NO_ADVERSE_NOTICE_FOUND","MODERATE","false"
"C4B1_OBS_31193251_KNEE_BEHIND_TOES_STRESS","SRC_PMID_31193251","C4B1_COND_31193251_KNEE_BEHIND_TOES","C4B1_METRIC_31193251_KNEE_BEHIND_TOES_STRESS","ex_64644b5e","C4B1_COND_31193251_KNEE_BEHIND_TOES","TISSUE","PATELLAR_TENDON","M","MODELED_PATELLAR_TENDON_PEAK_STRESS","0.18","SD","0.02","MPa","ABSOLUTE_STRESS_MPA","MODELED_PATELLAR_TENDON_STRESS","Healthy physically active women","LUNGE|KNEE_BEHIND_TOES|UPRIGHT_TRUNK|CONTROLLED","","Full-text table value preserved under its source-defined metric and condition.","Healthy young women only; bodyweight 0.5 Hz forward-step lunge; model and geometry are protocol-specific.","VALIDATED_INTERNAL_MODEL","COHORT_31193251","DATASET_31193251","DEPENDENCY_31193251","TABLE_REPORTED","PMC6523035 Table 1","true","NO_ADVERSE_NOTICE_FOUND","MODERATE","false"
"C4B1_OBS_31193251_KNEE_BEHIND_TOES_IMPULSE","SRC_PMID_31193251","C4B1_COND_31193251_KNEE_BEHIND_TOES","C4B1_METRIC_31193251_KNEE_BEHIND_TOES_IMPULSE","ex_64644b5e","C4B1_COND_31193251_KNEE_BEHIND_TOES","TISSUE","PATELLAR_TENDON","T","MODELED_PATELLAR_TENDON_STRESS_TIME_INTEGRAL","0.0016","SD","0.0002","MPa*s","ABSOLUTE_STRESS_TIME_INTEGRAL","MODELED_PATELLAR_TENDON_STRESS","Healthy physically active women","LUNGE|KNEE_BEHIND_TOES|UPRIGHT_TRUNK|CONTROLLED","","Full-text table value preserved under its source-defined metric and condition.","Healthy young women only; bodyweight 0.5 Hz forward-step lunge; model and geometry are protocol-specific.","VALIDATED_INTERNAL_MODEL","COHORT_31193251","DATASET_31193251","DEPENDENCY_31193251","TABLE_REPORTED","PMC6523035 Table 1","true","NO_ADVERSE_NOTICE_FOUND","MODERATE","false"
"C4B1_OBS_31193251_KNEE_BEHIND_TOES_RATE","SRC_PMID_31193251","C4B1_COND_31193251_KNEE_BEHIND_TOES","C4B1_METRIC_31193251_KNEE_BEHIND_TOES_RATE","ex_64644b5e","C4B1_COND_31193251_KNEE_BEHIND_TOES","TISSUE","PATELLAR_TENDON","T","MODELED_PATELLAR_TENDON_STRESS_LOADING_RATE","1.17","SD","0.4","MPa/s","ABSOLUTE_STRESS_LOADING_RATE","MODELED_PATELLAR_TENDON_STRESS","Healthy physically active women","LUNGE|KNEE_BEHIND_TOES|UPRIGHT_TRUNK|CONTROLLED","","Full-text table value preserved under its source-defined metric and condition.","Healthy young women only; bodyweight 0.5 Hz forward-step lunge; model and geometry are protocol-specific.","VALIDATED_INTERNAL_MODEL","COHORT_31193251","DATASET_31193251","DEPENDENCY_31193251","TABLE_REPORTED","PMC6523035 Table 1","true","NO_ADVERSE_NOTICE_FOUND","MODERATE","false"
"C4B1_OBS_31193251_KNEE_BEHIND_TOES_CONTEXT","SRC_PMID_31193251","C4B1_COND_31193251_KNEE_BEHIND_TOES","C4B1_METRIC_31193251_KNEE_BEHIND_TOES_CONTEXT","ex_64644b5e","C4B1_COND_31193251_KNEE_BEHIND_TOES","TISSUE","PATELLAR_TENDON","C","STRUCTURED_MECHANICAL_CONTEXT","","SD","","NOT_APPLICABLE","STRUCTURED_CONTEXT_TAGS","SOURCE_PROTOCOL_CONTEXT","Healthy physically active women","LUNGE|KNEE_BEHIND_TOES|UPRIGHT_TRUNK|CONTROLLED","","Source protocol context preserved for ordering only; no scalar C calibration.","Healthy young women only; bodyweight 0.5 Hz forward-step lunge; model and geometry are protocol-specific.","CONTEXT_ONLY","COHORT_31193251","DATASET_31193251","DEPENDENCY_31193251","TABLE_REPORTED","PMC6523035 Table 1","true","NO_ADVERSE_NOTICE_FOUND","LOW","false"
"C4B1_OBS_31193251_KNEE_FRONT_OF_TOES_STRESS","SRC_PMID_31193251","C4B1_COND_31193251_KNEE_FRONT_OF_TOES","C4B1_METRIC_31193251_KNEE_FRONT_OF_TOES_STRESS","ex_64644b5e","C4B1_COND_31193251_KNEE_FRONT_OF_TOES","TISSUE","PATELLAR_TENDON","M","MODELED_PATELLAR_TENDON_PEAK_STRESS","0.2","SD","0.02","MPa","ABSOLUTE_STRESS_MPA","MODELED_PATELLAR_TENDON_STRESS","Healthy physically active women","LUNGE|KNEE_FRONT_OF_TOES|UPRIGHT_TRUNK|CONTROLLED","","Full-text table value preserved under its source-defined metric and condition.","Healthy young women only; bodyweight 0.5 Hz forward-step lunge; model and geometry are protocol-specific.","VALIDATED_INTERNAL_MODEL","COHORT_31193251","DATASET_31193251","DEPENDENCY_31193251","TABLE_REPORTED","PMC6523035 Table 1","true","NO_ADVERSE_NOTICE_FOUND","MODERATE","false"
"C4B1_OBS_31193251_KNEE_FRONT_OF_TOES_IMPULSE","SRC_PMID_31193251","C4B1_COND_31193251_KNEE_FRONT_OF_TOES","C4B1_METRIC_31193251_KNEE_FRONT_OF_TOES_IMPULSE","ex_64644b5e","C4B1_COND_31193251_KNEE_FRONT_OF_TOES","TISSUE","PATELLAR_TENDON","T","MODELED_PATELLAR_TENDON_STRESS_TIME_INTEGRAL","0.0019","SD","0.0003","MPa*s","ABSOLUTE_STRESS_TIME_INTEGRAL","MODELED_PATELLAR_TENDON_STRESS","Healthy physically active women","LUNGE|KNEE_FRONT_OF_TOES|UPRIGHT_TRUNK|CONTROLLED","","Full-text table value preserved under its source-defined metric and condition.","Healthy young women only; bodyweight 0.5 Hz forward-step lunge; model and geometry are protocol-specific.","VALIDATED_INTERNAL_MODEL","COHORT_31193251","DATASET_31193251","DEPENDENCY_31193251","TABLE_REPORTED","PMC6523035 Table 1","true","NO_ADVERSE_NOTICE_FOUND","MODERATE","false"
"C4B1_OBS_31193251_KNEE_FRONT_OF_TOES_RATE","SRC_PMID_31193251","C4B1_COND_31193251_KNEE_FRONT_OF_TOES","C4B1_METRIC_31193251_KNEE_FRONT_OF_TOES_RATE","ex_64644b5e","C4B1_COND_31193251_KNEE_FRONT_OF_TOES","TISSUE","PATELLAR_TENDON","T","MODELED_PATELLAR_TENDON_STRESS_LOADING_RATE","1.17","SD","0.36","MPa/s","ABSOLUTE_STRESS_LOADING_RATE","MODELED_PATELLAR_TENDON_STRESS","Healthy physically active women","LUNGE|KNEE_FRONT_OF_TOES|UPRIGHT_TRUNK|CONTROLLED","","Full-text table value preserved under its source-defined metric and condition.","Healthy young women only; bodyweight 0.5 Hz forward-step lunge; model and geometry are protocol-specific.","VALIDATED_INTERNAL_MODEL","COHORT_31193251","DATASET_31193251","DEPENDENCY_31193251","TABLE_REPORTED","PMC6523035 Table 1","true","NO_ADVERSE_NOTICE_FOUND","MODERATE","false"
"C4B1_OBS_31193251_KNEE_FRONT_OF_TOES_CONTEXT","SRC_PMID_31193251","C4B1_COND_31193251_KNEE_FRONT_OF_TOES","C4B1_METRIC_31193251_KNEE_FRONT_OF_TOES_CONTEXT","ex_64644b5e","C4B1_COND_31193251_KNEE_FRONT_OF_TOES","TISSUE","PATELLAR_TENDON","C","STRUCTURED_MECHANICAL_CONTEXT","","SD","","NOT_APPLICABLE","STRUCTURED_CONTEXT_TAGS","SOURCE_PROTOCOL_CONTEXT","Healthy physically active women","LUNGE|KNEE_FRONT_OF_TOES|UPRIGHT_TRUNK|CONTROLLED","","Source protocol context preserved for ordering only; no scalar C calibration.","Healthy young women only; bodyweight 0.5 Hz forward-step lunge; model and geometry are protocol-specific.","CONTEXT_ONLY","COHORT_31193251","DATASET_31193251","DEPENDENCY_31193251","TABLE_REPORTED","PMC6523035 Table 1","true","NO_ADVERSE_NOTICE_FOUND","LOW","false"
