"exerciseName","stableKey","movementFamily","transferBefore","transferAfter","transferTypeBefore","transferTypeAfter","stressMagnitudeBefore","stressMagnitudeAfter","neuromuscularStressLevel","systemicMuscularStressLevel","localMuscularStressLevel","jointTendonImpactStressLevel","movementFocusDemandLevel","recoveryDurationClass","reason"
"B-스탠스 RDL","ex_201f6426","DEADLIFT_HINGE_VARIANTS","SUPPORTIVE","SUPPORTIVE","LOWER_BODY_SUPPORTIVE","LOWER_BODY_SUPPORTIVE","MODERATE","MODERATE","MODERATE","MODERATE","HIGH","MODERATE","HIGH","MEDIUM","SPECIFIC_SUPPORTIVE_PHYSICAL_PATH_RETAINED"
"EZ바 컬","ex_8633d8db","ELBOW_FLEXION_BICEPS_CURL_VARIANTS","SUPPORTIVE","GENERAL","GRIP_WRIST_SUPPORTIVE","GENERAL_STRENGTH_SUPPORTIVE","LOW","LOW","LOW","LOW","HIGH","MODERATE","LOW","SHORT","ORDINARY_STRENGTH_OR_ACCESSORY_DOWNGRADED_FROM_SUPPORTIVE"
"Yates Row","ex_8e4bf08e","ROW_VARIANTS","SUPPORTIVE","GENERAL","SHOULDER_SCAPULAR_SUPPORTIVE","GENERAL_STRENGTH_SUPPORTIVE","MODERATE","MODERATE","MODERATE","MODERATE","HIGH","MODERATE","MODERATE","MEDIUM","ORDINARY_STRENGTH_OR_ACCESSORY_DOWNGRADED_FROM_SUPPORTIVE"
"글루트 브릿지","ex_389920ab","HIP_THRUST_GLUTE_BRIDGE_VARIANTS","SUPPORTIVE","GENERAL","LOWER_BODY_SUPPORTIVE","GENERAL_STRENGTH_SUPPORTIVE","MODERATE","MODERATE","MODERATE","MODERATE","HIGH","MODERATE","MODERATE","MEDIUM","ORDINARY_STRENGTH_OR_ACCESSORY_DOWNGRADED_FROM_SUPPORTIVE"
"네거티브 풀업","ex_e4f911bb","PULL_UP_CHIN_UP_LAT_PULLDOWN_VARIANTS","SUPPORTIVE","GENERAL","SHOULDER_SCAPULAR_SUPPORTIVE","GENERAL_STRENGTH_SUPPORTIVE","MODERATE","MODERATE","MODERATE","MODERATE","HIGH","MODERATE","MODERATE","MEDIUM","ORDINARY_STRENGTH_OR_ACCESSORY_DOWNGRADED_FROM_SUPPORTIVE"
"덤벨 래터럴 레이즈","ex_93538692","LATERAL_RAISE_DELTOID_ISOLATION_VARIANTS","SUPPORTIVE","GENERAL","SHOULDER_SCAPULAR_SUPPORTIVE","GENERAL_STRENGTH_SUPPORTIVE","LOW","LOW","LOW","LOW","HIGH","MODERATE","LOW","SHORT","ORDINARY_STRENGTH_OR_ACCESSORY_DOWNGRADED_FROM_SUPPORTIVE"
"덤벨 루마니안 데드리프트","ex_9523db82","DEADLIFT_HINGE_VARIANTS","SUPPORTIVE","GENERAL","LOWER_BODY_SUPPORTIVE","GENERAL_STRENGTH_SUPPORTIVE","HIGH","HIGH","MODERATE","MODERATE","HIGH","MODERATE","MODERATE","LONG","ORDINARY_STRENGTH_OR_ACCESSORY_DOWNGRADED_FROM_SUPPORTIVE"
"덤벨 리스트 익스텐션","ex_72f11dc5","FOREARM_GRIP_ACCESSORY","SUPPORTIVE","SUPPORTIVE","GRIP_WRIST_SUPPORTIVE","GRIP_WRIST_SUPPORTIVE","LOW","LOW","LOW","LOW","HIGH","MODERATE","LOW","SHORT","SPECIFIC_SUPPORTIVE_PHYSICAL_PATH_RETAINED"
"덤벨 리스트 컬","ex_95028bfe","FOREARM_GRIP_ACCESSORY","SUPPORTIVE","SUPPORTIVE","GRIP_WRIST_SUPPORTIVE","GRIP_WRIST_SUPPORTIVE","LOW","LOW","LOW","LOW","HIGH","MODERATE","LOW","SHORT","SPECIFIC_SUPPORTIVE_PHYSICAL_PATH_RETAINED"
"덤벨 숄더프레스","ex_79f3bdbe","OVERHEAD_PRESS_VARIANTS","SUPPORTIVE","GENERAL","SHOULDER_SCAPULAR_SUPPORTIVE","GENERAL_STRENGTH_SUPPORTIVE","MODERATE","MODERATE","MODERATE","MODERATE","HIGH","MODERATE","HIGH","MEDIUM","ORDINARY_STRENGTH_OR_ACCESSORY_DOWNGRADED_FROM_SUPPORTIVE"
"덤벨 스텝업","ex_704cbf1a","STEP_UP_VARIANTS","SUPPORTIVE","SUPPORTIVE","LOWER_BODY_SUPPORTIVE","LOWER_BODY_SUPPORTIVE","MODERATE","MODERATE","MODERATE","MODERATE","HIGH","MODERATE","HIGH","MEDIUM","SPECIFIC_SUPPORTIVE_PHYSICAL_PATH_RETAINED"
"덤벨 컬","ex_281347da","ELBOW_FLEXION_BICEPS_CURL_VARIANTS","SUPPORTIVE","GENERAL","GRIP_WRIST_SUPPORTIVE","GENERAL_STRENGTH_SUPPORTIVE","LOW","LOW","LOW","LOW","HIGH","MODERATE","LOW","SHORT","ORDINARY_STRENGTH_OR_ACCESSORY_DOWNGRADED_FROM_SUPPORTIVE"
"덤벨 프로네이션/수피네이션","ex_f6703b06","FOREARM_GRIP_ACCESSORY","SUPPORTIVE","SUPPORTIVE","GRIP_WRIST_SUPPORTIVE","GRIP_WRIST_SUPPORTIVE","LOW","LOW","LOW","LOW","HIGH","MODERATE","LOW","SHORT","SPECIFIC_SUPPORTIVE_PHYSICAL_PATH_RETAINED"
"데드리프트","barbell_deadlift","DEADLIFT_HINGE_VARIANTS","SUPPORTIVE","GENERAL","LOWER_BODY_SUPPORTIVE","GENERAL_STRENGTH_SUPPORTIVE","VERY_HIGH","VERY_HIGH","MODERATE","MODERATE","HIGH","MODERATE","MODERATE","VERY_LONG","ORDINARY_STRENGTH_OR_ACCESSORY_DOWNGRADED_FROM_SUPPORTIVE"
"등받이 없는 덤벨 시티드 숄더프레스","ex_bb4b4276","OVERHEAD_PRESS_VARIANTS","SUPPORTIVE","GENERAL","SHOULDER_SCAPULAR_SUPPORTIVE","GENERAL_STRENGTH_SUPPORTIVE","MODERATE","MODERATE","MODERATE","MODERATE","HIGH","MODERATE","HIGH","MEDIUM","ORDINARY_STRENGTH_OR_ACCESSORY_DOWNGRADED_FROM_SUPPORTIVE"
"딥스","ex_6463edad","DIP_COMPOUND_PUSH_VARIANTS","NONE","NONE","NONE","NONE","HIGH","HIGH","MODERATE","MODERATE","HIGH","HIGH","MODERATE","MEDIUM","USER_CONFIRMED_BENCH_DIP_HIGH"
"래터럴 런지","ex_b4b198de","LUNGE_SPLIT_SQUAT_VARIANTS","SUPPORTIVE","SUPPORTIVE","LOWER_BODY_SUPPORTIVE","LOWER_BODY_SUPPORTIVE","HIGH","HIGH","HIGH","HIGH","HIGH","HIGH","HIGH","LONG","SPECIFIC_SUPPORTIVE_PHYSICAL_PATH_RETAINED"
"랫풀다운","ex_dc9e5953","PULL_UP_CHIN_UP_LAT_PULLDOWN_VARIANTS","SUPPORTIVE","GENERAL","SHOULDER_SCAPULAR_SUPPORTIVE","GENERAL_STRENGTH_SUPPORTIVE","MODERATE","MODERATE","MODERATE","MODERATE","HIGH","MODERATE","MODERATE","MEDIUM","ORDINARY_STRENGTH_OR_ACCESSORY_DOWNGRADED_FROM_SUPPORTIVE"
"런지","ex_64644b5e","LUNGE_SPLIT_SQUAT_VARIANTS","SUPPORTIVE","SUPPORTIVE","LOWER_BODY_SUPPORTIVE","LOWER_BODY_SUPPORTIVE","HIGH","HIGH","HIGH","HIGH","HIGH","HIGH","HIGH","LONG","SPECIFIC_SUPPORTIVE_PHYSICAL_PATH_RETAINED"
"레그 익스텐션","ex_b78a8f95","KNEE_EXTENSION_QUAD_ISOLATION","SUPPORTIVE","GENERAL","LOWER_BODY_SUPPORTIVE","GENERAL_STRENGTH_SUPPORTIVE","LOW","LOW","LOW","LOW","HIGH","MODERATE","LOW","SHORT","ORDINARY_STRENGTH_OR_ACCESSORY_DOWNGRADED_FROM_SUPPORTIVE|USER_CONFIRMED_LEG_EXTENSION_CURL_LOW_RETAINED"
"레그 컬","ex_2822ec2e","HAMSTRING_CURL_VARIANTS","SUPPORTIVE","GENERAL","LOWER_BODY_SUPPORTIVE","GENERAL_STRENGTH_SUPPORTIVE","LOW","LOW","LOW","LOW","HIGH","MODERATE","LOW","SHORT","ORDINARY_STRENGTH_OR_ACCESSORY_DOWNGRADED_FROM_SUPPORTIVE|USER_CONFIRMED_LEG_EXTENSION_CURL_LOW_RETAINED"
"레그 프레스","ex_ab468462","LEG_PRESS_KNEE_DOMINANT_MACHINE_VARIANTS","SUPPORTIVE","GENERAL","LOWER_BODY_SUPPORTIVE","GENERAL_STRENGTH_SUPPORTIVE","MODERATE","MODERATE","MODERATE","MODERATE","HIGH","MODERATE","LOW","MEDIUM","ORDINARY_STRENGTH_OR_ACCESSORY_DOWNGRADED_FROM_SUPPORTIVE"
"로프 해머 컬","ex_c1a81cb2","ELBOW_FLEXION_BRACHIALIS_BRACHIORADIALIS_VARIANTS","SUPPORTIVE","GENERAL","GRIP_WRIST_SUPPORTIVE","GENERAL_STRENGTH_SUPPORTIVE","LOW","LOW","LOW","LOW","HIGH","MODERATE","LOW","SHORT","ORDINARY_STRENGTH_OR_ACCESSORY_DOWNGRADED_FROM_SUPPORTIVE"
"루마니안 데드리프트","ex_d2bb7946","DEADLIFT_HINGE_VARIANTS","SUPPORTIVE","GENERAL","LOWER_BODY_SUPPORTIVE","GENERAL_STRENGTH_SUPPORTIVE","HIGH","HIGH","MODERATE","MODERATE","HIGH","MODERATE","MODERATE","LONG","ORDINARY_STRENGTH_OR_ACCESSORY_DOWNGRADED_FROM_SUPPORTIVE"
"리닝 래터럴 레이즈","ex_70f19bf","LATERAL_RAISE_DELTOID_ISOLATION_VARIANTS","SUPPORTIVE","GENERAL","SHOULDER_SCAPULAR_SUPPORTIVE","GENERAL_STRENGTH_SUPPORTIVE","LOW","LOW","LOW","LOW","HIGH","MODERATE","LOW","SHORT","ORDINARY_STRENGTH_OR_ACCESSORY_DOWNGRADED_FROM_SUPPORTIVE"
"리버스 노르딕 컬","ex_8a3800f1","QUAD_ECCENTRIC_KNEE_DOMINANT","SUPPORTIVE","SUPPORTIVE","LOWER_BODY_SUPPORTIVE","LOWER_BODY_SUPPORTIVE","VERY_HIGH","VERY_HIGH","MODERATE","LOW","VERY_HIGH","VERY_HIGH","HIGH","VERY_LONG","SPECIFIC_SUPPORTIVE_PHYSICAL_PATH_RETAINED"
"리버스 런지","ex_c8bcf3ce","LUNGE_SPLIT_SQUAT_VARIANTS","SUPPORTIVE","SUPPORTIVE","LOWER_BODY_SUPPORTIVE","LOWER_BODY_SUPPORTIVE","HIGH","HIGH","HIGH","HIGH","HIGH","HIGH","HIGH","LONG","SPECIFIC_SUPPORTIVE_PHYSICAL_PATH_RETAINED"
"리버스 리스트 컬","ex_8e18b02a","FOREARM_GRIP_ACCESSORY","SUPPORTIVE","SUPPORTIVE","GRIP_WRIST_SUPPORTIVE","GRIP_WRIST_SUPPORTIVE","LOW","LOW","LOW","LOW","HIGH","MODERATE","LOW","SHORT","SPECIFIC_SUPPORTIVE_PHYSICAL_PATH_RETAINED"
"리버스 컬","ex_dd2f732e","ELBOW_FLEXION_BRACHIALIS_BRACHIORADIALIS_VARIANTS","SUPPORTIVE","GENERAL","GRIP_WRIST_SUPPORTIVE","GENERAL_STRENGTH_SUPPORTIVE","LOW","LOW","LOW","LOW","HIGH","MODERATE","LOW","SHORT","ORDINARY_STRENGTH_OR_ACCESSORY_DOWNGRADED_FROM_SUPPORTIVE"
"리어델트 케이블 플라이","ex_7deabeba","REAR_DELT_FLY_HORIZONTAL_ABDUCTION_VARIANTS","SUPPORTIVE","GENERAL","SHOULDER_SCAPULAR_SUPPORTIVE","GENERAL_STRENGTH_SUPPORTIVE","LOW","LOW","LOW","LOW","HIGH","MODERATE","LOW","SHORT","ORDINARY_STRENGTH_OR_ACCESSORY_DOWNGRADED_FROM_SUPPORTIVE"
"리어델트 플라이","ex_7176cbee","REAR_DELT_FLY_HORIZONTAL_ABDUCTION_VARIANTS","SUPPORTIVE","GENERAL","SHOULDER_SCAPULAR_SUPPORTIVE","GENERAL_STRENGTH_SUPPORTIVE","LOW","LOW","LOW","LOW","HIGH","MODERATE","LOW","SHORT","ORDINARY_STRENGTH_OR_ACCESSORY_DOWNGRADED_FROM_SUPPORTIVE"
"리어풋 엘리베이티드 스플릿 스쿼트","ex_bb728af2","LUNGE_SPLIT_SQUAT_VARIANTS","SUPPORTIVE","SUPPORTIVE","LOWER_BODY_SUPPORTIVE","LOWER_BODY_SUPPORTIVE","MODERATE","MODERATE","MODERATE","MODERATE","HIGH","MODERATE","HIGH","MEDIUM","SPECIFIC_SUPPORTIVE_PHYSICAL_PATH_RETAINED"
"링 로우","ex_282a9d87","ROW_VARIANTS","SUPPORTIVE","GENERAL","SHOULDER_SCAPULAR_SUPPORTIVE","GENERAL_STRENGTH_SUPPORTIVE","MODERATE","MODERATE","MODERATE","MODERATE","HIGH","MODERATE","MODERATE","MEDIUM","ORDINARY_STRENGTH_OR_ACCESSORY_DOWNGRADED_FROM_SUPPORTIVE"
"맨몸 스쿼트","ex_cb3c4dc2","SQUAT_VARIANTS","SUPPORTIVE","GENERAL","LOWER_BODY_SUPPORTIVE","GENERAL_STRENGTH_SUPPORTIVE","LOW","LOW","LOW","LOW","MODERATE","MODERATE","HIGH","SHORT","ORDINARY_STRENGTH_OR_ACCESSORY_DOWNGRADED_FROM_SUPPORTIVE"
"머신 숄더프레스","ex_4aa3725a","OVERHEAD_PRESS_VARIANTS","SUPPORTIVE","GENERAL","SHOULDER_SCAPULAR_SUPPORTIVE","GENERAL_STRENGTH_SUPPORTIVE","MODERATE","MODERATE","MODERATE","MODERATE","HIGH","MODERATE","HIGH","MEDIUM","ORDINARY_STRENGTH_OR_ACCESSORY_DOWNGRADED_FROM_SUPPORTIVE"
"메도우즈 로우","ex_f459ad2a","ROW_VARIANTS","SUPPORTIVE","GENERAL","SHOULDER_SCAPULAR_SUPPORTIVE","GENERAL_STRENGTH_SUPPORTIVE","MODERATE","MODERATE","MODERATE","MODERATE","HIGH","MODERATE","MODERATE","MEDIUM","ORDINARY_STRENGTH_OR_ACCESSORY_DOWNGRADED_FROM_SUPPORTIVE"
"바벨 로우","ex_de46b7f6","ROW_VARIANTS","SUPPORTIVE","GENERAL","SHOULDER_SCAPULAR_SUPPORTIVE","GENERAL_STRENGTH_SUPPORTIVE","MODERATE","MODERATE","MODERATE","MODERATE","HIGH","MODERATE","MODERATE","MEDIUM","ORDINARY_STRENGTH_OR_ACCESSORY_DOWNGRADED_FROM_SUPPORTIVE"
"밴드 외회전","ex_e8ff8cfa","EXTERNAL_ROTATION_INTERNAL_ROTATION_VARIANTS","SUPPORTIVE","SUPPORTIVE","SHOULDER_SCAPULAR_SUPPORTIVE","SHOULDER_SCAPULAR_SUPPORTIVE","LOW","LOW","LOW","LOW","MODERATE","MODERATE","HIGH","SHORT","SPECIFIC_SUPPORTIVE_PHYSICAL_PATH_RETAINED"
"버드독","ex_28347c1f","ANTI_ROTATION_ANTI_EXTENSION_CORE","SUPPORTIVE","SUPPORTIVE","CORE_STABILITY_SUPPORTIVE","CORE_STABILITY_SUPPORTIVE","LOW","LOW","LOW","LOW","MODERATE","MODERATE","MODERATE","SHORT","SPECIFIC_SUPPORTIVE_PHYSICAL_PATH_RETAINED"
"벤치 딥스","ex_deca2b61","DIP_TRICEPS_PUSH","NONE","NONE","NONE","NONE","HIGH","HIGH","MODERATE","MODERATE","HIGH","HIGH","MODERATE","MEDIUM","USER_CONFIRMED_BENCH_DIP_HIGH"
"벤치프레스","barbell_bench_press","BENCH_PRESS_DUMBBELL_PRESS_MACHINE_PRESS_VARIANTS","NONE","NONE","NONE","NONE","MODERATE","HIGH","MODERATE","MODERATE","HIGH","MODERATE","MODERATE","MEDIUM","USER_CONFIRMED_BENCH_DIP_HIGH"
"슈퍼맨","ex_284ecca6","POSTERIOR_CHAIN_LOW_LOAD_CONTROL","SUPPORTIVE","GENERAL","CORE_STABILITY_SUPPORTIVE","GENERAL_STRENGTH_SUPPORTIVE","LOW","LOW","LOW","LOW","MODERATE","MODERATE","HIGH","SHORT","USER_CONFIRMED_SUPERMAN_GENERAL"
"스미스 머신 런지","ex_1052e9fa","LUNGE_SPLIT_SQUAT_VARIANTS","SUPPORTIVE","SUPPORTIVE","LOWER_BODY_SUPPORTIVE","LOWER_BODY_SUPPORTIVE","MODERATE","MODERATE","MODERATE","MODERATE","HIGH","MODERATE","HIGH","MEDIUM","SPECIFIC_SUPPORTIVE_PHYSICAL_PATH_RETAINED"
"스미스 머신 스쿼트","ex_fa3416f6","SQUAT_VARIANTS","SUPPORTIVE","GENERAL","LOWER_BODY_SUPPORTIVE","GENERAL_STRENGTH_SUPPORTIVE","VERY_HIGH","VERY_HIGH","HIGH","HIGH","HIGH","HIGH","HIGH","VERY_LONG","ORDINARY_STRENGTH_OR_ACCESSORY_DOWNGRADED_FROM_SUPPORTIVE"
"스캡 풀업","ex_e1894690","PULL_UP_CHIN_UP_LAT_PULLDOWN_VARIANTS","SUPPORTIVE","SUPPORTIVE","SHOULDER_SCAPULAR_SUPPORTIVE","SHOULDER_SCAPULAR_SUPPORTIVE","MODERATE","MODERATE","MODERATE","MODERATE","HIGH","MODERATE","MODERATE","MEDIUM","SPECIFIC_SUPPORTIVE_PHYSICAL_PATH_RETAINED"
"스쿼트","barbell_back_squat","SQUAT_VARIANTS","SUPPORTIVE","GENERAL","LOWER_BODY_SUPPORTIVE","GENERAL_STRENGTH_SUPPORTIVE","VERY_HIGH","VERY_HIGH","HIGH","HIGH","HIGH","HIGH","HIGH","VERY_LONG","ORDINARY_STRENGTH_OR_ACCESSORY_DOWNGRADED_FROM_SUPPORTIVE"
"스탠딩 레그 컬","ex_b59bed7d","HAMSTRING_CURL_VARIANTS","SUPPORTIVE","GENERAL","LOWER_BODY_SUPPORTIVE","GENERAL_STRENGTH_SUPPORTIVE","LOW","LOW","LOW","LOW","HIGH","MODERATE","LOW","SHORT","ORDINARY_STRENGTH_OR_ACCESSORY_DOWNGRADED_FROM_SUPPORTIVE|USER_CONFIRMED_LEG_EXTENSION_CURL_LOW_RETAINED"
"스탠딩 카프 레이즈","ex_bd072cd","CALF_RAISE_ANKLE_STIFFNESS_VARIANTS","SUPPORTIVE","SUPPORTIVE","ANKLE_CALF_SSC_SUPPORTIVE","ANKLE_CALF_SSC_SUPPORTIVE","MODERATE","MODERATE","LOW","LOW","HIGH","MODERATE","LOW","SHORT","SPECIFIC_SUPPORTIVE_PHYSICAL_PATH_RETAINED"
"스파이더 컬","ex_516f4456","ELBOW_FLEXION_BICEPS_CURL_VARIANTS","SUPPORTIVE","GENERAL","GRIP_WRIST_SUPPORTIVE","GENERAL_STRENGTH_SUPPORTIVE","LOW","LOW","LOW","LOW","HIGH","MODERATE","LOW","SHORT","ORDINARY_STRENGTH_OR_ACCESSORY_DOWNGRADED_FROM_SUPPORTIVE"
"스플릿 스쿼트","ex_f2a79d37","LUNGE_SPLIT_SQUAT_VARIANTS","SUPPORTIVE","SUPPORTIVE","LOWER_BODY_SUPPORTIVE","LOWER_BODY_SUPPORTIVE","MODERATE","MODERATE","MODERATE","MODERATE","HIGH","MODERATE","HIGH","MEDIUM","SPECIFIC_SUPPORTIVE_PHYSICAL_PATH_RETAINED"
"시티드 원암 케이블 로우","ex_a76f20b6","ROW_VARIANTS","SUPPORTIVE","SUPPORTIVE","SHOULDER_SCAPULAR_SUPPORTIVE","SHOULDER_SCAPULAR_SUPPORTIVE","MODERATE","MODERATE","MODERATE","MODERATE","HIGH","MODERATE","MODERATE","MEDIUM","USER_CONFIRMED_ONE_ARM_CABLE_ROW_SUPPORTIVE"
"시티드 카프 레이즈","ex_5c8751d2","CALF_RAISE_ANKLE_STIFFNESS_VARIANTS","SUPPORTIVE","SUPPORTIVE","ANKLE_CALF_SSC_SUPPORTIVE","ANKLE_CALF_SSC_SUPPORTIVE","MODERATE","MODERATE","LOW","LOW","HIGH","MODERATE","LOW","SHORT","SPECIFIC_SUPPORTIVE_PHYSICAL_PATH_RETAINED"
"싱글 레그 글루트 브릿지","ex_5715d6ca","HIP_THRUST_GLUTE_BRIDGE_VARIANTS","SUPPORTIVE","GENERAL","LOWER_BODY_SUPPORTIVE","GENERAL_STRENGTH_SUPPORTIVE","MODERATE","MODERATE","MODERATE","MODERATE","HIGH","MODERATE","MODERATE","MEDIUM","ORDINARY_STRENGTH_OR_ACCESSORY_DOWNGRADED_FROM_SUPPORTIVE"
"싱글 레그 레그 익스텐션","ex_d60745b4","KNEE_EXTENSION_QUAD_ISOLATION","SUPPORTIVE","GENERAL","LOWER_BODY_SUPPORTIVE","GENERAL_STRENGTH_SUPPORTIVE","LOW","LOW","LOW","LOW","HIGH","MODERATE","LOW","SHORT","ORDINARY_STRENGTH_OR_ACCESSORY_DOWNGRADED_FROM_SUPPORTIVE|USER_CONFIRMED_LEG_EXTENSION_CURL_LOW_RETAINED"
"싱글 레그 레그 컬","ex_8824026f","HAMSTRING_CURL_VARIANTS","SUPPORTIVE","GENERAL","LOWER_BODY_SUPPORTIVE","GENERAL_STRENGTH_SUPPORTIVE","LOW","LOW","LOW","LOW","HIGH","MODERATE","LOW","SHORT","ORDINARY_STRENGTH_OR_ACCESSORY_DOWNGRADED_FROM_SUPPORTIVE|USER_CONFIRMED_LEG_EXTENSION_CURL_LOW_RETAINED"
"싱글 레그 카프 레이즈","ex_5ca7133f","CALF_RAISE_ANKLE_STIFFNESS_VARIANTS","SUPPORTIVE","SUPPORTIVE","ANKLE_CALF_SSC_SUPPORTIVE","ANKLE_CALF_SSC_SUPPORTIVE","MODERATE","MODERATE","LOW","LOW","HIGH","MODERATE","LOW","SHORT","SPECIFIC_SUPPORTIVE_PHYSICAL_PATH_RETAINED"
"싱글 레그 힙 쓰러스트","ex_d634055c","HIP_THRUST_GLUTE_BRIDGE_VARIANTS","SUPPORTIVE","GENERAL","LOWER_BODY_SUPPORTIVE","GENERAL_STRENGTH_SUPPORTIVE","MODERATE","MODERATE","MODERATE","MODERATE","HIGH","MODERATE","MODERATE","MEDIUM","ORDINARY_STRENGTH_OR_ACCESSORY_DOWNGRADED_FROM_SUPPORTIVE"
"아놀드 프레스","ex_767e188e","OVERHEAD_PRESS_VARIANTS","SUPPORTIVE","GENERAL","SHOULDER_SCAPULAR_SUPPORTIVE","GENERAL_STRENGTH_SUPPORTIVE","MODERATE","MODERATE","MODERATE","MODERATE","HIGH","MODERATE","HIGH","MEDIUM","ORDINARY_STRENGTH_OR_ACCESSORY_DOWNGRADED_FROM_SUPPORTIVE"
"오버헤드 프레스","ex_32219f7a","OVERHEAD_PRESS_VARIANTS","SUPPORTIVE","GENERAL","SHOULDER_SCAPULAR_SUPPORTIVE","GENERAL_STRENGTH_SUPPORTIVE","MODERATE","MODERATE","MODERATE","MODERATE","HIGH","MODERATE","HIGH","MEDIUM","ORDINARY_STRENGTH_OR_ACCESSORY_DOWNGRADED_FROM_SUPPORTIVE"
"워킹 런지","ex_e3715c0b","LUNGE_SPLIT_SQUAT_VARIANTS","SUPPORTIVE","SUPPORTIVE","LOWER_BODY_SUPPORTIVE","LOWER_BODY_SUPPORTIVE","HIGH","HIGH","HIGH","HIGH","HIGH","HIGH","HIGH","LONG","SPECIFIC_SUPPORTIVE_PHYSICAL_PATH_RETAINED"
"원레그 레그 프레스","ex_a091b9fe","LEG_PRESS_KNEE_DOMINANT_MACHINE_VARIANTS","SUPPORTIVE","GENERAL","LOWER_BODY_SUPPORTIVE","GENERAL_STRENGTH_SUPPORTIVE","MODERATE","MODERATE","MODERATE","MODERATE","HIGH","MODERATE","LOW","MEDIUM","ORDINARY_STRENGTH_OR_ACCESSORY_DOWNGRADED_FROM_SUPPORTIVE"
"원레그 핵 스쿼트","ex_f1d31d3d","SQUAT_VARIANTS","SUPPORTIVE","GENERAL","LOWER_BODY_SUPPORTIVE","GENERAL_STRENGTH_SUPPORTIVE","HIGH","HIGH","MODERATE","MODERATE","HIGH","MODERATE","LOW","LONG","ORDINARY_STRENGTH_OR_ACCESSORY_DOWNGRADED_FROM_SUPPORTIVE"
"원암 덤벨 RDL","ex_e0b1e364","DEADLIFT_HINGE_VARIANTS","SUPPORTIVE","SUPPORTIVE","LOWER_BODY_SUPPORTIVE","LOWER_BODY_SUPPORTIVE","MODERATE","MODERATE","MODERATE","MODERATE","HIGH","MODERATE","HIGH","MEDIUM","SPECIFIC_SUPPORTIVE_PHYSICAL_PATH_RETAINED"
"원암 덤벨 로우","ex_30a0e9aa","ROW_VARIANTS","SUPPORTIVE","GENERAL","SHOULDER_SCAPULAR_SUPPORTIVE","GENERAL_STRENGTH_SUPPORTIVE","MODERATE","MODERATE","MODERATE","MODERATE","HIGH","MODERATE","MODERATE","MEDIUM","ORDINARY_STRENGTH_OR_ACCESSORY_DOWNGRADED_FROM_SUPPORTIVE"
"원암 덤벨 숄더프레스","ex_7814843a","OVERHEAD_PRESS_VARIANTS","SUPPORTIVE","GENERAL","SHOULDER_SCAPULAR_SUPPORTIVE","GENERAL_STRENGTH_SUPPORTIVE","MODERATE","MODERATE","MODERATE","MODERATE","HIGH","MODERATE","HIGH","MEDIUM","ORDINARY_STRENGTH_OR_ACCESSORY_DOWNGRADED_FROM_SUPPORTIVE"
"원암 덤벨 컬","ex_85b2ac56","ELBOW_FLEXION_BICEPS_CURL_VARIANTS","SUPPORTIVE","GENERAL","GRIP_WRIST_SUPPORTIVE","GENERAL_STRENGTH_SUPPORTIVE","LOW","LOW","LOW","LOW","HIGH","MODERATE","LOW","SHORT","ORDINARY_STRENGTH_OR_ACCESSORY_DOWNGRADED_FROM_SUPPORTIVE"
"원암 랫풀다운","ex_32eb8457","PULL_UP_CHIN_UP_LAT_PULLDOWN_VARIANTS","SUPPORTIVE","GENERAL","SHOULDER_SCAPULAR_SUPPORTIVE","GENERAL_STRENGTH_SUPPORTIVE","MODERATE","MODERATE","MODERATE","MODERATE","HIGH","MODERATE","MODERATE","MEDIUM","ORDINARY_STRENGTH_OR_ACCESSORY_DOWNGRADED_FROM_SUPPORTIVE"
"원암 로우","ex_e3487166","ROW_VARIANTS","SUPPORTIVE","GENERAL","SHOULDER_SCAPULAR_SUPPORTIVE","GENERAL_STRENGTH_SUPPORTIVE","MODERATE","MODERATE","MODERATE","MODERATE","HIGH","MODERATE","MODERATE","MEDIUM","ORDINARY_STRENGTH_OR_ACCESSORY_DOWNGRADED_FROM_SUPPORTIVE"
"원암 리어델트 케이블 플라이","ex_a60496be","REAR_DELT_FLY_HORIZONTAL_ABDUCTION_VARIANTS","SUPPORTIVE","GENERAL","SHOULDER_SCAPULAR_SUPPORTIVE","GENERAL_STRENGTH_SUPPORTIVE","LOW","LOW","LOW","LOW","HIGH","MODERATE","LOW","SHORT","ORDINARY_STRENGTH_OR_ACCESSORY_DOWNGRADED_FROM_SUPPORTIVE"
"원암 머신 로우","ex_33d2da8e","ROW_VARIANTS","SUPPORTIVE","GENERAL","SHOULDER_SCAPULAR_SUPPORTIVE","GENERAL_STRENGTH_SUPPORTIVE","MODERATE","MODERATE","MODERATE","MODERATE","HIGH","MODERATE","MODERATE","MEDIUM","ORDINARY_STRENGTH_OR_ACCESSORY_DOWNGRADED_FROM_SUPPORTIVE"
"원암 인버티드 로우","ex_d9084b5e","ROW_VARIANTS","SUPPORTIVE","GENERAL","SHOULDER_SCAPULAR_SUPPORTIVE","GENERAL_STRENGTH_SUPPORTIVE","MODERATE","MODERATE","MODERATE","MODERATE","HIGH","MODERATE","MODERATE","MEDIUM","ORDINARY_STRENGTH_OR_ACCESSORY_DOWNGRADED_FROM_SUPPORTIVE"
"원암 케이블 래터럴 레이즈","ex_b076570e","LATERAL_RAISE_DELTOID_ISOLATION_VARIANTS","SUPPORTIVE","GENERAL","SHOULDER_SCAPULAR_SUPPORTIVE","GENERAL_STRENGTH_SUPPORTIVE","LOW","LOW","LOW","LOW","HIGH","MODERATE","LOW","SHORT","ORDINARY_STRENGTH_OR_ACCESSORY_DOWNGRADED_FROM_SUPPORTIVE"
"원암 케이블 숄더프레스","ex_c536edc2","OVERHEAD_PRESS_VARIANTS","SUPPORTIVE","GENERAL","SHOULDER_SCAPULAR_SUPPORTIVE","GENERAL_STRENGTH_SUPPORTIVE","MODERATE","MODERATE","MODERATE","MODERATE","HIGH","MODERATE","HIGH","MEDIUM","ORDINARY_STRENGTH_OR_ACCESSORY_DOWNGRADED_FROM_SUPPORTIVE"
"원암 케이블 컬","ex_3d5719de","ELBOW_FLEXION_BICEPS_CURL_VARIANTS","SUPPORTIVE","GENERAL","GRIP_WRIST_SUPPORTIVE","GENERAL_STRENGTH_SUPPORTIVE","LOW","LOW","LOW","LOW","HIGH","MODERATE","LOW","SHORT","ORDINARY_STRENGTH_OR_ACCESSORY_DOWNGRADED_FROM_SUPPORTIVE"
"원암 케이블 하이 로우","ex_40fa57be","ROW_VARIANTS","SUPPORTIVE","SUPPORTIVE","SHOULDER_SCAPULAR_SUPPORTIVE","SHOULDER_SCAPULAR_SUPPORTIVE","MODERATE","MODERATE","MODERATE","MODERATE","HIGH","MODERATE","MODERATE","MEDIUM","USER_CONFIRMED_ONE_ARM_CABLE_ROW_SUPPORTIVE"
"원암 해머 컬","ex_86323ed6","ELBOW_FLEXION_BRACHIALIS_BRACHIORADIALIS_VARIANTS","SUPPORTIVE","GENERAL","GRIP_WRIST_SUPPORTIVE","GENERAL_STRENGTH_SUPPORTIVE","LOW","LOW","LOW","LOW","HIGH","MODERATE","LOW","SHORT","ORDINARY_STRENGTH_OR_ACCESSORY_DOWNGRADED_FROM_SUPPORTIVE"
"월싯","ex_64661229","KNEE_DOMINANT_ISOMETRIC","SUPPORTIVE","GENERAL","LOWER_BODY_SUPPORTIVE","GENERAL_STRENGTH_SUPPORTIVE","LOW","LOW","LOW","LOW","MODERATE","MODERATE","HIGH","SHORT","ORDINARY_STRENGTH_OR_ACCESSORY_DOWNGRADED_FROM_SUPPORTIVE"
"인버티드 로우","ex_e159d15a","ROW_VARIANTS","SUPPORTIVE","GENERAL","SHOULDER_SCAPULAR_SUPPORTIVE","GENERAL_STRENGTH_SUPPORTIVE","MODERATE","MODERATE","MODERATE","MODERATE","HIGH","MODERATE","MODERATE","MEDIUM","ORDINARY_STRENGTH_OR_ACCESSORY_DOWNGRADED_FROM_SUPPORTIVE"
"인클라인 덤벨 컬","ex_d5048362","ELBOW_FLEXION_BICEPS_CURL_VARIANTS","SUPPORTIVE","GENERAL","GRIP_WRIST_SUPPORTIVE","GENERAL_STRENGTH_SUPPORTIVE","LOW","LOW","LOW","LOW","HIGH","MODERATE","LOW","SHORT","ORDINARY_STRENGTH_OR_ACCESSORY_DOWNGRADED_FROM_SUPPORTIVE"
"중량 친업","ex_e41e8dcf","PULL_UP_CHIN_UP_LAT_PULLDOWN_VARIANTS","SUPPORTIVE","GENERAL","SHOULDER_SCAPULAR_SUPPORTIVE","GENERAL_STRENGTH_SUPPORTIVE","HIGH","HIGH","MODERATE","MODERATE","HIGH","MODERATE","MODERATE","LONG","ORDINARY_STRENGTH_OR_ACCESSORY_DOWNGRADED_FROM_SUPPORTIVE"
"중량 풀업","ex_e41f4c2b","PULL_UP_CHIN_UP_LAT_PULLDOWN_VARIANTS","SUPPORTIVE","GENERAL","SHOULDER_SCAPULAR_SUPPORTIVE","GENERAL_STRENGTH_SUPPORTIVE","HIGH","HIGH","MODERATE","MODERATE","HIGH","MODERATE","MODERATE","LONG","ORDINARY_STRENGTH_OR_ACCESSORY_DOWNGRADED_FROM_SUPPORTIVE"
"체스트 서포티드 로우","ex_8e51640a","ROW_VARIANTS","SUPPORTIVE","GENERAL","SHOULDER_SCAPULAR_SUPPORTIVE","GENERAL_STRENGTH_SUPPORTIVE","MODERATE","MODERATE","MODERATE","MODERATE","HIGH","MODERATE","MODERATE","MEDIUM","ORDINARY_STRENGTH_OR_ACCESSORY_DOWNGRADED_FROM_SUPPORTIVE"
"체스트 서포티드 원암 덤벨 로우","ex_6a966452","ROW_VARIANTS","SUPPORTIVE","GENERAL","SHOULDER_SCAPULAR_SUPPORTIVE","GENERAL_STRENGTH_SUPPORTIVE","MODERATE","MODERATE","MODERATE","MODERATE","HIGH","MODERATE","MODERATE","MEDIUM","ORDINARY_STRENGTH_OR_ACCESSORY_DOWNGRADED_FROM_SUPPORTIVE"
"체스트 서포티드 원암 로우","ex_462c760e","ROW_VARIANTS","SUPPORTIVE","GENERAL","SHOULDER_SCAPULAR_SUPPORTIVE","GENERAL_STRENGTH_SUPPORTIVE","MODERATE","MODERATE","MODERATE","MODERATE","HIGH","MODERATE","MODERATE","MEDIUM","ORDINARY_STRENGTH_OR_ACCESSORY_DOWNGRADED_FROM_SUPPORTIVE"
"친업","ex_6466fe77","PULL_UP_CHIN_UP_LAT_PULLDOWN_VARIANTS","SUPPORTIVE","GENERAL","SHOULDER_SCAPULAR_SUPPORTIVE","GENERAL_STRENGTH_SUPPORTIVE","MODERATE","MODERATE","MODERATE","MODERATE","HIGH","MODERATE","MODERATE","MEDIUM","ORDINARY_STRENGTH_OR_ACCESSORY_DOWNGRADED_FROM_SUPPORTIVE"
"카프 레이즈","ex_f892893e","CALF_RAISE_ANKLE_STIFFNESS_VARIANTS","SUPPORTIVE","SUPPORTIVE","ANKLE_CALF_SSC_SUPPORTIVE","ANKLE_CALF_SSC_SUPPORTIVE","MODERATE","MODERATE","LOW","LOW","HIGH","MODERATE","LOW","SHORT","SPECIFIC_SUPPORTIVE_PHYSICAL_PATH_RETAINED"
"컨센트레이션 컬","ex_c62c0716","ELBOW_FLEXION_BICEPS_CURL_VARIANTS","SUPPORTIVE","GENERAL","GRIP_WRIST_SUPPORTIVE","GENERAL_STRENGTH_SUPPORTIVE","LOW","LOW","LOW","LOW","HIGH","MODERATE","LOW","SHORT","ORDINARY_STRENGTH_OR_ACCESSORY_DOWNGRADED_FROM_SUPPORTIVE"
"케이블 래터럴 레이즈","ex_b76d3f92","LATERAL_RAISE_DELTOID_ISOLATION_VARIANTS","SUPPORTIVE","GENERAL","SHOULDER_SCAPULAR_SUPPORTIVE","GENERAL_STRENGTH_SUPPORTIVE","LOW","LOW","LOW","LOW","HIGH","MODERATE","LOW","SHORT","ORDINARY_STRENGTH_OR_ACCESSORY_DOWNGRADED_FROM_SUPPORTIVE"
"케이블 로우","ex_fa31f7a6","ROW_VARIANTS","SUPPORTIVE","GENERAL","SHOULDER_SCAPULAR_SUPPORTIVE","GENERAL_STRENGTH_SUPPORTIVE","MODERATE","MODERATE","MODERATE","MODERATE","HIGH","MODERATE","MODERATE","MEDIUM","ORDINARY_STRENGTH_OR_ACCESSORY_DOWNGRADED_FROM_SUPPORTIVE"
"케이블 원암 로우","ex_3c3692aa","ROW_VARIANTS","SUPPORTIVE","SUPPORTIVE","SHOULDER_SCAPULAR_SUPPORTIVE","SHOULDER_SCAPULAR_SUPPORTIVE","MODERATE","MODERATE","MODERATE","MODERATE","HIGH","MODERATE","MODERATE","MEDIUM","USER_CONFIRMED_ONE_ARM_CABLE_ROW_SUPPORTIVE"
"케이블 컬","ex_e709eeda","ELBOW_FLEXION_BICEPS_CURL_VARIANTS","SUPPORTIVE","GENERAL","GRIP_WRIST_SUPPORTIVE","GENERAL_STRENGTH_SUPPORTIVE","LOW","LOW","LOW","LOW","HIGH","MODERATE","LOW","SHORT","ORDINARY_STRENGTH_OR_ACCESSORY_DOWNGRADED_FROM_SUPPORTIVE"
"케이블 킥백","ex_fa34ddfe","GLUTE_ISOLATION_ACCESSORY","SUPPORTIVE","GENERAL","LOWER_BODY_SUPPORTIVE","GENERAL_STRENGTH_SUPPORTIVE","LOW","LOW","LOW","LOW","HIGH","MODERATE","LOW","SHORT","ORDINARY_STRENGTH_OR_ACCESSORY_DOWNGRADED_FROM_SUPPORTIVE"
"케이블 풀스루","ex_4c76dbb2","DEADLIFT_HINGE_VARIANTS","SUPPORTIVE","GENERAL","LOWER_BODY_SUPPORTIVE","GENERAL_STRENGTH_SUPPORTIVE","MODERATE","MODERATE","MODERATE","MODERATE","HIGH","MODERATE","MODERATE","MEDIUM","ORDINARY_STRENGTH_OR_ACCESSORY_DOWNGRADED_FROM_SUPPORTIVE"
"크로스바디 해머 컬","ex_b69ab702","ELBOW_FLEXION_BRACHIALIS_BRACHIORADIALIS_VARIANTS","SUPPORTIVE","GENERAL","GRIP_WRIST_SUPPORTIVE","GENERAL_STRENGTH_SUPPORTIVE","LOW","LOW","LOW","LOW","HIGH","MODERATE","LOW","SHORT","ORDINARY_STRENGTH_OR_ACCESSORY_DOWNGRADED_FROM_SUPPORTIVE"
"킥스탠스 RDL","ex_885b629","DEADLIFT_HINGE_VARIANTS","SUPPORTIVE","SUPPORTIVE","LOWER_BODY_SUPPORTIVE","LOWER_BODY_SUPPORTIVE","MODERATE","MODERATE","MODERATE","MODERATE","HIGH","MODERATE","HIGH","MEDIUM","SPECIFIC_SUPPORTIVE_PHYSICAL_PATH_RETAINED"
"파이크 푸시업","ex_3caa236b","BODYWEIGHT_VERTICAL_PUSH_VARIANTS","SUPPORTIVE","GENERAL","SHOULDER_SCAPULAR_SUPPORTIVE","GENERAL_STRENGTH_SUPPORTIVE","MODERATE","MODERATE","MODERATE","MODERATE","HIGH","MODERATE","HIGH","MEDIUM","ORDINARY_STRENGTH_OR_ACCESSORY_DOWNGRADED_FROM_SUPPORTIVE"
"페이스풀","face_pull","SCAPULAR_RETRACTION_EXTERNAL_ROTATION_CONTROL_VARIANTS","SUPPORTIVE","SUPPORTIVE","SHOULDER_SCAPULAR_SUPPORTIVE","SHOULDER_SCAPULAR_SUPPORTIVE","LOW","LOW","LOW","LOW","MODERATE","MODERATE","HIGH","SHORT","SPECIFIC_SUPPORTIVE_PHYSICAL_PATH_RETAINED"
"풀업","pull_up","PULL_UP_CHIN_UP_LAT_PULLDOWN_VARIANTS","SUPPORTIVE","GENERAL","SHOULDER_SCAPULAR_SUPPORTIVE","GENERAL_STRENGTH_SUPPORTIVE","MODERATE","MODERATE","MODERATE","MODERATE","HIGH","MODERATE","MODERATE","MEDIUM","ORDINARY_STRENGTH_OR_ACCESSORY_DOWNGRADED_FROM_SUPPORTIVE"
"프론트 스쿼트","ex_c5043892","SQUAT_VARIANTS","SUPPORTIVE","GENERAL","LOWER_BODY_SUPPORTIVE","GENERAL_STRENGTH_SUPPORTIVE","VERY_HIGH","VERY_HIGH","HIGH","HIGH","HIGH","HIGH","HIGH","VERY_LONG","ORDINARY_STRENGTH_OR_ACCESSORY_DOWNGRADED_FROM_SUPPORTIVE"
"프론트풋 엘리베이티드 스플릿 스쿼트","ex_7ce96a7a","LUNGE_SPLIT_SQUAT_VARIANTS","SUPPORTIVE","SUPPORTIVE","LOWER_BODY_SUPPORTIVE","LOWER_BODY_SUPPORTIVE","MODERATE","MODERATE","MODERATE","MODERATE","HIGH","MODERATE","HIGH","MEDIUM","SPECIFIC_SUPPORTIVE_PHYSICAL_PATH_RETAINED"
"프리처 컬","ex_e994008a","ELBOW_FLEXION_BICEPS_CURL_VARIANTS","SUPPORTIVE","GENERAL","GRIP_WRIST_SUPPORTIVE","GENERAL_STRENGTH_SUPPORTIVE","LOW","LOW","LOW","LOW","HIGH","MODERATE","LOW","SHORT","ORDINARY_STRENGTH_OR_ACCESSORY_DOWNGRADED_FROM_SUPPORTIVE"
"할로우 바디 홀드","ex_2a826c82","ANTI_ROTATION_ANTI_EXTENSION_CORE","SUPPORTIVE","SUPPORTIVE","CORE_STABILITY_SUPPORTIVE","CORE_STABILITY_SUPPORTIVE","LOW","LOW","LOW","LOW","MODERATE","MODERATE","MODERATE","SHORT","SPECIFIC_SUPPORTIVE_PHYSICAL_PATH_RETAINED"
"해머 컬","ex_2892da5a","ELBOW_FLEXION_BRACHIALIS_BRACHIORADIALIS_VARIANTS","SUPPORTIVE","GENERAL","GRIP_WRIST_SUPPORTIVE","GENERAL_STRENGTH_SUPPORTIVE","LOW","LOW","LOW","LOW","HIGH","MODERATE","LOW","SHORT","ORDINARY_STRENGTH_OR_ACCESSORY_DOWNGRADED_FROM_SUPPORTIVE"
"핵 스쿼트","ex_e9e97659","SQUAT_VARIANTS","SUPPORTIVE","GENERAL","LOWER_BODY_SUPPORTIVE","GENERAL_STRENGTH_SUPPORTIVE","HIGH","HIGH","MODERATE","MODERATE","HIGH","MODERATE","LOW","LONG","ORDINARY_STRENGTH_OR_ACCESSORY_DOWNGRADED_FROM_SUPPORTIVE"
"핸드스탠드 푸시업","ex_fa2e73b3","BODYWEIGHT_VERTICAL_PUSH_VARIANTS","SUPPORTIVE","GENERAL","SHOULDER_SCAPULAR_SUPPORTIVE","GENERAL_STRENGTH_SUPPORTIVE","HIGH","HIGH","MODERATE","MODERATE","HIGH","MODERATE","HIGH","MEDIUM","ORDINARY_STRENGTH_OR_ACCESSORY_DOWNGRADED_FROM_SUPPORTIVE"
"힙 쓰러스트","ex_721f7b5b","HIP_THRUST_GLUTE_BRIDGE_VARIANTS","SUPPORTIVE","GENERAL","LOWER_BODY_SUPPORTIVE","GENERAL_STRENGTH_SUPPORTIVE","MODERATE","MODERATE","MODERATE","MODERATE","HIGH","MODERATE","MODERATE","MEDIUM","ORDINARY_STRENGTH_OR_ACCESSORY_DOWNGRADED_FROM_SUPPORTIVE"
"힙 어덕션","ex_eaea872c","HIP_ADDUCTION_ACCESSORY","SUPPORTIVE","SUPPORTIVE","LOWER_BODY_SUPPORTIVE","LOWER_BODY_SUPPORTIVE","LOW","LOW","LOW","LOW","HIGH","MODERATE","LOW","SHORT","SPECIFIC_SUPPORTIVE_PHYSICAL_PATH_RETAINED"
"힙 어브덕션","ex_728da646","HIP_ABDUCTION_GLUTE_MED_ACCESSORY","SUPPORTIVE","SUPPORTIVE","LOWER_BODY_SUPPORTIVE","LOWER_BODY_SUPPORTIVE","LOW","LOW","LOW","LOW","HIGH","MODERATE","LOW","SHORT","SPECIFIC_SUPPORTIVE_PHYSICAL_PATH_RETAINED"
"A스킵","ex_a12de111","RUNNING_MECHANICS_SUPPORT","SUPPORTIVE","SUPPORTIVE","LOWER_BODY_SUPPORTIVE|ANKLE_CALF_SSC_SUPPORTIVE","LOWER_BODY_SUPPORTIVE|ANKLE_CALF_SSC_SUPPORTIVE","MODERATE","MODERATE","HIGH","MODERATE","MODERATE","HIGH","HIGH","MEDIUM","SPECIFIC_SUPPORTIVE_PHYSICAL_PATH_RETAINED"
"B스킵","ex_a12de4d2","RUNNING_MECHANICS_SUPPORT","SUPPORTIVE","SUPPORTIVE","LOWER_BODY_SUPPORTIVE|ANKLE_CALF_SSC_SUPPORTIVE","LOWER_BODY_SUPPORTIVE|ANKLE_CALF_SSC_SUPPORTIVE","MODERATE","MODERATE","HIGH","MODERATE","MODERATE","HIGH","HIGH","MEDIUM","SPECIFIC_SUPPORTIVE_PHYSICAL_PATH_RETAINED"
"고블릿 스쿼트","ex_ac7df636","SQUAT_VARIANTS","SUPPORTIVE","GENERAL","LOWER_BODY_SUPPORTIVE","GENERAL_STRENGTH_SUPPORTIVE","LOW","LOW","LOW","LOW","MODERATE","MODERATE","HIGH","SHORT","ORDINARY_STRENGTH_OR_ACCESSORY_DOWNGRADED_FROM_SUPPORTIVE"
"노르딕 햄스트링 컬","ex_1cf51b6b","NORDIC_HAMSTRING_ECCENTRIC","SUPPORTIVE","SUPPORTIVE","LOWER_BODY_SUPPORTIVE","LOWER_BODY_SUPPORTIVE","VERY_HIGH","VERY_HIGH","MODERATE","LOW","VERY_HIGH","VERY_HIGH","HIGH","VERY_LONG","SPECIFIC_SUPPORTIVE_PHYSICAL_PATH_RETAINED"
"데드버그","ex_d5bdffe1","ANTI_ROTATION_ANTI_EXTENSION_CORE","SUPPORTIVE","SUPPORTIVE","CORE_STABILITY_SUPPORTIVE","CORE_STABILITY_SUPPORTIVE","LOW","LOW","LOW","LOW","MODERATE","MODERATE","MODERATE","SHORT","SPECIFIC_SUPPORTIVE_PHYSICAL_PATH_RETAINED"
"드롭 점프","ex_d6726746","PLYOMETRIC_JUMP_VARIANTS","SUPPORTIVE","SUPPORTIVE","LOWER_BODY_SUPPORTIVE","LOWER_BODY_SUPPORTIVE","HIGH","HIGH","HIGH","HIGH","HIGH","HIGH","HIGH","LONG","SPECIFIC_SUPPORTIVE_PHYSICAL_PATH_RETAINED"
"라인 홉","ex_a3ddd8ac","ANKLE_STIFFNESS_SSC_CONDITIONING","SUPPORTIVE","SUPPORTIVE","ANKLE_CALF_SSC_SUPPORTIVE","ANKLE_CALF_SSC_SUPPORTIVE","HIGH","HIGH","HIGH","MODERATE","MODERATE","HIGH","HIGH","LONG","SPECIFIC_SUPPORTIVE_PHYSICAL_PATH_RETAINED"
"래터럴 바운드","ex_34e7d21","LATERAL_BOUND_LANDING_DECELERATION_VARIANTS","SUPPORTIVE","SUPPORTIVE","LOWER_BODY_SUPPORTIVE","LOWER_BODY_SUPPORTIVE","HIGH","HIGH","HIGH","HIGH","HIGH","HIGH","HIGH","LONG","SPECIFIC_SUPPORTIVE_PHYSICAL_PATH_RETAINED"
"래터럴 스텝다운","ex_69a56484","STEP_UP_VARIANTS","SUPPORTIVE","SUPPORTIVE","LOWER_BODY_SUPPORTIVE","LOWER_BODY_SUPPORTIVE","MODERATE","MODERATE","MODERATE","MODERATE","HIGH","MODERATE","HIGH","MEDIUM","SPECIFIC_SUPPORTIVE_PHYSICAL_PATH_RETAINED"
"미니밴드 사이드워크","ex_16b298db","HIP_ABDUCTION_GLUTE_MED_ACCESSORY","SUPPORTIVE","SUPPORTIVE","LOWER_BODY_SUPPORTIVE","LOWER_BODY_SUPPORTIVE","LOW","LOW","LOW","LOW","HIGH","MODERATE","LOW","SHORT","SPECIFIC_SUPPORTIVE_PHYSICAL_PATH_RETAINED"
"박스 스텝업","ex_6232f4bc","STEP_UP_VARIANTS","SUPPORTIVE","SUPPORTIVE","LOWER_BODY_SUPPORTIVE","LOWER_BODY_SUPPORTIVE","MODERATE","MODERATE","MODERATE","MODERATE","HIGH","MODERATE","HIGH","MEDIUM","SPECIFIC_SUPPORTIVE_PHYSICAL_PATH_RETAINED"
"박스 점프","ex_d9e141e4","PLYOMETRIC_JUMP_VARIANTS","SUPPORTIVE","SUPPORTIVE","LOWER_BODY_SUPPORTIVE","LOWER_BODY_SUPPORTIVE","HIGH","HIGH","HIGH","HIGH","HIGH","HIGH","HIGH","LONG","SPECIFIC_SUPPORTIVE_PHYSICAL_PATH_RETAINED"
"불가리안 스플릿 스쿼트","ex_e2efd0fe","LUNGE_SPLIT_SQUAT_VARIANTS","SUPPORTIVE","SUPPORTIVE","LOWER_BODY_SUPPORTIVE","LOWER_BODY_SUPPORTIVE","MODERATE","MODERATE","MODERATE","MODERATE","HIGH","MODERATE","HIGH","MEDIUM","SPECIFIC_SUPPORTIVE_PHYSICAL_PATH_RETAINED"
"사이드 스텝 후 정지","ex_9b132c23","LATERAL_BOUND_LANDING_DECELERATION_VARIANTS","SUPPORTIVE","SUPPORTIVE","LOWER_BODY_SUPPORTIVE","LOWER_BODY_SUPPORTIVE","HIGH","HIGH","HIGH","HIGH","HIGH","HIGH","HIGH","LONG","SPECIFIC_SUPPORTIVE_PHYSICAL_PATH_RETAINED"
"사이드 플랭크","ex_f6d43398","ANTI_ROTATION_ANTI_EXTENSION_CORE","SUPPORTIVE","SUPPORTIVE","CORE_STABILITY_SUPPORTIVE","CORE_STABILITY_SUPPORTIVE","LOW","LOW","LOW","LOW","MODERATE","MODERATE","MODERATE","SHORT","SPECIFIC_SUPPORTIVE_PHYSICAL_PATH_RETAINED"
"셔틀런","ex_a4040be3","FOOTWORK_SPLIT_STEP_REACTION_DRILL_VARIANTS","SUPPORTIVE","SUPPORTIVE","LOWER_BODY_SUPPORTIVE|ANKLE_CALF_SSC_SUPPORTIVE","LOWER_BODY_SUPPORTIVE|ANKLE_CALF_SSC_SUPPORTIVE","MODERATE","MODERATE","HIGH","HIGH","HIGH","HIGH","HIGH","MEDIUM","SPECIFIC_SUPPORTIVE_PHYSICAL_PATH_RETAINED"
"스캡 푸시업","ex_c4535de3","SERRATUS_SCAPULAR_PROTRACTION_CONTROL_VARIANTS","SUPPORTIVE","SUPPORTIVE","SHOULDER_SCAPULAR_SUPPORTIVE","SHOULDER_SCAPULAR_SUPPORTIVE","LOW","LOW","LOW","LOW","MODERATE","MODERATE","HIGH","SHORT","SPECIFIC_SUPPORTIVE_PHYSICAL_PATH_RETAINED"
"스케이터 스쿼트","ex_ee378da7","SQUAT_VARIANTS","SUPPORTIVE","SUPPORTIVE","LOWER_BODY_SUPPORTIVE","LOWER_BODY_SUPPORTIVE","MODERATE","MODERATE","MODERATE","MODERATE","HIGH","MODERATE","HIGH","MEDIUM","SPECIFIC_SUPPORTIVE_PHYSICAL_PATH_RETAINED"
"스킵 바운드","ex_c4ea0a2a","RUNNING_MECHANICS_SUPPORT","SUPPORTIVE","SUPPORTIVE","LOWER_BODY_SUPPORTIVE|ANKLE_CALF_SSC_SUPPORTIVE","LOWER_BODY_SUPPORTIVE|ANKLE_CALF_SSC_SUPPORTIVE","MODERATE","MODERATE","HIGH","MODERATE","MODERATE","HIGH","HIGH","MEDIUM","SPECIFIC_SUPPORTIVE_PHYSICAL_PATH_RETAINED"
"스트라이드","ex_c5c2fdef","RUNNING_MECHANICS_SUPPORT","SUPPORTIVE","SUPPORTIVE","LOWER_BODY_SUPPORTIVE|ANKLE_CALF_SSC_SUPPORTIVE","LOWER_BODY_SUPPORTIVE|ANKLE_CALF_SSC_SUPPORTIVE","MODERATE","MODERATE","HIGH","MODERATE","MODERATE","HIGH","HIGH","MEDIUM","SPECIFIC_SUPPORTIVE_PHYSICAL_PATH_RETAINED"
"싱글 레그 RDL","single_leg_rdl","DEADLIFT_HINGE_VARIANTS","SUPPORTIVE","SUPPORTIVE","LOWER_BODY_SUPPORTIVE","LOWER_BODY_SUPPORTIVE","MODERATE","MODERATE","MODERATE","MODERATE","HIGH","MODERATE","HIGH","MEDIUM","SPECIFIC_SUPPORTIVE_PHYSICAL_PATH_RETAINED"
"싱글 레그 박스 스쿼트","ex_85f12271","SQUAT_VARIANTS","SUPPORTIVE","SUPPORTIVE","LOWER_BODY_SUPPORTIVE","LOWER_BODY_SUPPORTIVE","MODERATE","MODERATE","MODERATE","MODERATE","HIGH","MODERATE","HIGH","MEDIUM","SPECIFIC_SUPPORTIVE_PHYSICAL_PATH_RETAINED"
"싱글 레그 홉 앤 스틱","ex_314df428","PLYOMETRIC_JUMP_VARIANTS","SUPPORTIVE","SUPPORTIVE","LOWER_BODY_SUPPORTIVE","LOWER_BODY_SUPPORTIVE","HIGH","HIGH","HIGH","HIGH","HIGH","HIGH","HIGH","LONG","SPECIFIC_SUPPORTIVE_PHYSICAL_PATH_RETAINED"
"앙클링","ex_a412dd45","RUNNING_MECHANICS_SUPPORT","SUPPORTIVE","SUPPORTIVE","LOWER_BODY_SUPPORTIVE|ANKLE_CALF_SSC_SUPPORTIVE","LOWER_BODY_SUPPORTIVE|ANKLE_CALF_SSC_SUPPORTIVE","MODERATE","MODERATE","HIGH","MODERATE","MODERATE","HIGH","HIGH","MEDIUM","SPECIFIC_SUPPORTIVE_PHYSICAL_PATH_RETAINED"
"애질리티 래더","ex_2055b629","FOOTWORK_SPLIT_STEP_REACTION_DRILL_VARIANTS","SUPPORTIVE","SUPPORTIVE","LOWER_BODY_SUPPORTIVE|ANKLE_CALF_SSC_SUPPORTIVE","LOWER_BODY_SUPPORTIVE|ANKLE_CALF_SSC_SUPPORTIVE","MODERATE","MODERATE","HIGH","HIGH","HIGH","HIGH","HIGH","MEDIUM","SPECIFIC_SUPPORTIVE_PHYSICAL_PATH_RETAINED"
"원암 하프 닐링 프레스","ex_8380d7fe","HALF_KNEELING_UNILATERAL_SHOULDER_PRESS_VARIANTS","SUPPORTIVE","SUPPORTIVE","SHOULDER_SCAPULAR_SUPPORTIVE","SHOULDER_SCAPULAR_SUPPORTIVE","MODERATE","MODERATE","MODERATE","MODERATE","HIGH","MODERATE","HIGH","MEDIUM","SPECIFIC_SUPPORTIVE_PHYSICAL_PATH_RETAINED"
"월 드라이브","ex_f332aeab","RUNNING_MECHANICS_SUPPORT","SUPPORTIVE","SUPPORTIVE","LOWER_BODY_SUPPORTIVE|ANKLE_CALF_SSC_SUPPORTIVE","LOWER_BODY_SUPPORTIVE|ANKLE_CALF_SSC_SUPPORTIVE","MODERATE","MODERATE","HIGH","MODERATE","MODERATE","HIGH","HIGH","MEDIUM","SPECIFIC_SUPPORTIVE_PHYSICAL_PATH_RETAINED"
"월 슬라이드","ex_f97a05ab","SCAPULAR_CONTROL_RECOVERY_PREHAB_VARIANTS","SUPPORTIVE","SUPPORTIVE","SHOULDER_SCAPULAR_SUPPORTIVE","SHOULDER_SCAPULAR_SUPPORTIVE","LOW","LOW","LOW","LOW","MODERATE","MODERATE","HIGH","SHORT","SPECIFIC_SUPPORTIVE_PHYSICAL_PATH_RETAINED"
"점프 런지","ex_df966b45","JUMP_LUNGE_PLYOMETRIC","SUPPORTIVE","SUPPORTIVE","LOWER_BODY_SUPPORTIVE","LOWER_BODY_SUPPORTIVE","HIGH","HIGH","HIGH","HIGH","HIGH","HIGH","HIGH","LONG","SPECIFIC_SUPPORTIVE_PHYSICAL_PATH_RETAINED"
"케틀벨 스윙","ex_7404067c","BALLISTIC_HINGE_POWER","SUPPORTIVE","SUPPORTIVE","LOWER_BODY_SUPPORTIVE","LOWER_BODY_SUPPORTIVE","HIGH","HIGH","HIGH","HIGH","MODERATE","HIGH","HIGH","LONG","SPECIFIC_SUPPORTIVE_PHYSICAL_PATH_RETAINED"
"코사크 스쿼트","ex_a611010d","SQUAT_VARIANTS","SUPPORTIVE","SUPPORTIVE","LOWER_BODY_SUPPORTIVE","LOWER_BODY_SUPPORTIVE","MODERATE","MODERATE","MODERATE","MODERATE","HIGH","MODERATE","HIGH","MEDIUM","SPECIFIC_SUPPORTIVE_PHYSICAL_PATH_RETAINED"
"코펜하겐 플랭크","ex_a8385c4a","ANTI_ROTATION_ANTI_EXTENSION_CORE","SUPPORTIVE","SUPPORTIVE","CORE_STABILITY_SUPPORTIVE","CORE_STABILITY_SUPPORTIVE","LOW","LOW","LOW","LOW","MODERATE","MODERATE","MODERATE","SHORT","SPECIFIC_SUPPORTIVE_PHYSICAL_PATH_RETAINED"
"콘 드릴","ex_a4350c0f","FOOTWORK_SPLIT_STEP_REACTION_DRILL_VARIANTS","SUPPORTIVE","SUPPORTIVE","LOWER_BODY_SUPPORTIVE|ANKLE_CALF_SSC_SUPPORTIVE","LOWER_BODY_SUPPORTIVE|ANKLE_CALF_SSC_SUPPORTIVE","MODERATE","MODERATE","HIGH","HIGH","HIGH","HIGH","HIGH","MEDIUM","SPECIFIC_SUPPORTIVE_PHYSICAL_PATH_RETAINED"
"터키시 겟업","ex_91f6958d","TURKISH_GETUP_TOTAL_BODY_STABILITY","SUPPORTIVE","SUPPORTIVE","CORE_STABILITY_SUPPORTIVE","CORE_STABILITY_SUPPORTIVE","MODERATE","MODERATE","MODERATE","MODERATE","HIGH","MODERATE","HIGH","MEDIUM","SPECIFIC_SUPPORTIVE_PHYSICAL_PATH_RETAINED"
"파머스 캐리","ex_a1fc4533","LOADED_CARRY_VARIANTS","SUPPORTIVE","SUPPORTIVE","CORE_STABILITY_SUPPORTIVE","CORE_STABILITY_SUPPORTIVE","MODERATE","MODERATE","MODERATE","MODERATE","HIGH","MODERATE","HIGH","MEDIUM","SPECIFIC_SUPPORTIVE_PHYSICAL_PATH_RETAINED"
"팔로프 프레스","ex_99728d25","ANTI_ROTATION_ANTI_EXTENSION_CORE_VARIANTS","SUPPORTIVE","SUPPORTIVE","CORE_STABILITY_SUPPORTIVE","CORE_STABILITY_SUPPORTIVE","LOW","LOW","LOW","LOW","MODERATE","MODERATE","MODERATE","SHORT","SPECIFIC_SUPPORTIVE_PHYSICAL_PATH_RETAINED"
"포고 점프","ex_e465d1e9","ANKLE_STIFFNESS_SSC_CONDITIONING","SUPPORTIVE","SUPPORTIVE","ANKLE_CALF_SSC_SUPPORTIVE","ANKLE_CALF_SSC_SUPPORTIVE","HIGH","HIGH","HIGH","MODERATE","MODERATE","HIGH","HIGH","LONG","SPECIFIC_SUPPORTIVE_PHYSICAL_PATH_RETAINED"
"플랭크","ex_a44ae2ca","ANTI_ROTATION_ANTI_EXTENSION_CORE","SUPPORTIVE","SUPPORTIVE","CORE_STABILITY_SUPPORTIVE","CORE_STABILITY_SUPPORTIVE","LOW","LOW","LOW","LOW","MODERATE","MODERATE","MODERATE","SHORT","SPECIFIC_SUPPORTIVE_PHYSICAL_PATH_RETAINED"
"피스톨 스쿼트","ex_d67e5761","SQUAT_VARIANTS","SUPPORTIVE","SUPPORTIVE","LOWER_BODY_SUPPORTIVE","LOWER_BODY_SUPPORTIVE","MODERATE","MODERATE","MODERATE","MODERATE","HIGH","MODERATE","HIGH","MEDIUM","SPECIFIC_SUPPORTIVE_PHYSICAL_PATH_RETAINED"
"하이니 스킵","ex_c821775c","RUNNING_MECHANICS_SUPPORT","SUPPORTIVE","SUPPORTIVE","LOWER_BODY_SUPPORTIVE|ANKLE_CALF_SSC_SUPPORTIVE","LOWER_BODY_SUPPORTIVE|ANKLE_CALF_SSC_SUPPORTIVE","MODERATE","MODERATE","HIGH","MODERATE","MODERATE","HIGH","HIGH","MEDIUM","SPECIFIC_SUPPORTIVE_PHYSICAL_PATH_RETAINED"
"하프 닐링 원암 프레스","ex_8e1b313e","HALF_KNEELING_UNILATERAL_SHOULDER_PRESS_VARIANTS","SUPPORTIVE","SUPPORTIVE","SHOULDER_SCAPULAR_SUPPORTIVE","SHOULDER_SCAPULAR_SUPPORTIVE","MODERATE","MODERATE","MODERATE","MODERATE","HIGH","MODERATE","HIGH","MEDIUM","SPECIFIC_SUPPORTIVE_PHYSICAL_PATH_RETAINED"
"하프 닐링 케틀벨 원암 프레스","ex_d79824d2","HALF_KNEELING_UNILATERAL_SHOULDER_PRESS_VARIANTS","SUPPORTIVE","SUPPORTIVE","SHOULDER_SCAPULAR_SUPPORTIVE","SHOULDER_SCAPULAR_SUPPORTIVE","MODERATE","MODERATE","MODERATE","MODERATE","HIGH","MODERATE","HIGH","MEDIUM","SPECIFIC_SUPPORTIVE_PHYSICAL_PATH_RETAINED"
"하프 닐링 케틀벨 프레스","ex_e0759156","HALF_KNEELING_UNILATERAL_SHOULDER_PRESS_VARIANTS","SUPPORTIVE","SUPPORTIVE","SHOULDER_SCAPULAR_SUPPORTIVE","SHOULDER_SCAPULAR_SUPPORTIVE","MODERATE","MODERATE","MODERATE","MODERATE","HIGH","MODERATE","HIGH","MEDIUM","SPECIFIC_SUPPORTIVE_PHYSICAL_PATH_RETAINED"
"하프 닐링 프레스","ex_66e8c8c2","HALF_KNEELING_UNILATERAL_SHOULDER_PRESS_VARIANTS","SUPPORTIVE","SUPPORTIVE","SHOULDER_SCAPULAR_SUPPORTIVE","SHOULDER_SCAPULAR_SUPPORTIVE","MODERATE","MODERATE","MODERATE","MODERATE","HIGH","MODERATE","HIGH","MEDIUM","SPECIFIC_SUPPORTIVE_PHYSICAL_PATH_RETAINED"
"줄넘기","ex_9bd6dddb","ANKLE_STIFFNESS_SSC_CONDITIONING","SUPPORTIVE","SUPPORTIVE","ANKLE_CALF_SSC_SUPPORTIVE","ANKLE_CALF_SSC_SUPPORTIVE","HIGH","HIGH","HIGH","MODERATE","MODERATE","HIGH","HIGH","LONG","SPECIFIC_SUPPORTIVE_PHYSICAL_PATH_RETAINED"
