"exerciseName","stableKey","movementFamily","movementSubtype","programSlot","backfillDecision","decisionBasis","decisionReason","missingStressFieldsBefore","changedStressFields","missingStressFieldsAfter","primaryStressProfile","recoveryDecayProfile","stressMagnitudeHint","safeForSeedMutation"
"B-스탠스 RDL","ex_201f6426","DEADLIFT_HINGE_VARIANTS","B_STANCE_RDL","UNILATERAL_HINGE_ACCESSORY","DERIVED_FROM_PROGRAM_SLOT","programSlot+movementSubtype","Unilateral/accessory hinge prioritizes stability rather than heavy-hinge recovery.","primaryStressProfile|secondaryStressTags|tendonStressTags|ligamentJointStabilityStressTags|jointImpactStressTags|cognitiveStressTags|sportContextTags|recoveryDecayProfile|stressMagnitudeHint","primaryStressProfile|secondaryStressTags|tendonStressTags|ligamentJointStabilityStressTags|jointImpactStressTags|cognitiveStressTags|sportContextTags|recoveryDecayProfile|stressMagnitudeHint","","UNILATERAL_LOWER_STABILITY_STRESS","MEDIUM","MODERATE","NO"
"EZ바 컬","ex_8633d8db","ELBOW_FLEXION_BICEPS_CURL_VARIANTS","EZ_BAR_CURL","BICEPS_ACCESSORY","DERIVED_FROM_MOVEMENT_FAMILY","movementFamily+proposedFatigueProfile","Ordinary isolation/accessory family with conservative local stress.","primaryStressProfile|secondaryStressTags|tendonStressTags|ligamentJointStabilityStressTags|jointImpactStressTags|cognitiveStressTags|sportContextTags|recoveryDecayProfile|stressMagnitudeHint","primaryStressProfile|secondaryStressTags|tendonStressTags|ligamentJointStabilityStressTags|jointImpactStressTags|cognitiveStressTags|sportContextTags|recoveryDecayProfile|stressMagnitudeHint","","ISOLATION_ACCESSORY_STRESS","SHORT","LOW","NO"
"V업","ex_644e0f9d","CORE_FLEXION_ANTERIOR_CORE","V_UP","CORE_FLEXION_ACCESSORY","DERIVED_FROM_MOVEMENT_FAMILY","movementFamily+programSlot","Dynamic anterior-core/conditioning pattern.","primaryStressProfile|secondaryStressTags|tendonStressTags|ligamentJointStabilityStressTags|jointImpactStressTags|cognitiveStressTags|sportContextTags|recoveryDecayProfile|stressMagnitudeHint","primaryStressProfile|secondaryStressTags|tendonStressTags|ligamentJointStabilityStressTags|jointImpactStressTags|cognitiveStressTags|sportContextTags|recoveryDecayProfile|stressMagnitudeHint","","DYNAMIC_CORE_FLEXION_STRESS","SHORT","MODERATE","NO"
"다이아몬드 푸시업","ex_debf6a8b","PUSH_UP_VARIANTS","DIAMOND_PUSH_UP","UPPER_PUSH_ACCESSORY","DERIVED_FROM_MOVEMENT_FAMILY","movementFamily","Bodyweight horizontal-push family.","primaryStressProfile|secondaryStressTags|tendonStressTags|ligamentJointStabilityStressTags|jointImpactStressTags|cognitiveStressTags|sportContextTags|recoveryDecayProfile|stressMagnitudeHint","primaryStressProfile|secondaryStressTags|tendonStressTags|ligamentJointStabilityStressTags|jointImpactStressTags|cognitiveStressTags|sportContextTags|recoveryDecayProfile|stressMagnitudeHint","","BODYWEIGHT_PUSH_STRESS","SHORT","LOW","NO"
"덤벨 래터럴 레이즈","ex_93538692","LATERAL_RAISE_DELTOID_ISOLATION_VARIANTS","DUMBBELL_LATERAL_RAISE","SHOULDER_ACCESSORY","DERIVED_FROM_MOVEMENT_FAMILY","movementFamily+proposedFatigueProfile","Ordinary isolation/accessory family with conservative local stress.","primaryStressProfile|secondaryStressTags|tendonStressTags|ligamentJointStabilityStressTags|jointImpactStressTags|cognitiveStressTags|sportContextTags|recoveryDecayProfile|stressMagnitudeHint","primaryStressProfile|secondaryStressTags|tendonStressTags|ligamentJointStabilityStressTags|jointImpactStressTags|cognitiveStressTags|sportContextTags|recoveryDecayProfile|stressMagnitudeHint","","ISOLATION_ACCESSORY_STRESS","SHORT","LOW","NO"
"덤벨 리스트 익스텐션","ex_72f11dc5","FOREARM_GRIP_ACCESSORY","WRIST_EXTENSION","FOREARM_GRIP_ACCESSORY","DERIVED_FROM_MOVEMENT_FAMILY","movementFamily+proposedFatigueProfile","Ordinary isolation/accessory family with conservative local stress.","primaryStressProfile|secondaryStressTags|tendonStressTags|ligamentJointStabilityStressTags|jointImpactStressTags|cognitiveStressTags|sportContextTags|recoveryDecayProfile|stressMagnitudeHint","primaryStressProfile|secondaryStressTags|tendonStressTags|ligamentJointStabilityStressTags|jointImpactStressTags|cognitiveStressTags|sportContextTags|recoveryDecayProfile|stressMagnitudeHint","","ISOLATION_ACCESSORY_STRESS","SHORT","LOW","NO"
"덤벨 리스트 컬","ex_95028bfe","FOREARM_GRIP_ACCESSORY","WRIST_CURL","FOREARM_GRIP_ACCESSORY","DERIVED_FROM_MOVEMENT_FAMILY","movementFamily+proposedFatigueProfile","Ordinary isolation/accessory family with conservative local stress.","primaryStressProfile|secondaryStressTags|tendonStressTags|ligamentJointStabilityStressTags|jointImpactStressTags|cognitiveStressTags|sportContextTags|recoveryDecayProfile|stressMagnitudeHint","primaryStressProfile|secondaryStressTags|tendonStressTags|ligamentJointStabilityStressTags|jointImpactStressTags|cognitiveStressTags|sportContextTags|recoveryDecayProfile|stressMagnitudeHint","","ISOLATION_ACCESSORY_STRESS","SHORT","LOW","NO"
"덤벨 벤치프레스","ex_3a7d3eda","BENCH_PRESS_DUMBBELL_PRESS_MACHINE_PRESS_VARIANTS","DUMBBELL_BENCH_PRESS","HORIZONTAL_PUSH_STRENGTH_OR_ACCESSORY","DERIVED_FROM_MOVEMENT_FAMILY","movementFamily+programSlot","Horizontal press family with conservative upper-push stress.","primaryStressProfile|secondaryStressTags|tendonStressTags|ligamentJointStabilityStressTags|jointImpactStressTags|cognitiveStressTags|sportContextTags|recoveryDecayProfile|stressMagnitudeHint","primaryStressProfile|secondaryStressTags|tendonStressTags|ligamentJointStabilityStressTags|jointImpactStressTags|cognitiveStressTags|sportContextTags|recoveryDecayProfile|stressMagnitudeHint","","HORIZONTAL_PUSH_STRESS","MEDIUM","MODERATE","NO"
"덤벨 숄더프레스","ex_79f3bdbe","OVERHEAD_PRESS_VARIANTS","DUMBBELL_OVERHEAD_PRESS","OVERHEAD_PUSH_STRENGTH_OR_ACCESSORY","DERIVED_FROM_MOVEMENT_FAMILY","movementFamily+movementSubtype","Overhead push family; stability detail stays in secondary tags.","primaryStressProfile|secondaryStressTags|tendonStressTags|ligamentJointStabilityStressTags|jointImpactStressTags|cognitiveStressTags|sportContextTags|recoveryDecayProfile|stressMagnitudeHint","primaryStressProfile|secondaryStressTags|tendonStressTags|ligamentJointStabilityStressTags|jointImpactStressTags|cognitiveStressTags|sportContextTags|recoveryDecayProfile|stressMagnitudeHint","","OVERHEAD_PUSH_STRESS","MEDIUM","MODERATE","NO"
"덤벨 스텝업","ex_704cbf1a","STEP_UP_VARIANTS","","UNILATERAL_LOWER_ACCESSORY","DERIVED_FROM_MOVEMENT_FAMILY","movementFamily+programSlot","Step-up family is unilateral lower stability work.","primaryStressProfile|secondaryStressTags|tendonStressTags|ligamentJointStabilityStressTags|jointImpactStressTags|cognitiveStressTags|sportContextTags|recoveryDecayProfile|stressMagnitudeHint","primaryStressProfile|secondaryStressTags|tendonStressTags|ligamentJointStabilityStressTags|jointImpactStressTags|cognitiveStressTags|sportContextTags|recoveryDecayProfile|stressMagnitudeHint","","UNILATERAL_LOWER_STABILITY_STRESS","MEDIUM","MODERATE","NO"
"덤벨 컬","ex_281347da","ELBOW_FLEXION_BICEPS_CURL_VARIANTS","DUMBBELL_CURL","BICEPS_ACCESSORY","DERIVED_FROM_MOVEMENT_FAMILY","movementFamily+proposedFatigueProfile","Ordinary isolation/accessory family with conservative local stress.","primaryStressProfile|secondaryStressTags|tendonStressTags|ligamentJointStabilityStressTags|jointImpactStressTags|cognitiveStressTags|sportContextTags|recoveryDecayProfile|stressMagnitudeHint","primaryStressProfile|secondaryStressTags|tendonStressTags|ligamentJointStabilityStressTags|jointImpactStressTags|cognitiveStressTags|sportContextTags|recoveryDecayProfile|stressMagnitudeHint","","ISOLATION_ACCESSORY_STRESS","SHORT","LOW","NO"
"덤벨 킥백","ex_da56a4fe","ELBOW_EXTENSION_TRICEPS_ISOLATION_VARIANTS","DUMBBELL_KICKBACK","TRICEPS_ACCESSORY","DERIVED_FROM_MOVEMENT_FAMILY","movementFamily+proposedFatigueProfile","Ordinary isolation/accessory family with conservative local stress.","primaryStressProfile|secondaryStressTags|tendonStressTags|ligamentJointStabilityStressTags|jointImpactStressTags|cognitiveStressTags|sportContextTags|recoveryDecayProfile|stressMagnitudeHint","primaryStressProfile|secondaryStressTags|tendonStressTags|ligamentJointStabilityStressTags|jointImpactStressTags|cognitiveStressTags|sportContextTags|recoveryDecayProfile|stressMagnitudeHint","","ISOLATION_ACCESSORY_STRESS","SHORT","LOW","NO"
"덤벨 프로네이션/수피네이션","ex_f6703b06","FOREARM_GRIP_ACCESSORY","PRONATION_SUPINATION","FOREARM_GRIP_ACCESSORY","DERIVED_FROM_MOVEMENT_FAMILY","movementFamily+proposedFatigueProfile","Ordinary isolation/accessory family with conservative local stress.","primaryStressProfile|secondaryStressTags|tendonStressTags|ligamentJointStabilityStressTags|jointImpactStressTags|cognitiveStressTags|sportContextTags|recoveryDecayProfile|stressMagnitudeHint","primaryStressProfile|secondaryStressTags|tendonStressTags|ligamentJointStabilityStressTags|jointImpactStressTags|cognitiveStressTags|sportContextTags|recoveryDecayProfile|stressMagnitudeHint","","ISOLATION_ACCESSORY_STRESS","SHORT","LOW","NO"
"등받이 없는 덤벨 시티드 숄더프레스","ex_bb4b4276","OVERHEAD_PRESS_VARIANTS","SEATED_UNSUPPORTED_OVERHEAD_PRESS","OVERHEAD_PUSH_STRENGTH_OR_ACCESSORY","DERIVED_FROM_MOVEMENT_FAMILY","movementFamily+movementSubtype","Overhead push family; stability detail stays in secondary tags.","primaryStressProfile|secondaryStressTags|tendonStressTags|ligamentJointStabilityStressTags|jointImpactStressTags|cognitiveStressTags|sportContextTags|recoveryDecayProfile|stressMagnitudeHint","primaryStressProfile|secondaryStressTags|tendonStressTags|ligamentJointStabilityStressTags|jointImpactStressTags|cognitiveStressTags|sportContextTags|recoveryDecayProfile|stressMagnitudeHint","","OVERHEAD_PUSH_STRESS","MEDIUM","MODERATE","NO"
"디클라인 푸시업","ex_fb67af37","PUSH_UP_VARIANTS","DECLINE_PUSH_UP","UPPER_PUSH_ACCESSORY","DERIVED_FROM_MOVEMENT_FAMILY","movementFamily","Bodyweight horizontal-push family.","primaryStressProfile|secondaryStressTags|tendonStressTags|ligamentJointStabilityStressTags|jointImpactStressTags|cognitiveStressTags|sportContextTags|recoveryDecayProfile|stressMagnitudeHint","primaryStressProfile|secondaryStressTags|tendonStressTags|ligamentJointStabilityStressTags|jointImpactStressTags|cognitiveStressTags|sportContextTags|recoveryDecayProfile|stressMagnitudeHint","","BODYWEIGHT_PUSH_STRESS","SHORT","LOW","NO"
"딥스","ex_6463edad","DIP_COMPOUND_PUSH_VARIANTS","COMPOUND_DIP","UPPER_PUSH_COMPOUND","DERIVED_FROM_MOVEMENT_FAMILY","movementFamily+proposedFatigueProfile","Compound dip carries moderate shoulder-extension and triceps stress.","primaryStressProfile|secondaryStressTags|tendonStressTags|ligamentJointStabilityStressTags|jointImpactStressTags|cognitiveStressTags|sportContextTags|recoveryDecayProfile|stressMagnitudeHint","primaryStressProfile|secondaryStressTags|tendonStressTags|ligamentJointStabilityStressTags|jointImpactStressTags|cognitiveStressTags|sportContextTags|recoveryDecayProfile|stressMagnitudeHint","","DIP_PUSH_STRESS","MEDIUM","HIGH","NO"
"라잉 트라이셉스 익스텐션","ex_d20b7487","ELBOW_EXTENSION_TRICEPS_ISOLATION_VARIANTS","LYING_TRICEPS_EXTENSION","TRICEPS_ACCESSORY","DERIVED_FROM_MOVEMENT_FAMILY","movementFamily+proposedFatigueProfile","Ordinary isolation/accessory family with conservative local stress.","primaryStressProfile|secondaryStressTags|tendonStressTags|ligamentJointStabilityStressTags|jointImpactStressTags|cognitiveStressTags|sportContextTags|recoveryDecayProfile|stressMagnitudeHint","primaryStressProfile|secondaryStressTags|tendonStressTags|ligamentJointStabilityStressTags|jointImpactStressTags|cognitiveStressTags|sportContextTags|recoveryDecayProfile|stressMagnitudeHint","","ISOLATION_ACCESSORY_STRESS","SHORT","LOW","NO"
"레그 익스텐션","ex_b78a8f95","KNEE_EXTENSION_QUAD_ISOLATION","LEG_EXTENSION","QUAD_ISOLATION_ACCESSORY","DERIVED_FROM_MOVEMENT_FAMILY","movementFamily+proposedFatigueProfile","Ordinary isolation/accessory family with conservative local stress.","primaryStressProfile|secondaryStressTags|tendonStressTags|ligamentJointStabilityStressTags|jointImpactStressTags|cognitiveStressTags|sportContextTags|recoveryDecayProfile|stressMagnitudeHint","primaryStressProfile|secondaryStressTags|tendonStressTags|ligamentJointStabilityStressTags|jointImpactStressTags|cognitiveStressTags|sportContextTags|recoveryDecayProfile|stressMagnitudeHint","","ISOLATION_ACCESSORY_STRESS","SHORT","LOW","NO"
"레그 컬","ex_2822ec2e","HAMSTRING_CURL_VARIANTS","","HAMSTRING_ISOLATION_ACCESSORY","DERIVED_FROM_MOVEMENT_FAMILY","movementFamily+proposedFatigueProfile","Ordinary isolation/accessory family with conservative local stress.","primaryStressProfile|secondaryStressTags|tendonStressTags|ligamentJointStabilityStressTags|jointImpactStressTags|cognitiveStressTags|sportContextTags|recoveryDecayProfile|stressMagnitudeHint","primaryStressProfile|secondaryStressTags|tendonStressTags|ligamentJointStabilityStressTags|jointImpactStressTags|cognitiveStressTags|sportContextTags|recoveryDecayProfile|stressMagnitudeHint","","ISOLATION_ACCESSORY_STRESS","SHORT","LOW","NO"
"레그 프레스","ex_ab468462","LEG_PRESS_KNEE_DOMINANT_MACHINE_VARIANTS","","MACHINE_LOWER_BODY_STRENGTH","DERIVED_FROM_MOVEMENT_FAMILY","movementFamily","Machine knee-dominant lower-body stress.","primaryStressProfile|secondaryStressTags|tendonStressTags|ligamentJointStabilityStressTags|jointImpactStressTags|cognitiveStressTags|sportContextTags|recoveryDecayProfile|stressMagnitudeHint","primaryStressProfile|secondaryStressTags|tendonStressTags|ligamentJointStabilityStressTags|jointImpactStressTags|cognitiveStressTags|sportContextTags|recoveryDecayProfile|stressMagnitudeHint","","MACHINE_LOWER_BODY_STRESS","MEDIUM","MODERATE","NO"
"로프 해머 컬","ex_c1a81cb2","ELBOW_FLEXION_BRACHIALIS_BRACHIORADIALIS_VARIANTS","ROPE_HAMMER_CURL","BRACHIALIS_FOREARM_ACCESSORY","DERIVED_FROM_MOVEMENT_FAMILY","movementFamily+proposedFatigueProfile","Ordinary isolation/accessory family with conservative local stress.","primaryStressProfile|secondaryStressTags|tendonStressTags|ligamentJointStabilityStressTags|jointImpactStressTags|cognitiveStressTags|sportContextTags|recoveryDecayProfile|stressMagnitudeHint","primaryStressProfile|secondaryStressTags|tendonStressTags|ligamentJointStabilityStressTags|jointImpactStressTags|cognitiveStressTags|sportContextTags|recoveryDecayProfile|stressMagnitudeHint","","ISOLATION_ACCESSORY_STRESS","SHORT","LOW","NO"
"리닝 래터럴 레이즈","ex_70f19bf","LATERAL_RAISE_DELTOID_ISOLATION_VARIANTS","LEANING_LATERAL_RAISE","SHOULDER_ACCESSORY","DERIVED_FROM_MOVEMENT_FAMILY","movementFamily+proposedFatigueProfile","Ordinary isolation/accessory family with conservative local stress.","primaryStressProfile|secondaryStressTags|tendonStressTags|ligamentJointStabilityStressTags|jointImpactStressTags|cognitiveStressTags|sportContextTags|recoveryDecayProfile|stressMagnitudeHint","primaryStressProfile|secondaryStressTags|tendonStressTags|ligamentJointStabilityStressTags|jointImpactStressTags|cognitiveStressTags|sportContextTags|recoveryDecayProfile|stressMagnitudeHint","","ISOLATION_ACCESSORY_STRESS","SHORT","LOW","NO"
"리버스 리스트 컬","ex_8e18b02a","FOREARM_GRIP_ACCESSORY","REVERSE_WRIST_CURL","FOREARM_GRIP_ACCESSORY","DERIVED_FROM_MOVEMENT_FAMILY","movementFamily+proposedFatigueProfile","Ordinary isolation/accessory family with conservative local stress.","primaryStressProfile|secondaryStressTags|tendonStressTags|ligamentJointStabilityStressTags|jointImpactStressTags|cognitiveStressTags|sportContextTags|recoveryDecayProfile|stressMagnitudeHint","primaryStressProfile|secondaryStressTags|tendonStressTags|ligamentJointStabilityStressTags|jointImpactStressTags|cognitiveStressTags|sportContextTags|recoveryDecayProfile|stressMagnitudeHint","","ISOLATION_ACCESSORY_STRESS","SHORT","LOW","NO"
"리버스 컬","ex_dd2f732e","ELBOW_FLEXION_BRACHIALIS_BRACHIORADIALIS_VARIANTS","REVERSE_CURL","BRACHIALIS_FOREARM_ACCESSORY","DERIVED_FROM_MOVEMENT_FAMILY","movementFamily+proposedFatigueProfile","Ordinary isolation/accessory family with conservative local stress.","primaryStressProfile|secondaryStressTags|tendonStressTags|ligamentJointStabilityStressTags|jointImpactStressTags|cognitiveStressTags|sportContextTags|recoveryDecayProfile|stressMagnitudeHint","primaryStressProfile|secondaryStressTags|tendonStressTags|ligamentJointStabilityStressTags|jointImpactStressTags|cognitiveStressTags|sportContextTags|recoveryDecayProfile|stressMagnitudeHint","","ISOLATION_ACCESSORY_STRESS","SHORT","LOW","NO"
"리어델트 케이블 플라이","ex_7deabeba","REAR_DELT_FLY_HORIZONTAL_ABDUCTION_VARIANTS","REAR_DELT_CABLE_FLY","REAR_DELT_SCAPULAR_ACCESSORY","DERIVED_FROM_MOVEMENT_FAMILY","movementFamily+proposedFatigueProfile","Ordinary isolation/accessory family with conservative local stress.","primaryStressProfile|secondaryStressTags|tendonStressTags|ligamentJointStabilityStressTags|jointImpactStressTags|cognitiveStressTags|sportContextTags|recoveryDecayProfile|stressMagnitudeHint","primaryStressProfile|secondaryStressTags|tendonStressTags|ligamentJointStabilityStressTags|jointImpactStressTags|cognitiveStressTags|sportContextTags|recoveryDecayProfile|stressMagnitudeHint","","ISOLATION_ACCESSORY_STRESS","SHORT","LOW","NO"
"리어델트 플라이","ex_7176cbee","REAR_DELT_FLY_HORIZONTAL_ABDUCTION_VARIANTS","REAR_DELT_FLY","REAR_DELT_SCAPULAR_ACCESSORY","DERIVED_FROM_MOVEMENT_FAMILY","movementFamily+proposedFatigueProfile","Ordinary isolation/accessory family with conservative local stress.","primaryStressProfile|secondaryStressTags|tendonStressTags|ligamentJointStabilityStressTags|jointImpactStressTags|cognitiveStressTags|sportContextTags|recoveryDecayProfile|stressMagnitudeHint","primaryStressProfile|secondaryStressTags|tendonStressTags|ligamentJointStabilityStressTags|jointImpactStressTags|cognitiveStressTags|sportContextTags|recoveryDecayProfile|stressMagnitudeHint","","ISOLATION_ACCESSORY_STRESS","SHORT","LOW","NO"
"마운틴 클라이머","ex_a9b52886","BODYWEIGHT_CONDITIONING_CORE","MOUNTAIN_CLIMBER","CONDITIONING_CORE","DERIVED_FROM_MOVEMENT_FAMILY","movementFamily+programSlot","Dynamic anterior-core/conditioning pattern.","primaryStressProfile|secondaryStressTags|tendonStressTags|ligamentJointStabilityStressTags|jointImpactStressTags|cognitiveStressTags|sportContextTags|recoveryDecayProfile|stressMagnitudeHint","primaryStressProfile|secondaryStressTags|tendonStressTags|ligamentJointStabilityStressTags|jointImpactStressTags|cognitiveStressTags|sportContextTags|recoveryDecayProfile|stressMagnitudeHint","","DYNAMIC_CORE_FLEXION_STRESS","SHORT","MODERATE","NO"
"맨몸 스쿼트","ex_cb3c4dc2","SQUAT_VARIANTS","BODYWEIGHT_SQUAT","BODYWEIGHT_LOWER_PATTERN","DERIVED_FROM_PROGRAM_SLOT","programSlot+movementSubtype","Bodyweight/goblet knee-dominant pattern is kept below heavy axial stress.","primaryStressProfile|secondaryStressTags|tendonStressTags|ligamentJointStabilityStressTags|jointImpactStressTags|cognitiveStressTags|sportContextTags|recoveryDecayProfile|stressMagnitudeHint","primaryStressProfile|secondaryStressTags|tendonStressTags|ligamentJointStabilityStressTags|jointImpactStressTags|cognitiveStressTags|sportContextTags|recoveryDecayProfile|stressMagnitudeHint","","LOW_LOAD_PREHAB_CONTROL_STRESS","SHORT","LOW","NO"
"머신 숄더프레스","ex_4aa3725a","OVERHEAD_PRESS_VARIANTS","MACHINE_OVERHEAD_PRESS","OVERHEAD_PUSH_STRENGTH_OR_ACCESSORY","DERIVED_FROM_MOVEMENT_FAMILY","movementFamily+movementSubtype","Overhead push family; stability detail stays in secondary tags.","primaryStressProfile|secondaryStressTags|tendonStressTags|ligamentJointStabilityStressTags|jointImpactStressTags|cognitiveStressTags|sportContextTags|recoveryDecayProfile|stressMagnitudeHint","primaryStressProfile|secondaryStressTags|tendonStressTags|ligamentJointStabilityStressTags|jointImpactStressTags|cognitiveStressTags|sportContextTags|recoveryDecayProfile|stressMagnitudeHint","","OVERHEAD_PUSH_STRESS","MEDIUM","MODERATE","NO"
"머신 체스트프레스","ex_1dbee10e","BENCH_PRESS_DUMBBELL_PRESS_MACHINE_PRESS_VARIANTS","MACHINE_CHEST_PRESS","HORIZONTAL_PUSH_STRENGTH_OR_ACCESSORY","DERIVED_FROM_MOVEMENT_FAMILY","movementFamily+programSlot","Horizontal press family with conservative upper-push stress.","primaryStressProfile|secondaryStressTags|tendonStressTags|ligamentJointStabilityStressTags|jointImpactStressTags|cognitiveStressTags|sportContextTags|recoveryDecayProfile|stressMagnitudeHint","primaryStressProfile|secondaryStressTags|tendonStressTags|ligamentJointStabilityStressTags|jointImpactStressTags|cognitiveStressTags|sportContextTags|recoveryDecayProfile|stressMagnitudeHint","","HORIZONTAL_PUSH_STRESS","MEDIUM","MODERATE","NO"
"밴드 외회전","ex_e8ff8cfa","EXTERNAL_ROTATION_INTERNAL_ROTATION_VARIANTS","BAND_EXTERNAL_ROTATION","ROTATOR_CUFF_CARE","DERIVED_FROM_MOVEMENT_FAMILY","movementFamily+programSlot","Low-load control/prehab classification.","primaryStressProfile|secondaryStressTags|tendonStressTags|ligamentJointStabilityStressTags|jointImpactStressTags|cognitiveStressTags|sportContextTags|recoveryDecayProfile|stressMagnitudeHint","primaryStressProfile|secondaryStressTags|tendonStressTags|ligamentJointStabilityStressTags|jointImpactStressTags|cognitiveStressTags|sportContextTags|recoveryDecayProfile|stressMagnitudeHint","","LOW_LOAD_PREHAB_CONTROL_STRESS","SHORT","LOW","NO"
"버드독","ex_28347c1f","ANTI_ROTATION_ANTI_EXTENSION_CORE","","CORE_STABILITY_ACCESSORY","DERIVED_FROM_MOVEMENT_FAMILY","movementFamily","Anti-rotation/anti-extension core family maps to isometric bracing.","primaryStressProfile|secondaryStressTags|tendonStressTags|ligamentJointStabilityStressTags|jointImpactStressTags|cognitiveStressTags|sportContextTags|recoveryDecayProfile|stressMagnitudeHint","primaryStressProfile|secondaryStressTags|tendonStressTags|ligamentJointStabilityStressTags|jointImpactStressTags|cognitiveStressTags|sportContextTags|recoveryDecayProfile|stressMagnitudeHint","","ISOMETRIC_CORE_BRACING_STRESS","SHORT","LOW","NO"
"벤치프레스","barbell_bench_press","BENCH_PRESS_DUMBBELL_PRESS_MACHINE_PRESS_VARIANTS","BARBELL_BENCH_PRESS","UPPER_PUSH_STRENGTH","DERIVED_FROM_MOVEMENT_FAMILY","movementFamily+programSlot","Horizontal press family with conservative upper-push stress.","primaryStressProfile|secondaryStressTags|tendonStressTags|ligamentJointStabilityStressTags|jointImpactStressTags|cognitiveStressTags|sportContextTags|recoveryDecayProfile|stressMagnitudeHint","primaryStressProfile|secondaryStressTags|tendonStressTags|ligamentJointStabilityStressTags|jointImpactStressTags|cognitiveStressTags|sportContextTags|recoveryDecayProfile|stressMagnitudeHint","","HORIZONTAL_PUSH_STRESS","MEDIUM","MODERATE","NO"
"슈퍼맨","ex_284ecca6","POSTERIOR_CHAIN_LOW_LOAD_CONTROL","SUPERMAN","POSTERIOR_CHAIN_CONTROL_ACCESSORY","DERIVED_FROM_MOVEMENT_FAMILY","movementFamily+programSlot","Low-load control/prehab classification.","primaryStressProfile|secondaryStressTags|tendonStressTags|ligamentJointStabilityStressTags|jointImpactStressTags|cognitiveStressTags|sportContextTags|recoveryDecayProfile|stressMagnitudeHint","primaryStressProfile|secondaryStressTags|tendonStressTags|ligamentJointStabilityStressTags|jointImpactStressTags|cognitiveStressTags|sportContextTags|recoveryDecayProfile|stressMagnitudeHint","","LOW_LOAD_PREHAB_CONTROL_STRESS","SHORT","LOW","NO"
"스탠딩 레그 컬","ex_b59bed7d","HAMSTRING_CURL_VARIANTS","","HAMSTRING_ISOLATION_ACCESSORY","DERIVED_FROM_MOVEMENT_FAMILY","movementFamily+proposedFatigueProfile","Ordinary isolation/accessory family with conservative local stress.","primaryStressProfile|secondaryStressTags|tendonStressTags|ligamentJointStabilityStressTags|jointImpactStressTags|cognitiveStressTags|sportContextTags|recoveryDecayProfile|stressMagnitudeHint","primaryStressProfile|secondaryStressTags|tendonStressTags|ligamentJointStabilityStressTags|jointImpactStressTags|cognitiveStressTags|sportContextTags|recoveryDecayProfile|stressMagnitudeHint","","ISOLATION_ACCESSORY_STRESS","SHORT","LOW","NO"
"스트레이트암 풀다운","ex_ca5cce66","LAT_STRAIGHT_ARM_PULLDOWN_OR_PULLOVER_ACCESSORY","STRAIGHT_ARM_PULLDOWN","LAT_ACCESSORY","DERIVED_FROM_MOVEMENT_FAMILY","movementFamily+proposedFatigueProfile","Ordinary isolation/accessory family with conservative local stress.","primaryStressProfile|secondaryStressTags|tendonStressTags|ligamentJointStabilityStressTags|jointImpactStressTags|cognitiveStressTags|sportContextTags|recoveryDecayProfile|stressMagnitudeHint","primaryStressProfile|secondaryStressTags|tendonStressTags|ligamentJointStabilityStressTags|jointImpactStressTags|cognitiveStressTags|sportContextTags|recoveryDecayProfile|stressMagnitudeHint","","ISOLATION_ACCESSORY_STRESS","SHORT","LOW","NO"
"스파이더 컬","ex_516f4456","ELBOW_FLEXION_BICEPS_CURL_VARIANTS","SPIDER_CURL","BICEPS_ACCESSORY","DERIVED_FROM_MOVEMENT_FAMILY","movementFamily+proposedFatigueProfile","Ordinary isolation/accessory family with conservative local stress.","primaryStressProfile|secondaryStressTags|tendonStressTags|ligamentJointStabilityStressTags|jointImpactStressTags|cognitiveStressTags|sportContextTags|recoveryDecayProfile|stressMagnitudeHint","primaryStressProfile|secondaryStressTags|tendonStressTags|ligamentJointStabilityStressTags|jointImpactStressTags|cognitiveStressTags|sportContextTags|recoveryDecayProfile|stressMagnitudeHint","","ISOLATION_ACCESSORY_STRESS","SHORT","LOW","NO"
"싱글 레그 레그 익스텐션","ex_d60745b4","KNEE_EXTENSION_QUAD_ISOLATION","SINGLE_LEG_LEG_EXTENSION","QUAD_ISOLATION_ACCESSORY","DERIVED_FROM_MOVEMENT_FAMILY","movementFamily+proposedFatigueProfile","Ordinary isolation/accessory family with conservative local stress.","primaryStressProfile|secondaryStressTags|tendonStressTags|ligamentJointStabilityStressTags|jointImpactStressTags|cognitiveStressTags|sportContextTags|recoveryDecayProfile|stressMagnitudeHint","primaryStressProfile|secondaryStressTags|tendonStressTags|ligamentJointStabilityStressTags|jointImpactStressTags|cognitiveStressTags|sportContextTags|recoveryDecayProfile|stressMagnitudeHint","","ISOLATION_ACCESSORY_STRESS","SHORT","LOW","NO"
"싱글 레그 레그 컬","ex_8824026f","HAMSTRING_CURL_VARIANTS","","HAMSTRING_ISOLATION_ACCESSORY","DERIVED_FROM_MOVEMENT_FAMILY","movementFamily+proposedFatigueProfile","Ordinary isolation/accessory family with conservative local stress.","primaryStressProfile|secondaryStressTags|tendonStressTags|ligamentJointStabilityStressTags|jointImpactStressTags|cognitiveStressTags|sportContextTags|recoveryDecayProfile|stressMagnitudeHint","primaryStressProfile|secondaryStressTags|tendonStressTags|ligamentJointStabilityStressTags|jointImpactStressTags|cognitiveStressTags|sportContextTags|recoveryDecayProfile|stressMagnitudeHint","","ISOLATION_ACCESSORY_STRESS","SHORT","LOW","NO"
"아놀드 프레스","ex_767e188e","OVERHEAD_PRESS_VARIANTS","ARNOLD_PRESS","OVERHEAD_PUSH_STRENGTH_OR_ACCESSORY","DERIVED_FROM_MOVEMENT_FAMILY","movementFamily+movementSubtype","Overhead push family; stability detail stays in secondary tags.","primaryStressProfile|secondaryStressTags|tendonStressTags|ligamentJointStabilityStressTags|jointImpactStressTags|cognitiveStressTags|sportContextTags|recoveryDecayProfile|stressMagnitudeHint","primaryStressProfile|secondaryStressTags|tendonStressTags|ligamentJointStabilityStressTags|jointImpactStressTags|cognitiveStressTags|sportContextTags|recoveryDecayProfile|stressMagnitudeHint","","OVERHEAD_PUSH_STRESS","MEDIUM","MODERATE","NO"
"아처 푸시업","ex_73b0b63f","PUSH_UP_VARIANTS","ARCHER_PUSH_UP","UPPER_PUSH_ACCESSORY","DERIVED_FROM_MOVEMENT_FAMILY","movementFamily","Bodyweight horizontal-push family.","primaryStressProfile|secondaryStressTags|tendonStressTags|ligamentJointStabilityStressTags|jointImpactStressTags|cognitiveStressTags|sportContextTags|recoveryDecayProfile|stressMagnitudeHint","primaryStressProfile|secondaryStressTags|tendonStressTags|ligamentJointStabilityStressTags|jointImpactStressTags|cognitiveStressTags|sportContextTags|recoveryDecayProfile|stressMagnitudeHint","","BODYWEIGHT_PUSH_STRESS","SHORT","LOW","NO"
"오버헤드 프레스","ex_32219f7a","OVERHEAD_PRESS_VARIANTS","BARBELL_OVERHEAD_PRESS","OVERHEAD_PUSH_STRENGTH_OR_ACCESSORY","DERIVED_FROM_MOVEMENT_FAMILY","movementFamily+movementSubtype","Overhead push family; stability detail stays in secondary tags.","primaryStressProfile|secondaryStressTags|tendonStressTags|ligamentJointStabilityStressTags|jointImpactStressTags|cognitiveStressTags|sportContextTags|recoveryDecayProfile|stressMagnitudeHint","primaryStressProfile|secondaryStressTags|tendonStressTags|ligamentJointStabilityStressTags|jointImpactStressTags|cognitiveStressTags|sportContextTags|recoveryDecayProfile|stressMagnitudeHint","","OVERHEAD_PUSH_STRESS","MEDIUM","MODERATE","NO"
"원레그 레그 프레스","ex_a091b9fe","LEG_PRESS_KNEE_DOMINANT_MACHINE_VARIANTS","","MACHINE_LOWER_BODY_STRENGTH","DERIVED_FROM_MOVEMENT_FAMILY","movementFamily","Machine knee-dominant lower-body stress.","primaryStressProfile|secondaryStressTags|tendonStressTags|ligamentJointStabilityStressTags|jointImpactStressTags|cognitiveStressTags|sportContextTags|recoveryDecayProfile|stressMagnitudeHint","primaryStressProfile|secondaryStressTags|tendonStressTags|ligamentJointStabilityStressTags|jointImpactStressTags|cognitiveStressTags|sportContextTags|recoveryDecayProfile|stressMagnitudeHint","","MACHINE_LOWER_BODY_STRESS","MEDIUM","MODERATE","NO"
"원암 덤벨 RDL","ex_e0b1e364","DEADLIFT_HINGE_VARIANTS","ONE_ARM_DUMBBELL_RDL","UNILATERAL_HINGE_ACCESSORY","DERIVED_FROM_PROGRAM_SLOT","programSlot+movementSubtype","Unilateral/accessory hinge prioritizes stability rather than heavy-hinge recovery.","primaryStressProfile|secondaryStressTags|tendonStressTags|ligamentJointStabilityStressTags|jointImpactStressTags|cognitiveStressTags|sportContextTags|recoveryDecayProfile|stressMagnitudeHint","primaryStressProfile|secondaryStressTags|tendonStressTags|ligamentJointStabilityStressTags|jointImpactStressTags|cognitiveStressTags|sportContextTags|recoveryDecayProfile|stressMagnitudeHint","","UNILATERAL_LOWER_STABILITY_STRESS","MEDIUM","MODERATE","NO"
"원암 덤벨 벤치프레스","ex_389e0556","BENCH_PRESS_DUMBBELL_PRESS_MACHINE_PRESS_VARIANTS","ONE_ARM_DUMBBELL_BENCH_PRESS","UNILATERAL_UPPER_PUSH","DERIVED_FROM_MOVEMENT_FAMILY","movementFamily+programSlot","Horizontal press family with conservative upper-push stress.","primaryStressProfile|secondaryStressTags|tendonStressTags|ligamentJointStabilityStressTags|jointImpactStressTags|cognitiveStressTags|sportContextTags|recoveryDecayProfile|stressMagnitudeHint","primaryStressProfile|secondaryStressTags|tendonStressTags|ligamentJointStabilityStressTags|jointImpactStressTags|cognitiveStressTags|sportContextTags|recoveryDecayProfile|stressMagnitudeHint","","HORIZONTAL_PUSH_STRESS","MEDIUM","MODERATE","NO"
"원암 덤벨 숄더프레스","ex_7814843a","OVERHEAD_PRESS_VARIANTS","ONE_ARM_OVERHEAD_PRESS","OVERHEAD_PUSH_STRENGTH_OR_ACCESSORY","DERIVED_FROM_MOVEMENT_FAMILY","movementFamily+movementSubtype","Overhead push family; stability detail stays in secondary tags.","primaryStressProfile|secondaryStressTags|tendonStressTags|ligamentJointStabilityStressTags|jointImpactStressTags|cognitiveStressTags|sportContextTags|recoveryDecayProfile|stressMagnitudeHint","primaryStressProfile|secondaryStressTags|tendonStressTags|ligamentJointStabilityStressTags|jointImpactStressTags|cognitiveStressTags|sportContextTags|recoveryDecayProfile|stressMagnitudeHint","","OVERHEAD_PUSH_STRESS","MEDIUM","MODERATE","NO"
"원암 덤벨 컬","ex_85b2ac56","ELBOW_FLEXION_BICEPS_CURL_VARIANTS","ONE_ARM_DUMBBELL_CURL","BICEPS_ACCESSORY","DERIVED_FROM_MOVEMENT_FAMILY","movementFamily+proposedFatigueProfile","Ordinary isolation/accessory family with conservative local stress.","primaryStressProfile|secondaryStressTags|tendonStressTags|ligamentJointStabilityStressTags|jointImpactStressTags|cognitiveStressTags|sportContextTags|recoveryDecayProfile|stressMagnitudeHint","primaryStressProfile|secondaryStressTags|tendonStressTags|ligamentJointStabilityStressTags|jointImpactStressTags|cognitiveStressTags|sportContextTags|recoveryDecayProfile|stressMagnitudeHint","","ISOLATION_ACCESSORY_STRESS","SHORT","LOW","NO"
"원암 리어델트 케이블 플라이","ex_a60496be","REAR_DELT_FLY_HORIZONTAL_ABDUCTION_VARIANTS","ONE_ARM_REAR_DELT_CABLE_FLY","REAR_DELT_SCAPULAR_ACCESSORY","DERIVED_FROM_MOVEMENT_FAMILY","movementFamily+proposedFatigueProfile","Ordinary isolation/accessory family with conservative local stress.","primaryStressProfile|secondaryStressTags|tendonStressTags|ligamentJointStabilityStressTags|jointImpactStressTags|cognitiveStressTags|sportContextTags|recoveryDecayProfile|stressMagnitudeHint","primaryStressProfile|secondaryStressTags|tendonStressTags|ligamentJointStabilityStressTags|jointImpactStressTags|cognitiveStressTags|sportContextTags|recoveryDecayProfile|stressMagnitudeHint","","ISOLATION_ACCESSORY_STRESS","SHORT","LOW","NO"
"원암 스트레이트암 풀다운","ex_c365e5e2","LAT_STRAIGHT_ARM_PULLDOWN_OR_PULLOVER_ACCESSORY","ONE_ARM_STRAIGHT_ARM_PULLDOWN","LAT_ACCESSORY","DERIVED_FROM_MOVEMENT_FAMILY","movementFamily+proposedFatigueProfile","Ordinary isolation/accessory family with conservative local stress.","primaryStressProfile|secondaryStressTags|tendonStressTags|ligamentJointStabilityStressTags|jointImpactStressTags|cognitiveStressTags|sportContextTags|recoveryDecayProfile|stressMagnitudeHint","primaryStressProfile|secondaryStressTags|tendonStressTags|ligamentJointStabilityStressTags|jointImpactStressTags|cognitiveStressTags|sportContextTags|recoveryDecayProfile|stressMagnitudeHint","","ISOLATION_ACCESSORY_STRESS","SHORT","LOW","NO"
"원암 인클라인 덤벨 프레스","ex_9f283612","BENCH_PRESS_DUMBBELL_PRESS_MACHINE_PRESS_VARIANTS","ONE_ARM_INCLINE_DUMBBELL_PRESS","UNILATERAL_UPPER_PUSH","DERIVED_FROM_MOVEMENT_FAMILY","movementFamily+programSlot","Horizontal press family with conservative upper-push stress.","primaryStressProfile|secondaryStressTags|tendonStressTags|ligamentJointStabilityStressTags|jointImpactStressTags|cognitiveStressTags|sportContextTags|recoveryDecayProfile|stressMagnitudeHint","primaryStressProfile|secondaryStressTags|tendonStressTags|ligamentJointStabilityStressTags|jointImpactStressTags|cognitiveStressTags|sportContextTags|recoveryDecayProfile|stressMagnitudeHint","","HORIZONTAL_PUSH_STRESS","MEDIUM","MODERATE","NO"
"원암 케이블 래터럴 레이즈","ex_b076570e","LATERAL_RAISE_DELTOID_ISOLATION_VARIANTS","ONE_ARM_CABLE_LATERAL_RAISE","SHOULDER_ACCESSORY","DERIVED_FROM_MOVEMENT_FAMILY","movementFamily+proposedFatigueProfile","Ordinary isolation/accessory family with conservative local stress.","primaryStressProfile|secondaryStressTags|tendonStressTags|ligamentJointStabilityStressTags|jointImpactStressTags|cognitiveStressTags|sportContextTags|recoveryDecayProfile|stressMagnitudeHint","primaryStressProfile|secondaryStressTags|tendonStressTags|ligamentJointStabilityStressTags|jointImpactStressTags|cognitiveStressTags|sportContextTags|recoveryDecayProfile|stressMagnitudeHint","","ISOLATION_ACCESSORY_STRESS","SHORT","LOW","NO"
"원암 케이블 숄더프레스","ex_c536edc2","OVERHEAD_PRESS_VARIANTS","ONE_ARM_OVERHEAD_PRESS","OVERHEAD_PUSH_STRENGTH_OR_ACCESSORY","DERIVED_FROM_MOVEMENT_FAMILY","movementFamily+movementSubtype","Overhead push family; stability detail stays in secondary tags.","primaryStressProfile|secondaryStressTags|tendonStressTags|ligamentJointStabilityStressTags|jointImpactStressTags|cognitiveStressTags|sportContextTags|recoveryDecayProfile|stressMagnitudeHint","primaryStressProfile|secondaryStressTags|tendonStressTags|ligamentJointStabilityStressTags|jointImpactStressTags|cognitiveStressTags|sportContextTags|recoveryDecayProfile|stressMagnitudeHint","","OVERHEAD_PUSH_STRESS","MEDIUM","MODERATE","NO"
"원암 케이블 컬","ex_3d5719de","ELBOW_FLEXION_BICEPS_CURL_VARIANTS","ONE_ARM_CABLE_CURL","BICEPS_ACCESSORY","DERIVED_FROM_MOVEMENT_FAMILY","movementFamily+proposedFatigueProfile","Ordinary isolation/accessory family with conservative local stress.","primaryStressProfile|secondaryStressTags|tendonStressTags|ligamentJointStabilityStressTags|jointImpactStressTags|cognitiveStressTags|sportContextTags|recoveryDecayProfile|stressMagnitudeHint","primaryStressProfile|secondaryStressTags|tendonStressTags|ligamentJointStabilityStressTags|jointImpactStressTags|cognitiveStressTags|sportContextTags|recoveryDecayProfile|stressMagnitudeHint","","ISOLATION_ACCESSORY_STRESS","SHORT","LOW","NO"
"원암 케이블 트라이셉스 푸시다운","ex_5322f2d1","ELBOW_EXTENSION_TRICEPS_ISOLATION_VARIANTS","ONE_ARM_TRICEPS_PUSHDOWN","TRICEPS_ACCESSORY","DERIVED_FROM_MOVEMENT_FAMILY","movementFamily+proposedFatigueProfile","Ordinary isolation/accessory family with conservative local stress.","primaryStressProfile|secondaryStressTags|tendonStressTags|ligamentJointStabilityStressTags|jointImpactStressTags|cognitiveStressTags|sportContextTags|recoveryDecayProfile|stressMagnitudeHint","primaryStressProfile|secondaryStressTags|tendonStressTags|ligamentJointStabilityStressTags|jointImpactStressTags|cognitiveStressTags|sportContextTags|recoveryDecayProfile|stressMagnitudeHint","","ISOLATION_ACCESSORY_STRESS","SHORT","LOW","NO"
"원암 케이블 플라이","ex_442617f6","CHEST_ISOLATION","","CHEST_ISOLATION_ACCESSORY","DERIVED_FROM_MOVEMENT_FAMILY","movementFamily+proposedFatigueProfile","Ordinary isolation/accessory family with conservative local stress.","primaryStressProfile|secondaryStressTags|tendonStressTags|ligamentJointStabilityStressTags|jointImpactStressTags|cognitiveStressTags|sportContextTags|recoveryDecayProfile|stressMagnitudeHint","primaryStressProfile|secondaryStressTags|tendonStressTags|ligamentJointStabilityStressTags|jointImpactStressTags|cognitiveStressTags|sportContextTags|recoveryDecayProfile|stressMagnitudeHint","","ISOLATION_ACCESSORY_STRESS","SHORT","LOW","NO"
"원암 해머 컬","ex_86323ed6","ELBOW_FLEXION_BRACHIALIS_BRACHIORADIALIS_VARIANTS","ONE_ARM_HAMMER_CURL","BRACHIALIS_FOREARM_ACCESSORY","DERIVED_FROM_MOVEMENT_FAMILY","movementFamily+proposedFatigueProfile","Ordinary isolation/accessory family with conservative local stress.","primaryStressProfile|secondaryStressTags|tendonStressTags|ligamentJointStabilityStressTags|jointImpactStressTags|cognitiveStressTags|sportContextTags|recoveryDecayProfile|stressMagnitudeHint","primaryStressProfile|secondaryStressTags|tendonStressTags|ligamentJointStabilityStressTags|jointImpactStressTags|cognitiveStressTags|sportContextTags|recoveryDecayProfile|stressMagnitudeHint","","ISOLATION_ACCESSORY_STRESS","SHORT","LOW","NO"
"월싯","ex_64661229","KNEE_DOMINANT_ISOMETRIC","WALL_SIT","LOWER_BODY_ISOMETRIC_ACCESSORY","DERIVED_FROM_PROGRAM_SLOT","programSlot+movementSubtype","Wall-sit isometric accessory is conservatively treated as low-load control.","primaryStressProfile|secondaryStressTags|tendonStressTags|ligamentJointStabilityStressTags|jointImpactStressTags|cognitiveStressTags|sportContextTags|recoveryDecayProfile|stressMagnitudeHint","primaryStressProfile|secondaryStressTags|tendonStressTags|ligamentJointStabilityStressTags|jointImpactStressTags|cognitiveStressTags|sportContextTags|recoveryDecayProfile|stressMagnitudeHint","","LOW_LOAD_PREHAB_CONTROL_STRESS","SHORT","LOW","NO"
"인클라인 덤벨 컬","ex_d5048362","ELBOW_FLEXION_BICEPS_CURL_VARIANTS","INCLINE_DUMBBELL_CURL","BICEPS_ACCESSORY","DERIVED_FROM_MOVEMENT_FAMILY","movementFamily+proposedFatigueProfile","Ordinary isolation/accessory family with conservative local stress.","primaryStressProfile|secondaryStressTags|tendonStressTags|ligamentJointStabilityStressTags|jointImpactStressTags|cognitiveStressTags|sportContextTags|recoveryDecayProfile|stressMagnitudeHint","primaryStressProfile|secondaryStressTags|tendonStressTags|ligamentJointStabilityStressTags|jointImpactStressTags|cognitiveStressTags|sportContextTags|recoveryDecayProfile|stressMagnitudeHint","","ISOLATION_ACCESSORY_STRESS","SHORT","LOW","NO"
"인클라인 덤벨 프레스","ex_a61f1e96","BENCH_PRESS_DUMBBELL_PRESS_MACHINE_PRESS_VARIANTS","INCLINE_DUMBBELL_PRESS","HORIZONTAL_PUSH_STRENGTH_OR_ACCESSORY","DERIVED_FROM_MOVEMENT_FAMILY","movementFamily+programSlot","Horizontal press family with conservative upper-push stress.","primaryStressProfile|secondaryStressTags|tendonStressTags|ligamentJointStabilityStressTags|jointImpactStressTags|cognitiveStressTags|sportContextTags|recoveryDecayProfile|stressMagnitudeHint","primaryStressProfile|secondaryStressTags|tendonStressTags|ligamentJointStabilityStressTags|jointImpactStressTags|cognitiveStressTags|sportContextTags|recoveryDecayProfile|stressMagnitudeHint","","HORIZONTAL_PUSH_STRESS","MEDIUM","MODERATE","NO"
"인클라인 덤벨 플라이","ex_a61f307a","CHEST_ISOLATION","","CHEST_ISOLATION_ACCESSORY","DERIVED_FROM_MOVEMENT_FAMILY","movementFamily+proposedFatigueProfile","Ordinary isolation/accessory family with conservative local stress.","primaryStressProfile|secondaryStressTags|tendonStressTags|ligamentJointStabilityStressTags|jointImpactStressTags|cognitiveStressTags|sportContextTags|recoveryDecayProfile|stressMagnitudeHint","primaryStressProfile|secondaryStressTags|tendonStressTags|ligamentJointStabilityStressTags|jointImpactStressTags|cognitiveStressTags|sportContextTags|recoveryDecayProfile|stressMagnitudeHint","","ISOLATION_ACCESSORY_STRESS","SHORT","LOW","NO"
"캡틴체어 레그 레이즈","ex_a345e30b","CORE_FLEXION_ANTERIOR_CORE","CAPTAINS_CHAIR_LEG_RAISE","CORE_FLEXION_ACCESSORY","DERIVED_FROM_MOVEMENT_FAMILY","movementFamily+programSlot","Dynamic anterior-core/conditioning pattern.","primaryStressProfile|secondaryStressTags|tendonStressTags|ligamentJointStabilityStressTags|jointImpactStressTags|cognitiveStressTags|sportContextTags|recoveryDecayProfile|stressMagnitudeHint","primaryStressProfile|secondaryStressTags|tendonStressTags|ligamentJointStabilityStressTags|jointImpactStressTags|cognitiveStressTags|sportContextTags|recoveryDecayProfile|stressMagnitudeHint","","DYNAMIC_CORE_FLEXION_STRESS","SHORT","MODERATE","NO"
"컨센트레이션 컬","ex_c62c0716","ELBOW_FLEXION_BICEPS_CURL_VARIANTS","CONCENTRATION_CURL","BICEPS_ACCESSORY","DERIVED_FROM_MOVEMENT_FAMILY","movementFamily+proposedFatigueProfile","Ordinary isolation/accessory family with conservative local stress.","primaryStressProfile|secondaryStressTags|tendonStressTags|ligamentJointStabilityStressTags|jointImpactStressTags|cognitiveStressTags|sportContextTags|recoveryDecayProfile|stressMagnitudeHint","primaryStressProfile|secondaryStressTags|tendonStressTags|ligamentJointStabilityStressTags|jointImpactStressTags|cognitiveStressTags|sportContextTags|recoveryDecayProfile|stressMagnitudeHint","","ISOLATION_ACCESSORY_STRESS","SHORT","LOW","NO"
"케이블 래터럴 레이즈","ex_b76d3f92","LATERAL_RAISE_DELTOID_ISOLATION_VARIANTS","CABLE_LATERAL_RAISE","SHOULDER_ACCESSORY","DERIVED_FROM_MOVEMENT_FAMILY","movementFamily+proposedFatigueProfile","Ordinary isolation/accessory family with conservative local stress.","primaryStressProfile|secondaryStressTags|tendonStressTags|ligamentJointStabilityStressTags|jointImpactStressTags|cognitiveStressTags|sportContextTags|recoveryDecayProfile|stressMagnitudeHint","primaryStressProfile|secondaryStressTags|tendonStressTags|ligamentJointStabilityStressTags|jointImpactStressTags|cognitiveStressTags|sportContextTags|recoveryDecayProfile|stressMagnitudeHint","","ISOLATION_ACCESSORY_STRESS","SHORT","LOW","NO"
"케이블 원암 트라이셉스 익스텐션","ex_eb636bac","ELBOW_EXTENSION_TRICEPS_ISOLATION_VARIANTS","CABLE_ONE_ARM_TRICEPS_EXTENSION","TRICEPS_ACCESSORY","DERIVED_FROM_MOVEMENT_FAMILY","movementFamily+proposedFatigueProfile","Ordinary isolation/accessory family with conservative local stress.","primaryStressProfile|secondaryStressTags|tendonStressTags|ligamentJointStabilityStressTags|jointImpactStressTags|cognitiveStressTags|sportContextTags|recoveryDecayProfile|stressMagnitudeHint","primaryStressProfile|secondaryStressTags|tendonStressTags|ligamentJointStabilityStressTags|jointImpactStressTags|cognitiveStressTags|sportContextTags|recoveryDecayProfile|stressMagnitudeHint","","ISOLATION_ACCESSORY_STRESS","SHORT","LOW","NO"
"케이블 컬","ex_e709eeda","ELBOW_FLEXION_BICEPS_CURL_VARIANTS","CABLE_CURL","BICEPS_ACCESSORY","DERIVED_FROM_MOVEMENT_FAMILY","movementFamily+proposedFatigueProfile","Ordinary isolation/accessory family with conservative local stress.","primaryStressProfile|secondaryStressTags|tendonStressTags|ligamentJointStabilityStressTags|jointImpactStressTags|cognitiveStressTags|sportContextTags|recoveryDecayProfile|stressMagnitudeHint","primaryStressProfile|secondaryStressTags|tendonStressTags|ligamentJointStabilityStressTags|jointImpactStressTags|cognitiveStressTags|sportContextTags|recoveryDecayProfile|stressMagnitudeHint","","ISOLATION_ACCESSORY_STRESS","SHORT","LOW","NO"
"케이블 킥백","ex_fa34ddfe","GLUTE_ISOLATION_ACCESSORY","CABLE_KICKBACK","GLUTE_ACCESSORY","DERIVED_FROM_MOVEMENT_FAMILY","movementFamily+proposedFatigueProfile","Ordinary isolation/accessory family with conservative local stress.","primaryStressProfile|secondaryStressTags|tendonStressTags|ligamentJointStabilityStressTags|jointImpactStressTags|cognitiveStressTags|sportContextTags|recoveryDecayProfile|stressMagnitudeHint","primaryStressProfile|secondaryStressTags|tendonStressTags|ligamentJointStabilityStressTags|jointImpactStressTags|cognitiveStressTags|sportContextTags|recoveryDecayProfile|stressMagnitudeHint","","ISOLATION_ACCESSORY_STRESS","SHORT","LOW","NO"
"케이블 풀스루","ex_4c76dbb2","DEADLIFT_HINGE_VARIANTS","CABLE_PULL_THROUGH","POSTERIOR_CHAIN_ACCESSORY","DERIVED_FROM_MOVEMENT_FAMILY","movementFamily+programSlot","Posterior-chain accessory hinge.","primaryStressProfile|secondaryStressTags|tendonStressTags|ligamentJointStabilityStressTags|jointImpactStressTags|cognitiveStressTags|sportContextTags|recoveryDecayProfile|stressMagnitudeHint","primaryStressProfile|secondaryStressTags|tendonStressTags|ligamentJointStabilityStressTags|jointImpactStressTags|cognitiveStressTags|sportContextTags|recoveryDecayProfile|stressMagnitudeHint","","HINGE_POSTERIOR_CHAIN_STRESS","MEDIUM","MODERATE","NO"
"케이블 플라이","ex_4c779df2","CHEST_ISOLATION","","CHEST_ISOLATION_ACCESSORY","DERIVED_FROM_MOVEMENT_FAMILY","movementFamily+proposedFatigueProfile","Ordinary isolation/accessory family with conservative local stress.","primaryStressProfile|secondaryStressTags|tendonStressTags|ligamentJointStabilityStressTags|jointImpactStressTags|cognitiveStressTags|sportContextTags|recoveryDecayProfile|stressMagnitudeHint","primaryStressProfile|secondaryStressTags|tendonStressTags|ligamentJointStabilityStressTags|jointImpactStressTags|cognitiveStressTags|sportContextTags|recoveryDecayProfile|stressMagnitudeHint","","ISOLATION_ACCESSORY_STRESS","SHORT","LOW","NO"
"크로스바디 해머 컬","ex_b69ab702","ELBOW_FLEXION_BRACHIALIS_BRACHIORADIALIS_VARIANTS","CROSS_BODY_HAMMER_CURL","BRACHIALIS_FOREARM_ACCESSORY","DERIVED_FROM_MOVEMENT_FAMILY","movementFamily+proposedFatigueProfile","Ordinary isolation/accessory family with conservative local stress.","primaryStressProfile|secondaryStressTags|tendonStressTags|ligamentJointStabilityStressTags|jointImpactStressTags|cognitiveStressTags|sportContextTags|recoveryDecayProfile|stressMagnitudeHint","primaryStressProfile|secondaryStressTags|tendonStressTags|ligamentJointStabilityStressTags|jointImpactStressTags|cognitiveStressTags|sportContextTags|recoveryDecayProfile|stressMagnitudeHint","","ISOLATION_ACCESSORY_STRESS","SHORT","LOW","NO"
"클로즈그립 벤치프레스","ex_27b3deb5","BENCH_PRESS_DUMBBELL_PRESS_MACHINE_PRESS_VARIANTS","CLOSE_GRIP_BENCH_PRESS_TRICEPS_EMPHASIS","TRICEPS_EMPHASIS_COMPOUND_PUSH","DERIVED_FROM_MOVEMENT_FAMILY","movementFamily+programSlot","Horizontal press family with conservative upper-push stress.","primaryStressProfile|secondaryStressTags|tendonStressTags|ligamentJointStabilityStressTags|jointImpactStressTags|cognitiveStressTags|sportContextTags|recoveryDecayProfile|stressMagnitudeHint","primaryStressProfile|secondaryStressTags|tendonStressTags|ligamentJointStabilityStressTags|jointImpactStressTags|cognitiveStressTags|sportContextTags|recoveryDecayProfile|stressMagnitudeHint","","HORIZONTAL_PUSH_STRESS","MEDIUM","MODERATE","NO"
"킥스탠스 RDL","ex_885b629","DEADLIFT_HINGE_VARIANTS","KICKSTAND_RDL","UNILATERAL_HINGE_ACCESSORY","DERIVED_FROM_PROGRAM_SLOT","programSlot+movementSubtype","Unilateral/accessory hinge prioritizes stability rather than heavy-hinge recovery.","primaryStressProfile|secondaryStressTags|tendonStressTags|ligamentJointStabilityStressTags|jointImpactStressTags|cognitiveStressTags|sportContextTags|recoveryDecayProfile|stressMagnitudeHint","primaryStressProfile|secondaryStressTags|tendonStressTags|ligamentJointStabilityStressTags|jointImpactStressTags|cognitiveStressTags|sportContextTags|recoveryDecayProfile|stressMagnitudeHint","","UNILATERAL_LOWER_STABILITY_STRESS","MEDIUM","MODERATE","NO"
"트라이셉스 푸시다운","ex_fa570291","ELBOW_EXTENSION_TRICEPS_ISOLATION_VARIANTS","TRICEPS_PUSHDOWN","TRICEPS_ACCESSORY","DERIVED_FROM_MOVEMENT_FAMILY","movementFamily+proposedFatigueProfile","Ordinary isolation/accessory family with conservative local stress.","primaryStressProfile|secondaryStressTags|tendonStressTags|ligamentJointStabilityStressTags|jointImpactStressTags|cognitiveStressTags|sportContextTags|recoveryDecayProfile|stressMagnitudeHint","primaryStressProfile|secondaryStressTags|tendonStressTags|ligamentJointStabilityStressTags|jointImpactStressTags|cognitiveStressTags|sportContextTags|recoveryDecayProfile|stressMagnitudeHint","","ISOLATION_ACCESSORY_STRESS","SHORT","LOW","NO"
"파이크 푸시업","ex_3caa236b","BODYWEIGHT_VERTICAL_PUSH_VARIANTS","PIKE_PUSH_UP","BODYWEIGHT_VERTICAL_PUSH","DERIVED_FROM_MOVEMENT_FAMILY","movementFamily+movementSubtype","Overhead push family; stability detail stays in secondary tags.","primaryStressProfile|secondaryStressTags|tendonStressTags|ligamentJointStabilityStressTags|jointImpactStressTags|cognitiveStressTags|sportContextTags|recoveryDecayProfile|stressMagnitudeHint","primaryStressProfile|secondaryStressTags|tendonStressTags|ligamentJointStabilityStressTags|jointImpactStressTags|cognitiveStressTags|sportContextTags|recoveryDecayProfile|stressMagnitudeHint","","OVERHEAD_PUSH_STRESS","MEDIUM","MODERATE","NO"
"페이스풀","face_pull","SCAPULAR_RETRACTION_EXTERNAL_ROTATION_CONTROL_VARIANTS","FACE_PULL","SCAPULAR_CONTROL_ACCESSORY","DERIVED_FROM_MOVEMENT_FAMILY","movementFamily+programSlot","Low-load control/prehab classification.","primaryStressProfile|secondaryStressTags|tendonStressTags|ligamentJointStabilityStressTags|jointImpactStressTags|cognitiveStressTags|sportContextTags|recoveryDecayProfile|stressMagnitudeHint","primaryStressProfile|secondaryStressTags|tendonStressTags|ligamentJointStabilityStressTags|jointImpactStressTags|cognitiveStressTags|sportContextTags|recoveryDecayProfile|stressMagnitudeHint","","LOW_LOAD_PREHAB_CONTROL_STRESS","SHORT","LOW","NO"
"푸시업","ex_28902b13","PUSH_UP_VARIANTS","PUSH_UP","UPPER_PUSH_ACCESSORY","DERIVED_FROM_MOVEMENT_FAMILY","movementFamily","Bodyweight horizontal-push family.","primaryStressProfile|secondaryStressTags|tendonStressTags|ligamentJointStabilityStressTags|jointImpactStressTags|cognitiveStressTags|sportContextTags|recoveryDecayProfile|stressMagnitudeHint","primaryStressProfile|secondaryStressTags|tendonStressTags|ligamentJointStabilityStressTags|jointImpactStressTags|cognitiveStressTags|sportContextTags|recoveryDecayProfile|stressMagnitudeHint","","BODYWEIGHT_PUSH_STRESS","SHORT","LOW","NO"
"프리처 컬","ex_e994008a","ELBOW_FLEXION_BICEPS_CURL_VARIANTS","PREACHER_CURL","BICEPS_ACCESSORY","DERIVED_FROM_MOVEMENT_FAMILY","movementFamily+proposedFatigueProfile","Ordinary isolation/accessory family with conservative local stress.","primaryStressProfile|secondaryStressTags|tendonStressTags|ligamentJointStabilityStressTags|jointImpactStressTags|cognitiveStressTags|sportContextTags|recoveryDecayProfile|stressMagnitudeHint","primaryStressProfile|secondaryStressTags|tendonStressTags|ligamentJointStabilityStressTags|jointImpactStressTags|cognitiveStressTags|sportContextTags|recoveryDecayProfile|stressMagnitudeHint","","ISOLATION_ACCESSORY_STRESS","SHORT","LOW","NO"
"플랫 덤벨 플라이","ex_91b749b3","CHEST_ISOLATION","","CHEST_ISOLATION_ACCESSORY","DERIVED_FROM_MOVEMENT_FAMILY","movementFamily+proposedFatigueProfile","Ordinary isolation/accessory family with conservative local stress.","primaryStressProfile|secondaryStressTags|tendonStressTags|ligamentJointStabilityStressTags|jointImpactStressTags|cognitiveStressTags|sportContextTags|recoveryDecayProfile|stressMagnitudeHint","primaryStressProfile|secondaryStressTags|tendonStressTags|ligamentJointStabilityStressTags|jointImpactStressTags|cognitiveStressTags|sportContextTags|recoveryDecayProfile|stressMagnitudeHint","","ISOLATION_ACCESSORY_STRESS","SHORT","LOW","NO"
"할로우 바디 홀드","ex_2a826c82","ANTI_ROTATION_ANTI_EXTENSION_CORE","","CORE_STABILITY_ACCESSORY","DERIVED_FROM_MOVEMENT_FAMILY","movementFamily","Anti-rotation/anti-extension core family maps to isometric bracing.","primaryStressProfile|secondaryStressTags|tendonStressTags|ligamentJointStabilityStressTags|jointImpactStressTags|cognitiveStressTags|sportContextTags|recoveryDecayProfile|stressMagnitudeHint","primaryStressProfile|secondaryStressTags|tendonStressTags|ligamentJointStabilityStressTags|jointImpactStressTags|cognitiveStressTags|sportContextTags|recoveryDecayProfile|stressMagnitudeHint","","ISOMETRIC_CORE_BRACING_STRESS","SHORT","LOW","NO"
"해머 컬","ex_2892da5a","ELBOW_FLEXION_BRACHIALIS_BRACHIORADIALIS_VARIANTS","HAMMER_CURL","BRACHIALIS_FOREARM_ACCESSORY","DERIVED_FROM_MOVEMENT_FAMILY","movementFamily+proposedFatigueProfile","Ordinary isolation/accessory family with conservative local stress.","primaryStressProfile|secondaryStressTags|tendonStressTags|ligamentJointStabilityStressTags|jointImpactStressTags|cognitiveStressTags|sportContextTags|recoveryDecayProfile|stressMagnitudeHint","primaryStressProfile|secondaryStressTags|tendonStressTags|ligamentJointStabilityStressTags|jointImpactStressTags|cognitiveStressTags|sportContextTags|recoveryDecayProfile|stressMagnitudeHint","","ISOLATION_ACCESSORY_STRESS","SHORT","LOW","NO"
"핸드스탠드 푸시업","ex_fa2e73b3","BODYWEIGHT_VERTICAL_PUSH_VARIANTS","HANDSTAND_PUSH_UP","BODYWEIGHT_VERTICAL_PUSH","DERIVED_FROM_MOVEMENT_FAMILY","movementFamily+movementSubtype","Overhead push family; stability detail stays in secondary tags.","primaryStressProfile|secondaryStressTags|tendonStressTags|ligamentJointStabilityStressTags|jointImpactStressTags|cognitiveStressTags|sportContextTags|recoveryDecayProfile|stressMagnitudeHint","primaryStressProfile|secondaryStressTags|tendonStressTags|ligamentJointStabilityStressTags|jointImpactStressTags|cognitiveStressTags|sportContextTags|recoveryDecayProfile|stressMagnitudeHint","","OVERHEAD_PUSH_STRESS","MEDIUM","HIGH","NO"
"행잉 레그 레이즈","ex_b3f447be","CORE_FLEXION_ANTERIOR_CORE","HANGING_LEG_RAISE","CORE_FLEXION_ACCESSORY","DERIVED_FROM_MOVEMENT_FAMILY","movementFamily+programSlot","Dynamic anterior-core/conditioning pattern.","primaryStressProfile|secondaryStressTags|tendonStressTags|ligamentJointStabilityStressTags|jointImpactStressTags|cognitiveStressTags|sportContextTags|recoveryDecayProfile|stressMagnitudeHint","primaryStressProfile|secondaryStressTags|tendonStressTags|ligamentJointStabilityStressTags|jointImpactStressTags|cognitiveStressTags|sportContextTags|recoveryDecayProfile|stressMagnitudeHint","","DYNAMIC_CORE_FLEXION_STRESS","SHORT","MODERATE","NO"
"힙 어덕션","ex_eaea872c","HIP_ADDUCTION_ACCESSORY","HIP_ADDUCTION_MACHINE_OR_CABLE","HIP_ADDUCTOR_ACCESSORY","DERIVED_FROM_MOVEMENT_FAMILY","movementFamily+proposedFatigueProfile","Ordinary isolation/accessory family with conservative local stress.","primaryStressProfile|secondaryStressTags|tendonStressTags|ligamentJointStabilityStressTags|jointImpactStressTags|cognitiveStressTags|sportContextTags|recoveryDecayProfile|stressMagnitudeHint","primaryStressProfile|secondaryStressTags|tendonStressTags|ligamentJointStabilityStressTags|jointImpactStressTags|cognitiveStressTags|sportContextTags|recoveryDecayProfile|stressMagnitudeHint","","ISOLATION_ACCESSORY_STRESS","SHORT","LOW","NO"
"힙 어브덕션","ex_728da646","HIP_ABDUCTION_GLUTE_MED_ACCESSORY","HIP_ABDUCTION_MACHINE","HIP_ABDUCTOR_GLUTE_MED_ACCESSORY","DERIVED_FROM_MOVEMENT_FAMILY","movementFamily+proposedFatigueProfile","Ordinary isolation/accessory family with conservative local stress.","primaryStressProfile|secondaryStressTags|tendonStressTags|ligamentJointStabilityStressTags|jointImpactStressTags|cognitiveStressTags|sportContextTags|recoveryDecayProfile|stressMagnitudeHint","primaryStressProfile|secondaryStressTags|tendonStressTags|ligamentJointStabilityStressTags|jointImpactStressTags|cognitiveStressTags|sportContextTags|recoveryDecayProfile|stressMagnitudeHint","","ISOLATION_ACCESSORY_STRESS","SHORT","LOW","NO"
"30초 반복 스매시 테스트","ex_91d8430b","BADMINTON_OVERHEAD_POWER_TEST_REVIEW","BADMINTON_OVERHEAD_POWER_TEST","NOT_PROGRAM_SELECTABLE","DERIVED_FROM_PROPOSED_FATIGUE_PROFILE","proposedFatigueProfile+movementSubtype","Overhead repeated-effort badminton test marker.","primaryStressProfile|secondaryStressTags|tendonStressTags|ligamentJointStabilityStressTags|jointImpactStressTags|recoveryDecayProfile|stressMagnitudeHint","primaryStressProfile|secondaryStressTags|tendonStressTags|ligamentJointStabilityStressTags|jointImpactStressTags|recoveryDecayProfile|stressMagnitudeHint","","OVERHEAD_RACKET_STRESS","MEDIUM","MODERATE","NO"
"6방향 랜덤 콕줍기","ex_bc84eb7f","FOOTWORK_SPLIT_STEP_REACTION_DRILL_VARIANTS","NEEDS_SUBTYPE_REVIEW","BADMINTON_FOOTWORK","DERIVED_FROM_MOVEMENT_FAMILY","movementFamily+proposedFatigueProfile","Explicit badminton footwork family; only clearly repeated/maximal/high-intensity rows receive high magnitude.","primaryStressProfile|secondaryStressTags|tendonStressTags|ligamentJointStabilityStressTags|jointImpactStressTags|recoveryDecayProfile|stressMagnitudeHint","primaryStressProfile|secondaryStressTags|tendonStressTags|ligamentJointStabilityStressTags|jointImpactStressTags|recoveryDecayProfile|stressMagnitudeHint","","COURT_SPORT_MOVEMENT_STRESS","MEDIUM","MODERATE","NO"
"6코너 섀도우 풋워크","ex_33841b88","FOOTWORK_SPLIT_STEP_REACTION_DRILL_VARIANTS","SIX_CORNER_FOOTWORK","BADMINTON_FOOTWORK","DERIVED_FROM_MOVEMENT_FAMILY","movementFamily+proposedFatigueProfile","Explicit badminton footwork family; only clearly repeated/maximal/high-intensity rows receive high magnitude.","primaryStressProfile|secondaryStressTags|tendonStressTags|ligamentJointStabilityStressTags|jointImpactStressTags|recoveryDecayProfile|stressMagnitudeHint","primaryStressProfile|secondaryStressTags|tendonStressTags|ligamentJointStabilityStressTags|jointImpactStressTags|recoveryDecayProfile|stressMagnitudeHint","","COURT_SPORT_MOVEMENT_STRESS","MEDIUM","MODERATE","NO"
"6코너 풋워크 최대반복 테스트","ex_c7977dfd","FOOTWORK_SPLIT_STEP_REACTION_DRILL_VARIANTS","NEEDS_SUBTYPE_REVIEW","BADMINTON_FOOTWORK","DERIVED_FROM_MOVEMENT_FAMILY","movementFamily+proposedFatigueProfile","Explicit badminton footwork family; only clearly repeated/maximal/high-intensity rows receive high magnitude.","primaryStressProfile|secondaryStressTags|tendonStressTags|ligamentJointStabilityStressTags|jointImpactStressTags|recoveryDecayProfile|stressMagnitudeHint","primaryStressProfile|secondaryStressTags|tendonStressTags|ligamentJointStabilityStressTags|jointImpactStressTags|recoveryDecayProfile|stressMagnitudeHint","","COURT_SPORT_MOVEMENT_STRESS","LONG","HIGH","NO"
"A스킵","ex_a12de111","RUNNING_MECHANICS_SUPPORT_REVIEW","NEEDS_SUBTYPE_REVIEW","RUNNING_MECHANICS_SUPPORT_REVIEW","DERIVED_FROM_PROPOSED_FATIGUE_PROFILE","proposedFatigueProfile","Existing elastic-SSC and neural-speed metadata supports ankle reactive stress without direct badminton classification.","primaryStressProfile|secondaryStressTags|tendonStressTags|ligamentJointStabilityStressTags|jointImpactStressTags|recoveryDecayProfile|stressMagnitudeHint","primaryStressProfile|secondaryStressTags|tendonStressTags|ligamentJointStabilityStressTags|jointImpactStressTags|recoveryDecayProfile|stressMagnitudeHint","","ANKLE_SSC_REACTIVE_STRESS","MEDIUM","MODERATE","NO"
"B스킵","ex_a12de4d2","RUNNING_MECHANICS_SUPPORT_REVIEW","NEEDS_SUBTYPE_REVIEW","RUNNING_MECHANICS_SUPPORT_REVIEW","DERIVED_FROM_PROPOSED_FATIGUE_PROFILE","proposedFatigueProfile","Existing elastic-SSC and neural-speed metadata supports ankle reactive stress without direct badminton classification.","primaryStressProfile|secondaryStressTags|tendonStressTags|ligamentJointStabilityStressTags|jointImpactStressTags|recoveryDecayProfile|stressMagnitudeHint","primaryStressProfile|secondaryStressTags|tendonStressTags|ligamentJointStabilityStressTags|jointImpactStressTags|recoveryDecayProfile|stressMagnitudeHint","","ANKLE_SSC_REACTIVE_STRESS","MEDIUM","MODERATE","NO"
"가벼운 콕줍기","ex_216351a1","FOOTWORK_SPLIT_STEP_REACTION_DRILL_VARIANTS","NEEDS_SUBTYPE_REVIEW","BADMINTON_FOOTWORK","DERIVED_FROM_MOVEMENT_FAMILY","movementFamily+proposedFatigueProfile","Explicit badminton footwork family; only clearly repeated/maximal/high-intensity rows receive high magnitude.","primaryStressProfile|secondaryStressTags|tendonStressTags|ligamentJointStabilityStressTags|jointImpactStressTags|recoveryDecayProfile|stressMagnitudeHint","primaryStressProfile|secondaryStressTags|tendonStressTags|ligamentJointStabilityStressTags|jointImpactStressTags|recoveryDecayProfile|stressMagnitudeHint","","COURT_SPORT_MOVEMENT_STRESS","MEDIUM","MODERATE","NO"
"고블릿 스쿼트","ex_ac7df636","SQUAT_VARIANTS","GOBLET_SQUAT","KNEE_DOMINANT_ACCESSORY","DERIVED_FROM_PROGRAM_SLOT","programSlot+movementSubtype","Bodyweight/goblet knee-dominant pattern is kept below heavy axial stress.","primaryStressProfile|secondaryStressTags|tendonStressTags|ligamentJointStabilityStressTags|jointImpactStressTags|cognitiveStressTags|sportContextTags|recoveryDecayProfile|stressMagnitudeHint","primaryStressProfile|secondaryStressTags|tendonStressTags|ligamentJointStabilityStressTags|jointImpactStressTags|cognitiveStressTags|sportContextTags|recoveryDecayProfile|stressMagnitudeHint","","LOW_LOAD_PREHAB_CONTROL_STRESS","SHORT","LOW","NO"
"데드버그","ex_d5bdffe1","ANTI_ROTATION_ANTI_EXTENSION_CORE","","CORE_STABILITY_ACCESSORY","DERIVED_FROM_MOVEMENT_FAMILY","movementFamily","Anti-rotation/anti-extension core family maps to isometric bracing.","primaryStressProfile|secondaryStressTags|tendonStressTags|ligamentJointStabilityStressTags|jointImpactStressTags|cognitiveStressTags|sportContextTags|recoveryDecayProfile|stressMagnitudeHint","primaryStressProfile|secondaryStressTags|tendonStressTags|ligamentJointStabilityStressTags|jointImpactStressTags|cognitiveStressTags|sportContextTags|recoveryDecayProfile|stressMagnitudeHint","","ISOMETRIC_CORE_BRACING_STRESS","SHORT","LOW","NO"
"래터럴 스텝다운","ex_69a56484","STEP_UP_VARIANTS","","UNILATERAL_LOWER_ACCESSORY","DERIVED_FROM_MOVEMENT_FAMILY","movementFamily+programSlot","Step-up family is unilateral lower stability work.","primaryStressProfile|secondaryStressTags|tendonStressTags|ligamentJointStabilityStressTags|jointImpactStressTags|cognitiveStressTags|sportContextTags|recoveryDecayProfile|stressMagnitudeHint","primaryStressProfile|secondaryStressTags|tendonStressTags|ligamentJointStabilityStressTags|jointImpactStressTags|cognitiveStressTags|sportContextTags|recoveryDecayProfile|stressMagnitudeHint","","UNILATERAL_LOWER_STABILITY_STRESS","MEDIUM","MODERATE","NO"
"랜덤 방향전환 드릴","ex_64422511","FOOTWORK_SPLIT_STEP_REACTION_DRILL_VARIANTS","NEEDS_SUBTYPE_REVIEW","BADMINTON_FOOTWORK","DERIVED_FROM_MOVEMENT_FAMILY","movementFamily+proposedFatigueProfile","Explicit badminton footwork family; only clearly repeated/maximal/high-intensity rows receive high magnitude.","primaryStressProfile|secondaryStressTags|tendonStressTags|ligamentJointStabilityStressTags|jointImpactStressTags|recoveryDecayProfile|stressMagnitudeHint","primaryStressProfile|secondaryStressTags|tendonStressTags|ligamentJointStabilityStressTags|jointImpactStressTags|recoveryDecayProfile|stressMagnitudeHint","","COURT_SPORT_MOVEMENT_STRESS","MEDIUM","MODERATE","NO"
"랜덤 비프 풋워크","ex_c5f4c242","FOOTWORK_SPLIT_STEP_REACTION_DRILL_VARIANTS","RANDOM_BEEP_FOOTWORK","BADMINTON_FOOTWORK","DERIVED_FROM_MOVEMENT_FAMILY","movementFamily+proposedFatigueProfile","Explicit badminton footwork family; only clearly repeated/maximal/high-intensity rows receive high magnitude.","primaryStressProfile|secondaryStressTags|tendonStressTags|ligamentJointStabilityStressTags|jointImpactStressTags|recoveryDecayProfile|stressMagnitudeHint","primaryStressProfile|secondaryStressTags|tendonStressTags|ligamentJointStabilityStressTags|jointImpactStressTags|recoveryDecayProfile|stressMagnitudeHint","","COURT_SPORT_MOVEMENT_STRESS","MEDIUM","MODERATE","NO"
"랜덤 풋워크","ex_1c7f2342","FOOTWORK_SPLIT_STEP_REACTION_DRILL_VARIANTS","NEEDS_SUBTYPE_REVIEW","BADMINTON_FOOTWORK","DERIVED_FROM_MOVEMENT_FAMILY","movementFamily+proposedFatigueProfile","Explicit badminton footwork family; only clearly repeated/maximal/high-intensity rows receive high magnitude.","primaryStressProfile|secondaryStressTags|tendonStressTags|ligamentJointStabilityStressTags|jointImpactStressTags|recoveryDecayProfile|stressMagnitudeHint","primaryStressProfile|secondaryStressTags|tendonStressTags|ligamentJointStabilityStressTags|jointImpactStressTags|recoveryDecayProfile|stressMagnitudeHint","","COURT_SPORT_MOVEMENT_STRESS","MEDIUM","MODERATE","NO"
"린단 참고 페이스 체인지 풋워크","ex_5004ca76","FOOTWORK_SPLIT_STEP_REACTION_DRILL_VARIANTS","NEEDS_SUBTYPE_REVIEW","BADMINTON_FOOTWORK","DERIVED_FROM_MOVEMENT_FAMILY","movementFamily+proposedFatigueProfile","Explicit badminton footwork family; only clearly repeated/maximal/high-intensity rows receive high magnitude.","primaryStressProfile|secondaryStressTags|tendonStressTags|ligamentJointStabilityStressTags|jointImpactStressTags|recoveryDecayProfile|stressMagnitudeHint","primaryStressProfile|secondaryStressTags|tendonStressTags|ligamentJointStabilityStressTags|jointImpactStressTags|recoveryDecayProfile|stressMagnitudeHint","","COURT_SPORT_MOVEMENT_STRESS","MEDIUM","MODERATE","NO"
"멀티셔틀 풋워크","ex_752b45ae","FOOTWORK_SPLIT_STEP_REACTION_DRILL_VARIANTS","NEEDS_SUBTYPE_REVIEW","BADMINTON_FOOTWORK","DERIVED_FROM_MOVEMENT_FAMILY","movementFamily+proposedFatigueProfile","Explicit badminton footwork family; only clearly repeated/maximal/high-intensity rows receive high magnitude.","primaryStressProfile|secondaryStressTags|tendonStressTags|ligamentJointStabilityStressTags|jointImpactStressTags|recoveryDecayProfile|stressMagnitudeHint","primaryStressProfile|secondaryStressTags|tendonStressTags|ligamentJointStabilityStressTags|jointImpactStressTags|recoveryDecayProfile|stressMagnitudeHint","","COURT_SPORT_MOVEMENT_STRESS","LONG","HIGH","NO"
"미니밴드 사이드워크","ex_16b298db","HIP_ABDUCTION_GLUTE_MED_ACCESSORY","MINIBAND_SIDEWALK","HIP_ABDUCTOR_GLUTE_MED_ACCESSORY","DERIVED_FROM_MOVEMENT_FAMILY","movementFamily+proposedFatigueProfile","Ordinary isolation/accessory family with conservative local stress.","primaryStressProfile|secondaryStressTags|tendonStressTags|ligamentJointStabilityStressTags|jointImpactStressTags|cognitiveStressTags|sportContextTags|recoveryDecayProfile|stressMagnitudeHint","primaryStressProfile|secondaryStressTags|tendonStressTags|ligamentJointStabilityStressTags|jointImpactStressTags|cognitiveStressTags|sportContextTags|recoveryDecayProfile|stressMagnitudeHint","","ISOLATION_ACCESSORY_STRESS","SHORT","LOW","NO"
"박스 스텝업","ex_6232f4bc","STEP_UP_VARIANTS","","UNILATERAL_LOWER_ACCESSORY","DERIVED_FROM_MOVEMENT_FAMILY","movementFamily+programSlot","Step-up family is unilateral lower stability work.","primaryStressProfile|secondaryStressTags|tendonStressTags|ligamentJointStabilityStressTags|jointImpactStressTags|cognitiveStressTags|sportContextTags|recoveryDecayProfile|stressMagnitudeHint","primaryStressProfile|secondaryStressTags|tendonStressTags|ligamentJointStabilityStressTags|jointImpactStressTags|cognitiveStressTags|sportContextTags|recoveryDecayProfile|stressMagnitudeHint","","UNILATERAL_LOWER_STABILITY_STRESS","MEDIUM","MODERATE","NO"
"발목/고관절 가동성","ex_149730de","MOBILITY_WARMUP_RECOVERY_EXERCISES","","MOBILITY_RECOVERY","DERIVED_FROM_MOVEMENT_FAMILY","movementFamily+programSlot","Mobility/recovery family.","primaryStressProfile|secondaryStressTags|tendonStressTags|ligamentJointStabilityStressTags|jointImpactStressTags|cognitiveStressTags|sportContextTags|recoveryDecayProfile|stressMagnitudeHint","primaryStressProfile|secondaryStressTags|tendonStressTags|ligamentJointStabilityStressTags|jointImpactStressTags|cognitiveStressTags|sportContextTags|recoveryDecayProfile|stressMagnitudeHint","","MOBILITY_RECOVERY_STRESS","SHORT","LOW","NO"
"사이드 플랭크","ex_f6d43398","ANTI_ROTATION_ANTI_EXTENSION_CORE","","CORE_STABILITY_ACCESSORY","DERIVED_FROM_MOVEMENT_FAMILY","movementFamily","Anti-rotation/anti-extension core family maps to isometric bracing.","primaryStressProfile|secondaryStressTags|tendonStressTags|ligamentJointStabilityStressTags|jointImpactStressTags|cognitiveStressTags|sportContextTags|recoveryDecayProfile|stressMagnitudeHint","primaryStressProfile|secondaryStressTags|tendonStressTags|ligamentJointStabilityStressTags|jointImpactStressTags|cognitiveStressTags|sportContextTags|recoveryDecayProfile|stressMagnitudeHint","","ISOMETRIC_CORE_BRACING_STRESS","SHORT","LOW","NO"
"셔틀런","ex_a4040be3","FOOTWORK_SPLIT_STEP_REACTION_DRILL_VARIANTS","NEEDS_SUBTYPE_REVIEW","BADMINTON_FOOTWORK","DERIVED_FROM_MOVEMENT_FAMILY","movementFamily+proposedFatigueProfile","Explicit badminton footwork family; only clearly repeated/maximal/high-intensity rows receive high magnitude.","primaryStressProfile|secondaryStressTags|tendonStressTags|ligamentJointStabilityStressTags|jointImpactStressTags|recoveryDecayProfile|stressMagnitudeHint","primaryStressProfile|secondaryStressTags|tendonStressTags|ligamentJointStabilityStressTags|jointImpactStressTags|recoveryDecayProfile|stressMagnitudeHint","","COURT_SPORT_MOVEMENT_STRESS","MEDIUM","MODERATE","NO"
"스캡 푸시업","ex_c4535de3","SERRATUS_SCAPULAR_PROTRACTION_CONTROL_VARIANTS","SCAPULAR_PUSH_UP","RECOVERY_PREHAB_SCAPULAR_CONTROL","DERIVED_FROM_MOVEMENT_FAMILY","movementFamily+programSlot","Low-load control/prehab classification.","primaryStressProfile|secondaryStressTags|tendonStressTags|ligamentJointStabilityStressTags|jointImpactStressTags|cognitiveStressTags|sportContextTags|recoveryDecayProfile|stressMagnitudeHint","primaryStressProfile|secondaryStressTags|tendonStressTags|ligamentJointStabilityStressTags|jointImpactStressTags|cognitiveStressTags|sportContextTags|recoveryDecayProfile|stressMagnitudeHint","","LOW_LOAD_PREHAB_CONTROL_STRESS","SHORT","LOW","NO"
"스케이터 스쿼트","ex_ee378da7","SQUAT_VARIANTS","SKATER_SQUAT","UNILATERAL_LOWER_ACCESSORY","DERIVED_FROM_PROGRAM_SLOT","programSlot+movementSubtype","Unilateral squat accessory prioritizes lower-body stability.","primaryStressProfile|secondaryStressTags|tendonStressTags|ligamentJointStabilityStressTags|jointImpactStressTags|cognitiveStressTags|sportContextTags|recoveryDecayProfile|stressMagnitudeHint","primaryStressProfile|secondaryStressTags|tendonStressTags|ligamentJointStabilityStressTags|jointImpactStressTags|cognitiveStressTags|sportContextTags|recoveryDecayProfile|stressMagnitudeHint","","UNILATERAL_LOWER_STABILITY_STRESS","MEDIUM","MODERATE","NO"
"스킵 바운드","ex_c4ea0a2a","RUNNING_MECHANICS_SUPPORT_REVIEW","NEEDS_SUBTYPE_REVIEW","RUNNING_MECHANICS_SUPPORT_REVIEW","DERIVED_FROM_PROPOSED_FATIGUE_PROFILE","proposedFatigueProfile","Existing elastic-SSC and neural-speed metadata supports ankle reactive stress without direct badminton classification.","primaryStressProfile|secondaryStressTags|tendonStressTags|ligamentJointStabilityStressTags|jointImpactStressTags|recoveryDecayProfile|stressMagnitudeHint","primaryStressProfile|secondaryStressTags|tendonStressTags|ligamentJointStabilityStressTags|jointImpactStressTags|recoveryDecayProfile|stressMagnitudeHint","","ANKLE_SSC_REACTIVE_STRESS","MEDIUM","MODERATE","NO"
"스트라이드","ex_c5c2fdef","RUNNING_MECHANICS_SUPPORT_REVIEW","NEEDS_SUBTYPE_REVIEW","RUNNING_MECHANICS_SUPPORT_REVIEW","DERIVED_FROM_PROPOSED_FATIGUE_PROFILE","proposedFatigueProfile","Existing elastic-SSC and neural-speed metadata supports ankle reactive stress without direct badminton classification.","primaryStressProfile|secondaryStressTags|tendonStressTags|ligamentJointStabilityStressTags|jointImpactStressTags|recoveryDecayProfile|stressMagnitudeHint","primaryStressProfile|secondaryStressTags|tendonStressTags|ligamentJointStabilityStressTags|jointImpactStressTags|recoveryDecayProfile|stressMagnitudeHint","","ANKLE_SSC_REACTIVE_STRESS","MEDIUM","MODERATE","NO"
"스트레칭","ex_dd16e07a","MOBILITY_WARMUP_RECOVERY_EXERCISES","","MOBILITY_RECOVERY","DERIVED_FROM_MOVEMENT_FAMILY","movementFamily+programSlot","Mobility/recovery family.","primaryStressProfile|secondaryStressTags|tendonStressTags|ligamentJointStabilityStressTags|jointImpactStressTags|cognitiveStressTags|sportContextTags|recoveryDecayProfile|stressMagnitudeHint","primaryStressProfile|secondaryStressTags|tendonStressTags|ligamentJointStabilityStressTags|jointImpactStressTags|cognitiveStressTags|sportContextTags|recoveryDecayProfile|stressMagnitudeHint","","MOBILITY_RECOVERY_STRESS","SHORT","LOW","NO"
"스플릿 스텝","ex_c6d9efef","FOOTWORK_SPLIT_STEP_REACTION_DRILL_VARIANTS","NEEDS_SUBTYPE_REVIEW","BADMINTON_FOOTWORK","DERIVED_FROM_MOVEMENT_FAMILY","movementFamily+proposedFatigueProfile","Explicit badminton footwork family; only clearly repeated/maximal/high-intensity rows receive high magnitude.","primaryStressProfile|secondaryStressTags|tendonStressTags|ligamentJointStabilityStressTags|jointImpactStressTags|recoveryDecayProfile|stressMagnitudeHint","primaryStressProfile|secondaryStressTags|tendonStressTags|ligamentJointStabilityStressTags|jointImpactStressTags|recoveryDecayProfile|stressMagnitudeHint","","COURT_SPORT_MOVEMENT_STRESS","MEDIUM","MODERATE","NO"
"스플릿 스텝 리액션","ex_8e69fc74","FOOTWORK_SPLIT_STEP_REACTION_DRILL_VARIANTS","NEEDS_SUBTYPE_REVIEW","BADMINTON_FOOTWORK","DERIVED_FROM_MOVEMENT_FAMILY","movementFamily+proposedFatigueProfile","Explicit badminton footwork family; only clearly repeated/maximal/high-intensity rows receive high magnitude.","primaryStressProfile|secondaryStressTags|tendonStressTags|ligamentJointStabilityStressTags|jointImpactStressTags|recoveryDecayProfile|stressMagnitudeHint","primaryStressProfile|secondaryStressTags|tendonStressTags|ligamentJointStabilityStressTags|jointImpactStressTags|recoveryDecayProfile|stressMagnitudeHint","","COURT_SPORT_MOVEMENT_STRESS","MEDIUM","MODERATE","NO"
"스플릿 스텝 후 좌우 런지","ex_377448a9","BADMINTON_REACTIVE_LUNGE_FOOTWORK_REVIEW","SPLIT_STEP_LATERAL_REACTIVE_LUNGE","BADMINTON_FOOTWORK_REVIEW","DERIVED_FROM_PROPOSED_FATIGUE_PROFILE","proposedFatigueProfile+movementSubtype","Reactive split-step lunge has explicit deceleration and court context.","primaryStressProfile|secondaryStressTags|tendonStressTags|ligamentJointStabilityStressTags|jointImpactStressTags|recoveryDecayProfile|stressMagnitudeHint","primaryStressProfile|secondaryStressTags|tendonStressTags|ligamentJointStabilityStressTags|jointImpactStressTags|recoveryDecayProfile|stressMagnitudeHint","","LUNGE_DECELERATION_STRESS","LONG","HIGH","NO"
"싱글 레그 RDL","single_leg_rdl","DEADLIFT_HINGE_VARIANTS","SINGLE_LEG_RDL","UNILATERAL_HINGE_ACCESSORY","DERIVED_FROM_PROGRAM_SLOT","programSlot+movementSubtype","Unilateral/accessory hinge prioritizes stability rather than heavy-hinge recovery.","primaryStressProfile|secondaryStressTags|tendonStressTags|ligamentJointStabilityStressTags|jointImpactStressTags|cognitiveStressTags|sportContextTags|recoveryDecayProfile|stressMagnitudeHint","primaryStressProfile|secondaryStressTags|tendonStressTags|ligamentJointStabilityStressTags|jointImpactStressTags|cognitiveStressTags|sportContextTags|recoveryDecayProfile|stressMagnitudeHint","","UNILATERAL_LOWER_STABILITY_STRESS","MEDIUM","MODERATE","NO"
"싱글 레그 박스 스쿼트","ex_85f12271","SQUAT_VARIANTS","SINGLE_LEG_BOX_SQUAT","UNILATERAL_LOWER_ACCESSORY","DERIVED_FROM_PROGRAM_SLOT","programSlot+movementSubtype","Unilateral squat accessory prioritizes lower-body stability.","primaryStressProfile|secondaryStressTags|tendonStressTags|ligamentJointStabilityStressTags|jointImpactStressTags|cognitiveStressTags|sportContextTags|recoveryDecayProfile|stressMagnitudeHint","primaryStressProfile|secondaryStressTags|tendonStressTags|ligamentJointStabilityStressTags|jointImpactStressTags|cognitiveStressTags|sportContextTags|recoveryDecayProfile|stressMagnitudeHint","","UNILATERAL_LOWER_STABILITY_STRESS","MEDIUM","MODERATE","NO"
"안세영 참고 고강도 랠리 풋워크","ex_c1bf2aa8","FOOTWORK_SPLIT_STEP_REACTION_DRILL_VARIANTS","NEEDS_SUBTYPE_REVIEW","BADMINTON_FOOTWORK","DERIVED_FROM_MOVEMENT_FAMILY","movementFamily+proposedFatigueProfile","Explicit badminton footwork family; only clearly repeated/maximal/high-intensity rows receive high magnitude.","primaryStressProfile|secondaryStressTags|tendonStressTags|ligamentJointStabilityStressTags|jointImpactStressTags|recoveryDecayProfile|stressMagnitudeHint","primaryStressProfile|secondaryStressTags|tendonStressTags|ligamentJointStabilityStressTags|jointImpactStressTags|recoveryDecayProfile|stressMagnitudeHint","","COURT_SPORT_MOVEMENT_STRESS","LONG","HIGH","NO"
"앙클링","ex_a412dd45","RUNNING_MECHANICS_SUPPORT_REVIEW","NEEDS_SUBTYPE_REVIEW","RUNNING_MECHANICS_SUPPORT_REVIEW","DERIVED_FROM_PROPOSED_FATIGUE_PROFILE","proposedFatigueProfile","Existing elastic-SSC and neural-speed metadata supports ankle reactive stress without direct badminton classification.","primaryStressProfile|secondaryStressTags|tendonStressTags|ligamentJointStabilityStressTags|jointImpactStressTags|recoveryDecayProfile|stressMagnitudeHint","primaryStressProfile|secondaryStressTags|tendonStressTags|ligamentJointStabilityStressTags|jointImpactStressTags|recoveryDecayProfile|stressMagnitudeHint","","ANKLE_SSC_REACTIVE_STRESS","MEDIUM","MODERATE","NO"
"앞뒤 랜덤 콕줍기","ex_4255e429","FOOTWORK_SPLIT_STEP_REACTION_DRILL_VARIANTS","NEEDS_SUBTYPE_REVIEW","BADMINTON_FOOTWORK","DERIVED_FROM_MOVEMENT_FAMILY","movementFamily+proposedFatigueProfile","Explicit badminton footwork family; only clearly repeated/maximal/high-intensity rows receive high magnitude.","primaryStressProfile|secondaryStressTags|tendonStressTags|ligamentJointStabilityStressTags|jointImpactStressTags|recoveryDecayProfile|stressMagnitudeHint","primaryStressProfile|secondaryStressTags|tendonStressTags|ligamentJointStabilityStressTags|jointImpactStressTags|recoveryDecayProfile|stressMagnitudeHint","","COURT_SPORT_MOVEMENT_STRESS","MEDIUM","MODERATE","NO"
"애질리티 래더","ex_2055b629","FOOTWORK_SPLIT_STEP_REACTION_DRILL_VARIANTS","NEEDS_SUBTYPE_REVIEW","BADMINTON_FOOTWORK","DERIVED_FROM_MOVEMENT_FAMILY","movementFamily+proposedFatigueProfile","Explicit badminton footwork family; only clearly repeated/maximal/high-intensity rows receive high magnitude.","primaryStressProfile|secondaryStressTags|tendonStressTags|ligamentJointStabilityStressTags|jointImpactStressTags|recoveryDecayProfile|stressMagnitudeHint","primaryStressProfile|secondaryStressTags|tendonStressTags|ligamentJointStabilityStressTags|jointImpactStressTags|recoveryDecayProfile|stressMagnitudeHint","","COURT_SPORT_MOVEMENT_STRESS","MEDIUM","MODERATE","NO"
"원암 하프 닐링 프레스","ex_8380d7fe","HALF_KNEELING_UNILATERAL_SHOULDER_PRESS_VARIANTS","HALF_KNEELING_SINGLE_ARM_PRESS","UNILATERAL_SHOULDER_PRESS","DERIVED_FROM_MOVEMENT_FAMILY","movementFamily+movementSubtype","Overhead push family; stability detail stays in secondary tags.","primaryStressProfile|secondaryStressTags|tendonStressTags|ligamentJointStabilityStressTags|jointImpactStressTags|cognitiveStressTags|sportContextTags|recoveryDecayProfile|stressMagnitudeHint","primaryStressProfile|secondaryStressTags|tendonStressTags|ligamentJointStabilityStressTags|jointImpactStressTags|cognitiveStressTags|sportContextTags|recoveryDecayProfile|stressMagnitudeHint","","OVERHEAD_PUSH_STRESS","MEDIUM","MODERATE","NO"
"월 드라이브","ex_f332aeab","RUNNING_MECHANICS_SUPPORT_REVIEW","NEEDS_SUBTYPE_REVIEW","RUNNING_MECHANICS_SUPPORT_REVIEW","DERIVED_FROM_PROPOSED_FATIGUE_PROFILE","proposedFatigueProfile","Existing elastic-SSC and neural-speed metadata supports ankle reactive stress without direct badminton classification.","primaryStressProfile|secondaryStressTags|tendonStressTags|ligamentJointStabilityStressTags|jointImpactStressTags|recoveryDecayProfile|stressMagnitudeHint","primaryStressProfile|secondaryStressTags|tendonStressTags|ligamentJointStabilityStressTags|jointImpactStressTags|recoveryDecayProfile|stressMagnitudeHint","","ANKLE_SSC_REACTIVE_STRESS","MEDIUM","MODERATE","NO"
"월 슬라이드","ex_f97a05ab","SCAPULAR_CONTROL_RECOVERY_PREHAB_VARIANTS","WALL_SLIDE","RECOVERY_PREHAB_SCAPULAR_CONTROL","DERIVED_FROM_MOVEMENT_FAMILY","movementFamily+programSlot","Low-load control/prehab classification.","primaryStressProfile|secondaryStressTags|tendonStressTags|ligamentJointStabilityStressTags|jointImpactStressTags|cognitiveStressTags|sportContextTags|recoveryDecayProfile|stressMagnitudeHint","primaryStressProfile|secondaryStressTags|tendonStressTags|ligamentJointStabilityStressTags|jointImpactStressTags|cognitiveStressTags|sportContextTags|recoveryDecayProfile|stressMagnitudeHint","","LOW_LOAD_PREHAB_CONTROL_STRESS","SHORT","LOW","NO"
"좌우 랜덤 콕줍기","ex_421ba24b","FOOTWORK_SPLIT_STEP_REACTION_DRILL_VARIANTS","NEEDS_SUBTYPE_REVIEW","BADMINTON_FOOTWORK","DERIVED_FROM_MOVEMENT_FAMILY","movementFamily+proposedFatigueProfile","Explicit badminton footwork family; only clearly repeated/maximal/high-intensity rows receive high magnitude.","primaryStressProfile|secondaryStressTags|tendonStressTags|ligamentJointStabilityStressTags|jointImpactStressTags|recoveryDecayProfile|stressMagnitudeHint","primaryStressProfile|secondaryStressTags|tendonStressTags|ligamentJointStabilityStressTags|jointImpactStressTags|recoveryDecayProfile|stressMagnitudeHint","","COURT_SPORT_MOVEMENT_STRESS","MEDIUM","MODERATE","NO"
"코사크 스쿼트","ex_a611010d","SQUAT_VARIANTS","COSSACK_SQUAT","UNILATERAL_LOWER_ACCESSORY","DERIVED_FROM_PROGRAM_SLOT","programSlot+movementSubtype","Unilateral squat accessory prioritizes lower-body stability.","primaryStressProfile|secondaryStressTags|tendonStressTags|ligamentJointStabilityStressTags|jointImpactStressTags|cognitiveStressTags|sportContextTags|recoveryDecayProfile|stressMagnitudeHint","primaryStressProfile|secondaryStressTags|tendonStressTags|ligamentJointStabilityStressTags|jointImpactStressTags|cognitiveStressTags|sportContextTags|recoveryDecayProfile|stressMagnitudeHint","","UNILATERAL_LOWER_STABILITY_STRESS","MEDIUM","MODERATE","NO"
"코펜하겐 플랭크","ex_a8385c4a","ANTI_ROTATION_ANTI_EXTENSION_CORE","","CORE_STABILITY_ACCESSORY","DERIVED_FROM_MOVEMENT_FAMILY","movementFamily","Anti-rotation/anti-extension core family maps to isometric bracing.","primaryStressProfile|secondaryStressTags|tendonStressTags|ligamentJointStabilityStressTags|jointImpactStressTags|cognitiveStressTags|sportContextTags|recoveryDecayProfile|stressMagnitudeHint","primaryStressProfile|secondaryStressTags|tendonStressTags|ligamentJointStabilityStressTags|jointImpactStressTags|cognitiveStressTags|sportContextTags|recoveryDecayProfile|stressMagnitudeHint","","ISOMETRIC_CORE_BRACING_STRESS","SHORT","LOW","NO"
"콘 드릴","ex_a4350c0f","FOOTWORK_SPLIT_STEP_REACTION_DRILL_VARIANTS","NEEDS_SUBTYPE_REVIEW","BADMINTON_FOOTWORK","DERIVED_FROM_MOVEMENT_FAMILY","movementFamily+proposedFatigueProfile","Explicit badminton footwork family; only clearly repeated/maximal/high-intensity rows receive high magnitude.","primaryStressProfile|secondaryStressTags|tendonStressTags|ligamentJointStabilityStressTags|jointImpactStressTags|recoveryDecayProfile|stressMagnitudeHint","primaryStressProfile|secondaryStressTags|tendonStressTags|ligamentJointStabilityStressTags|jointImpactStressTags|recoveryDecayProfile|stressMagnitudeHint","","COURT_SPORT_MOVEMENT_STRESS","MEDIUM","MODERATE","NO"
"터키시 겟업","ex_91f6958d","TURKISH_GETUP_TOTAL_BODY_STABILITY","TURKISH_GETUP","TOTAL_BODY_STABILITY_SKILL","BLOCKED_FOR_STRESS_BACKFILL","movementFamily+programSlot","Total-body stability skill does not map cleanly to loaded carry, core isometric, or prehab without distorting recovery analysis.","primaryStressProfile|secondaryStressTags|tendonStressTags|ligamentJointStabilityStressTags|jointImpactStressTags|cognitiveStressTags|sportContextTags|recoveryDecayProfile|stressMagnitudeHint","","primaryStressProfile|secondaryStressTags|tendonStressTags|ligamentJointStabilityStressTags|jointImpactStressTags|cognitiveStressTags|sportContextTags|recoveryDecayProfile|stressMagnitudeHint","","","","NO"
"파머스 캐리","ex_a1fc4533","LOADED_CARRY_VARIANTS","","LOADED_CARRY_BRACING","DERIVED_FROM_MOVEMENT_FAMILY","movementFamily","Loaded carry family.","primaryStressProfile|secondaryStressTags|tendonStressTags|ligamentJointStabilityStressTags|jointImpactStressTags|cognitiveStressTags|sportContextTags|recoveryDecayProfile|stressMagnitudeHint","primaryStressProfile|secondaryStressTags|tendonStressTags|ligamentJointStabilityStressTags|jointImpactStressTags|cognitiveStressTags|sportContextTags|recoveryDecayProfile|stressMagnitudeHint","","LOADED_CARRY_BRACING_STRESS","MEDIUM","MODERATE","NO"
"팔로프 프레스","ex_99728d25","ANTI_ROTATION_ANTI_EXTENSION_CORE_VARIANTS","PALLOF_PRESS","CORE_STABILITY","DERIVED_FROM_MOVEMENT_FAMILY","movementFamily","Anti-rotation/anti-extension core family maps to isometric bracing.","primaryStressProfile|secondaryStressTags|tendonStressTags|ligamentJointStabilityStressTags|jointImpactStressTags|cognitiveStressTags|sportContextTags|recoveryDecayProfile|stressMagnitudeHint","primaryStressProfile|secondaryStressTags|tendonStressTags|ligamentJointStabilityStressTags|jointImpactStressTags|cognitiveStressTags|sportContextTags|recoveryDecayProfile|stressMagnitudeHint","","ISOMETRIC_CORE_BRACING_STRESS","SHORT","LOW","NO"
"플랭크","ex_a44ae2ca","ANTI_ROTATION_ANTI_EXTENSION_CORE","","CORE_STABILITY_ACCESSORY","DERIVED_FROM_MOVEMENT_FAMILY","movementFamily","Anti-rotation/anti-extension core family maps to isometric bracing.","primaryStressProfile|secondaryStressTags|tendonStressTags|ligamentJointStabilityStressTags|jointImpactStressTags|cognitiveStressTags|sportContextTags|recoveryDecayProfile|stressMagnitudeHint","primaryStressProfile|secondaryStressTags|tendonStressTags|ligamentJointStabilityStressTags|jointImpactStressTags|cognitiveStressTags|sportContextTags|recoveryDecayProfile|stressMagnitudeHint","","ISOMETRIC_CORE_BRACING_STRESS","SHORT","LOW","NO"
"피스톨 스쿼트","ex_d67e5761","SQUAT_VARIANTS","PISTOL_SQUAT","UNILATERAL_LOWER_ACCESSORY","DERIVED_FROM_PROGRAM_SLOT","programSlot+movementSubtype","Unilateral squat accessory prioritizes lower-body stability.","primaryStressProfile|secondaryStressTags|tendonStressTags|ligamentJointStabilityStressTags|jointImpactStressTags|cognitiveStressTags|sportContextTags|recoveryDecayProfile|stressMagnitudeHint","primaryStressProfile|secondaryStressTags|tendonStressTags|ligamentJointStabilityStressTags|jointImpactStressTags|cognitiveStressTags|sportContextTags|recoveryDecayProfile|stressMagnitudeHint","","UNILATERAL_LOWER_STABILITY_STRESS","MEDIUM","MODERATE","NO"
"하이니 스킵","ex_c821775c","RUNNING_MECHANICS_SUPPORT_REVIEW","NEEDS_SUBTYPE_REVIEW","RUNNING_MECHANICS_SUPPORT_REVIEW","DERIVED_FROM_PROPOSED_FATIGUE_PROFILE","proposedFatigueProfile","Existing elastic-SSC and neural-speed metadata supports ankle reactive stress without direct badminton classification.","primaryStressProfile|secondaryStressTags|tendonStressTags|ligamentJointStabilityStressTags|jointImpactStressTags|recoveryDecayProfile|stressMagnitudeHint","primaryStressProfile|secondaryStressTags|tendonStressTags|ligamentJointStabilityStressTags|jointImpactStressTags|recoveryDecayProfile|stressMagnitudeHint","","ANKLE_SSC_REACTIVE_STRESS","MEDIUM","MODERATE","NO"
"하프 닐링 원암 프레스","ex_8e1b313e","HALF_KNEELING_UNILATERAL_SHOULDER_PRESS_VARIANTS","HALF_KNEELING_SINGLE_ARM_PRESS","UNILATERAL_SHOULDER_PRESS","DERIVED_FROM_MOVEMENT_FAMILY","movementFamily+movementSubtype","Overhead push family; stability detail stays in secondary tags.","primaryStressProfile|secondaryStressTags|tendonStressTags|ligamentJointStabilityStressTags|jointImpactStressTags|cognitiveStressTags|sportContextTags|recoveryDecayProfile|stressMagnitudeHint","primaryStressProfile|secondaryStressTags|tendonStressTags|ligamentJointStabilityStressTags|jointImpactStressTags|cognitiveStressTags|sportContextTags|recoveryDecayProfile|stressMagnitudeHint","","OVERHEAD_PUSH_STRESS","MEDIUM","MODERATE","NO"
"하프 닐링 케틀벨 원암 프레스","ex_d79824d2","HALF_KNEELING_UNILATERAL_SHOULDER_PRESS_VARIANTS","HALF_KNEELING_KETTLEBELL_SINGLE_ARM_PRESS","UNILATERAL_SHOULDER_PRESS","DERIVED_FROM_MOVEMENT_FAMILY","movementFamily+movementSubtype","Overhead push family; stability detail stays in secondary tags.","primaryStressProfile|secondaryStressTags|tendonStressTags|ligamentJointStabilityStressTags|jointImpactStressTags|cognitiveStressTags|sportContextTags|recoveryDecayProfile|stressMagnitudeHint","primaryStressProfile|secondaryStressTags|tendonStressTags|ligamentJointStabilityStressTags|jointImpactStressTags|cognitiveStressTags|sportContextTags|recoveryDecayProfile|stressMagnitudeHint","","OVERHEAD_PUSH_STRESS","MEDIUM","MODERATE","NO"
"하프 닐링 케틀벨 프레스","ex_e0759156","HALF_KNEELING_UNILATERAL_SHOULDER_PRESS_VARIANTS","HALF_KNEELING_SINGLE_ARM_PRESS","UNILATERAL_SHOULDER_PRESS","DERIVED_FROM_MOVEMENT_FAMILY","movementFamily+movementSubtype","Overhead push family; stability detail stays in secondary tags.","primaryStressProfile|secondaryStressTags|tendonStressTags|ligamentJointStabilityStressTags|jointImpactStressTags|cognitiveStressTags|sportContextTags|recoveryDecayProfile|stressMagnitudeHint","primaryStressProfile|secondaryStressTags|tendonStressTags|ligamentJointStabilityStressTags|jointImpactStressTags|cognitiveStressTags|sportContextTags|recoveryDecayProfile|stressMagnitudeHint","","OVERHEAD_PUSH_STRESS","MEDIUM","MODERATE","NO"
"하프 닐링 프레스","ex_66e8c8c2","HALF_KNEELING_UNILATERAL_SHOULDER_PRESS_VARIANTS","HALF_KNEELING_SINGLE_ARM_PRESS","UNILATERAL_SHOULDER_PRESS","DERIVED_FROM_MOVEMENT_FAMILY","movementFamily+movementSubtype","Overhead push family; stability detail stays in secondary tags.","primaryStressProfile|secondaryStressTags|tendonStressTags|ligamentJointStabilityStressTags|jointImpactStressTags|cognitiveStressTags|sportContextTags|recoveryDecayProfile|stressMagnitudeHint","primaryStressProfile|secondaryStressTags|tendonStressTags|ligamentJointStabilityStressTags|jointImpactStressTags|cognitiveStressTags|sportContextTags|recoveryDecayProfile|stressMagnitudeHint","","OVERHEAD_PUSH_STRESS","MEDIUM","MODERATE","NO"
"농구","ex_1a4858d7","OTHER_SPORT_SESSION_RECORDS_REVIEW","NEEDS_SUBTYPE_REVIEW","NOT_PROGRAM_SELECTABLE","BLOCKED_FOR_STRESS_BACKFILL","movementFamily","Other-sport session load cannot be reduced safely to one approved primary stress profile without sport/session intensity rules.","primaryStressProfile|secondaryStressTags|tendonStressTags|ligamentJointStabilityStressTags|jointImpactStressTags|recoveryDecayProfile|stressMagnitudeHint","","primaryStressProfile|secondaryStressTags|tendonStressTags|ligamentJointStabilityStressTags|jointImpactStressTags|recoveryDecayProfile|stressMagnitudeHint","","","","NO"
"러닝 풋살","ex_aca9d312","OTHER_SPORT_SESSION_RECORDS_REVIEW","NEEDS_SUBTYPE_REVIEW","NOT_PROGRAM_SELECTABLE","BLOCKED_FOR_STRESS_BACKFILL","movementFamily","Other-sport session load cannot be reduced safely to one approved primary stress profile without sport/session intensity rules.","primaryStressProfile|secondaryStressTags|tendonStressTags|ligamentJointStabilityStressTags|jointImpactStressTags|recoveryDecayProfile|stressMagnitudeHint","","primaryStressProfile|secondaryStressTags|tendonStressTags|ligamentJointStabilityStressTags|jointImpactStressTags|recoveryDecayProfile|stressMagnitudeHint","","","","NO"
"배드민턴","ex_ae9ecdbc","BADMINTON_SESSION_SPORT_RECORDS","BADMINTON_SESSION","NOT_PROGRAM_SELECTABLE","DERIVED_FROM_MOVEMENT_FAMILY","movementFamily+movementSubtype","Badminton session is a court-movement record; magnitude remains conservative without duration/intensity input.","primaryStressProfile|secondaryStressTags|tendonStressTags|ligamentJointStabilityStressTags|jointImpactStressTags|recoveryDecayProfile|stressMagnitudeHint","primaryStressProfile|secondaryStressTags|tendonStressTags|ligamentJointStabilityStressTags|jointImpactStressTags|recoveryDecayProfile|stressMagnitudeHint","","COURT_SPORT_MOVEMENT_STRESS","MEDIUM","MODERATE","NO"
"배드민턴 레슨","ex_badminton_lesson","BADMINTON_SESSION_SPORT_RECORDS","BADMINTON_LESSON","NOT_PROGRAM_SELECTABLE","DERIVED_FROM_MOVEMENT_FAMILY","movementFamily+movementSubtype","Lesson subtype prioritizes skill/cognitive load while preserving court stress tags.","primaryStressProfile|secondaryStressTags|tendonStressTags|ligamentJointStabilityStressTags|jointImpactStressTags|recoveryDecayProfile|stressMagnitudeHint","primaryStressProfile|secondaryStressTags|tendonStressTags|ligamentJointStabilityStressTags|jointImpactStressTags|recoveryDecayProfile|stressMagnitudeHint","","COURT_SKILL_COGNITIVE_STRESS","MEDIUM","MODERATE","NO"
"축구","ex_1a4bbdcf","OTHER_SPORT_SESSION_RECORDS_REVIEW","NEEDS_SUBTYPE_REVIEW","NOT_PROGRAM_SELECTABLE","BLOCKED_FOR_STRESS_BACKFILL","movementFamily","Other-sport session load cannot be reduced safely to one approved primary stress profile without sport/session intensity rules.","primaryStressProfile|secondaryStressTags|tendonStressTags|ligamentJointStabilityStressTags|jointImpactStressTags|recoveryDecayProfile|stressMagnitudeHint","","primaryStressProfile|secondaryStressTags|tendonStressTags|ligamentJointStabilityStressTags|jointImpactStressTags|recoveryDecayProfile|stressMagnitudeHint","","","","NO"
"테니스","ex_2f3b56d0","OTHER_SPORT_SESSION_RECORDS_REVIEW","NEEDS_SUBTYPE_REVIEW","NOT_PROGRAM_SELECTABLE","BLOCKED_FOR_STRESS_BACKFILL","movementFamily","Other-sport session load cannot be reduced safely to one approved primary stress profile without sport/session intensity rules.","primaryStressProfile|secondaryStressTags|tendonStressTags|ligamentJointStabilityStressTags|jointImpactStressTags|recoveryDecayProfile|stressMagnitudeHint","","primaryStressProfile|secondaryStressTags|tendonStressTags|ligamentJointStabilityStressTags|jointImpactStressTags|recoveryDecayProfile|stressMagnitudeHint","","","","NO"
"계단 오르기","ex_74c2d13b","CARDIO_RECORDS","","CONDITIONING","DERIVED_FROM_MOVEMENT_FAMILY","movementFamily+proposedFatigueProfile","General cardio record; duration/intensity remains external to taxonomy.","primaryStressProfile|secondaryStressTags|tendonStressTags|ligamentJointStabilityStressTags|jointImpactStressTags|cognitiveStressTags|sportContextTags|recoveryDecayProfile|stressMagnitudeHint","primaryStressProfile|secondaryStressTags|tendonStressTags|ligamentJointStabilityStressTags|jointImpactStressTags|cognitiveStressTags|sportContextTags|recoveryDecayProfile|stressMagnitudeHint","","CARDIO_CONDITIONING_STRESS","MEDIUM","MODERATE","NO"
"러닝","ex_681d9ed2","CARDIO_RECORDS","","CONDITIONING","DERIVED_FROM_MOVEMENT_FAMILY","movementFamily+proposedFatigueProfile","General cardio record; duration/intensity remains external to taxonomy.","primaryStressProfile|secondaryStressTags|tendonStressTags|ligamentJointStabilityStressTags|jointImpactStressTags|cognitiveStressTags|sportContextTags|recoveryDecayProfile|stressMagnitudeHint","primaryStressProfile|secondaryStressTags|tendonStressTags|ligamentJointStabilityStressTags|jointImpactStressTags|cognitiveStressTags|sportContextTags|recoveryDecayProfile|stressMagnitudeHint","","CARDIO_CONDITIONING_STRESS","MEDIUM","MODERATE","NO"
"로잉머신","ex_d7c90536","CARDIO_RECORDS","","CONDITIONING","DERIVED_FROM_MOVEMENT_FAMILY","movementFamily+proposedFatigueProfile","General cardio record; duration/intensity remains external to taxonomy.","primaryStressProfile|secondaryStressTags|tendonStressTags|ligamentJointStabilityStressTags|jointImpactStressTags|cognitiveStressTags|sportContextTags|recoveryDecayProfile|stressMagnitudeHint","primaryStressProfile|secondaryStressTags|tendonStressTags|ligamentJointStabilityStressTags|jointImpactStressTags|cognitiveStressTags|sportContextTags|recoveryDecayProfile|stressMagnitudeHint","","CARDIO_CONDITIONING_STRESS","MEDIUM","MODERATE","NO"
"수영","ex_681eed4a","CARDIO_RECORDS","","CONDITIONING","DERIVED_FROM_MOVEMENT_FAMILY","movementFamily+proposedFatigueProfile","General cardio record; duration/intensity remains external to taxonomy.","primaryStressProfile|secondaryStressTags|tendonStressTags|ligamentJointStabilityStressTags|jointImpactStressTags|cognitiveStressTags|sportContextTags|recoveryDecayProfile|stressMagnitudeHint","primaryStressProfile|secondaryStressTags|tendonStressTags|ligamentJointStabilityStressTags|jointImpactStressTags|cognitiveStressTags|sportContextTags|recoveryDecayProfile|stressMagnitudeHint","","CARDIO_CONDITIONING_STRESS","MEDIUM","MODERATE","NO"
"실내 자전거","ex_ab918e2b","CARDIO_RECORDS","","CONDITIONING","DERIVED_FROM_MOVEMENT_FAMILY","movementFamily+proposedFatigueProfile","General cardio record; duration/intensity remains external to taxonomy.","primaryStressProfile|secondaryStressTags|tendonStressTags|ligamentJointStabilityStressTags|jointImpactStressTags|cognitiveStressTags|sportContextTags|recoveryDecayProfile|stressMagnitudeHint","primaryStressProfile|secondaryStressTags|tendonStressTags|ligamentJointStabilityStressTags|jointImpactStressTags|cognitiveStressTags|sportContextTags|recoveryDecayProfile|stressMagnitudeHint","","CARDIO_CONDITIONING_STRESS","MEDIUM","MODERATE","NO"
"인터벌 러닝","ex_faae2044","CARDIO_RECORDS","","CONDITIONING","DERIVED_FROM_MOVEMENT_FAMILY","movementFamily+proposedFatigueProfile","General cardio record; duration/intensity remains external to taxonomy.","primaryStressProfile|secondaryStressTags|tendonStressTags|ligamentJointStabilityStressTags|jointImpactStressTags|cognitiveStressTags|sportContextTags|recoveryDecayProfile|stressMagnitudeHint","primaryStressProfile|secondaryStressTags|tendonStressTags|ligamentJointStabilityStressTags|jointImpactStressTags|cognitiveStressTags|sportContextTags|recoveryDecayProfile|stressMagnitudeHint","","CARDIO_CONDITIONING_STRESS","LONG","HIGH","NO"
